load_id,origin_location_id,destination_location_id,origin_city,destination_city,trailer_type,commodity,weight_lbs,hazmat,pickup_earliest,pickup_latest,delivery_earliest,delivery_latest,loaded_miles,rate_usd,priority,status,cancel_probability
LD00321,L093,L303,"Houston, TX","Oklahoma City, OK",reefer,dairy,41366,False,2026-10-12T00:00,2026-10-12T08:00,2026-10-12T13:00,2026-10-12T19:00,557.6,1920.06,high,tendered,0.024
LD03183,L456,L341,"Memphis, TN","Charlotte, NC",dry_van,consumer goods,19632,False,2026-10-12T00:00,2026-10-12T08:00,2026-10-13T02:00,2026-10-13T08:00,633.8,1622.02,standard,tendered,0.128
LD01526,L368,L232,"Oklahoma City, OK","San Antonio, TX",dry_van,paper products,19517,True,2026-10-12T00:30,2026-10-12T08:30,2026-10-12T12:30,2026-10-12T20:30,466.8,1301.4,high,accepted,0.248
LD02870,L423,L440,"St. Louis, MO","Memphis, TN",dry_van,auto parts,14507,False,2026-10-12T00:45,2026-10-12T02:45,2026-10-12T07:45,2026-10-12T19:45,284.8,894.21,standard,tendered,0.02
LD04036,L305,L497,"Los Angeles, CA","Memphis, TN",flatbed,building materials,30695,False,2026-10-12T00:45,2026-10-12T06:45,2026-10-14T19:45,2026-10-15T03:45,1920.8,4807.96,standard,tentative,0.046
LD03389,L452,L464,"Chicago, IL","Louisville, KY",reefer,pharmaceuticals,11278,False,2026-10-12T01:00,2026-10-12T09:00,2026-10-12T08:00,2026-10-13T08:00,323.3,1136.25,standard,tendered,0.113
LD00759,L061,L394,"Charlotte, NC","Minneapolis, MN",dry_van,retail,38758,False,2026-10-12T01:30,2026-10-12T05:30,2026-10-13T10:30,2026-10-13T22:30,1136.8,2913.25,standard,accepted,0.066
LD00884,L170,L141,"San Antonio, TX","Oklahoma City, OK",dry_van,consumer goods,26457,False,2026-10-12T01:30,2026-10-12T09:30,2026-10-12T14:30,2026-10-13T02:30,541.2,1374.07,high,tendered,0.073
LD03111,L378,L463,"Kansas City, MO","Indianapolis, IN",dry_van,paper products,27375,False,2026-10-12T01:30,2026-10-12T03:30,2026-10-12T12:30,2026-10-12T20:30,539.7,1404.64,high,tendered,0.02
LD04105,L135,L061,"Dallas, TX","Charlotte, NC",dry_van,beverages,34969,False,2026-10-12T01:30,2026-10-12T05:30,2026-10-13T09:30,2026-10-13T17:30,1113.8,2800.71,standard,tendered,0.049
LD04381,L139,L217,"Jacksonville, FL","Charlotte, NC",flatbed,steel,31197,False,2026-10-12T01:30,2026-10-12T03:30,2026-10-12T11:30,2026-10-12T17:30,422.9,1362.8,standard,tendered,0.012
LD02913,L093,L133,"Houston, TX","Dallas, TX",dry_van,electronics,28306,False,2026-10-12T01:45,2026-10-12T09:45,2026-10-12T10:45,2026-10-12T16:45,309.0,898.03,standard,tendered,0.276
LD00350,L438,L234,"Dallas, TX","Phoenix, AZ",dry_van,consumer goods,34735,False,2026-10-12T02:00,2026-10-12T10:00,2026-10-13T10:00,2026-10-13T16:00,1099.8,2546.77,standard,tendered,0.006
LD04034,L145,L257,"Newark, NJ","Columbus, OH",dry_van,retail,39229,False,2026-10-12T02:00,2026-10-12T04:00,2026-10-12T14:00,2026-10-13T14:00,591.7,1522.53,high,tentative,0.001
LD04787,L046,L485,"Louisville, KY","Nashville, TN",dry_van,beverages,15772,False,2026-10-12T02:00,2026-10-12T06:00,2026-10-12T08:00,2026-10-12T16:00,183.0,716.28,standard,accepted,0.043
LD04902,L453,L409,"Houston, TX","Columbus, OH",dry_van,beverages,43078,False,2026-10-12T02:00,2026-10-12T04:00,2026-10-13T11:00,2026-10-14T11:00,1189.7,2698.13,standard,tendered,0.03
LD01361,L208,L231,"Oklahoma City, OK","El Paso, TX",dry_van,auto parts,18030,False,2026-10-12T02:15,2026-10-12T04:15,2026-10-13T02:15,2026-10-13T10:15,675.2,1748.65,critical,tentative,0.028
LD02585,L344,L310,"Laredo, TX","El Paso, TX",dry_van,retail,38056,False,2026-10-12T02:15,2026-10-12T06:15,2026-10-12T15:15,2026-10-12T21:15,580.9,1662.84,standard,accepted,0.007
LD01383,L372,L091,"Dallas, TX","Columbus, OH",flatbed,steel,19153,False,2026-10-12T02:30,2026-10-12T04:30,2026-10-13T10:30,2026-10-13T14:30,1066.0,2740.36,standard,tendered,0.036
LD03633,L208,L357,"Oklahoma City, OK","Indianapolis, IN",dry_van,auto parts,33592,False,2026-10-12T02:30,2026-10-12T08:30,2026-10-13T06:30,2026-10-13T12:30,854.6,1939.77,standard,accepted,0.102
LD00138,L148,L115,"Houston, TX","Miami, FL",reefer,produce,35611,False,2026-10-12T02:45,2026-10-12T06:45,2026-10-13T12:45,2026-10-14T00:45,1191.9,3553.13,standard,accepted,0.026
LD02167,L414,L195,"Memphis, TN","Little Rock, AR",dry_van,consumer goods,22480,False,2026-10-12T02:45,2026-10-12T04:45,2026-10-12T08:45,2026-10-12T16:45,178.4,663.33,standard,accepted,0.022
LD00209,L451,L201,"Louisville, KY","Dallas, TX",flatbed,lumber,19540,False,2026-10-12T03:15,2026-10-12T09:15,2026-10-13T07:15,2026-10-13T11:15,839.8,2150.53,high,tentative,0.033
LD03434,L208,L041,"Oklahoma City, OK","Dallas, TX",dry_van,retail,30166,False,2026-10-12T03:15,2026-10-12T05:15,2026-10-12T09:15,2026-10-13T09:15,231.0,851.19,standard,accepted,0.064
LD00341,L086,L481,"Memphis, TN","Little Rock, AR",dry_van,retail,43689,False,2026-10-12T03:30,2026-10-12T09:30,2026-10-12T07:30,2026-10-13T07:30,125.4,589.21,standard,tendered,0.05
LD03907,L086,L398,"Memphis, TN","Jacksonville, FL",dry_van,paper products,17968,False,2026-10-12T03:30,2026-10-12T05:30,2026-10-13T04:30,2026-10-13T08:30,743.1,2066.7,standard,tendered,0.075
LD00058,L483,L395,"St. Louis, MO","Austin, TX",dry_van,electronics,24030,False,2026-10-12T03:45,2026-10-12T05:45,2026-10-13T06:45,2026-10-14T06:45,826.3,2249.41,standard,accepted,0.094
LD01330,L343,L198,"Louisville, KY","Minneapolis, MN",dry_van,consumer goods,32666,False,2026-10-12T03:45,2026-10-12T11:45,2026-10-13T06:45,2026-10-14T06:45,700.6,1936.32,high,accepted,0.076
LD02761,L241,L142,"Indianapolis, IN","Atlanta, GA",dry_van,retail,30723,False,2026-10-12T03:45,2026-10-12T07:45,2026-10-12T16:45,2026-10-13T16:45,505.9,1276.6,high,tendered,0.005
LD03064,L079,L210,"Indianapolis, IN","Detroit, MI",dry_van,electronics,33388,False,2026-10-12T03:45,2026-10-12T05:45,2026-10-12T11:45,2026-10-13T11:45,306.7,970.18,standard,tentative,0.001
LD04887,L185,L341,"Newark, NJ","Charlotte, NC",dry_van,paper products,33523,False,2026-10-12T03:45,2026-10-12T11:45,2026-10-13T03:45,2026-10-13T11:45,618.5,1722.02,high,tendered,0.087
LD01449,L062,L082,"Laredo, TX","Phoenix, AZ",dry_van,paper products,34141,False,2026-10-12T04:15,2026-10-12T06:15,2026-10-13T12:15,2026-10-14T12:15,1012.1,2697.93,standard,accepted,0.083
LD04937,L423,L468,"St. Louis, MO","Newark, NJ",reefer,pharmaceuticals,25255,False,2026-10-12T04:15,2026-10-12T08:15,2026-10-13T11:15,2026-10-13T19:15,1046.6,3285.91,standard,tendered,0.078
LD00627,L305,L310,"Los Angeles, CA","El Paso, TX",flatbed,steel,24661,False,2026-10-12T04:30,2026-10-12T12:30,2026-10-13T07:30,2026-10-14T07:30,838.4,2521.09,standard,accepted,0.189
LD01721,L054,L322,"Austin, TX","Kansas City, MO",dry_van,electronics,25292,False,2026-10-12T04:30,2026-10-12T10:30,2026-10-13T06:30,2026-10-13T12:30,799.0,1936.6,high,accepted,0.025
LD02261,L045,L146,"Oklahoma City, OK","Detroit, MI",dry_van,retail,39465,False,2026-10-12T04:30,2026-10-12T10:30,2026-10-13T13:30,2026-10-13T17:30,1055.2,2500.12,standard,tendered,0.144
LD03926,L359,L380,"Orlando, FL","Birmingham, AL",dry_van,beverages,24285,False,2026-10-12T04:30,2026-10-12T06:30,2026-10-12T16:30,2026-10-13T16:30,562.8,1718.67,standard,accepted,0.072
LD00010,L342,L306,"Chicago, IL","Dallas, TX",dry_van,consumer goods,35904,False,2026-10-12T04:45,2026-10-12T06:45,2026-10-13T09:45,2026-10-13T17:45,949.2,2174.11,standard,tendered,0.066
LD00621,L372,L334,"Dallas, TX","Chicago, IL",dry_van,paper products,35902,False,2026-10-12T04:45,2026-10-12T12:45,2026-10-13T09:45,2026-10-13T13:45,938.5,2425.08,standard,tendered,0.059
LD00969,L444,L337,"Phoenix, AZ","Laredo, TX",dry_van,beverages,41119,False,2026-10-12T04:45,2026-10-12T08:45,2026-10-13T11:45,2026-10-13T19:45,999.2,2859.05,standard,tendered,0.013
LD00288,L376,L384,"Chicago, IL","Minneapolis, MN",reefer,meat,22249,False,2026-10-12T05:00,2026-10-12T07:00,2026-10-12T15:00,2026-10-12T21:00,406.0,1404.47,standard,tendered,0.006
LD01661,L104,L357,"Nashville, TN","Indianapolis, IN",reefer,pharmaceuticals,31510,False,2026-10-12T05:00,2026-10-12T07:00,2026-10-12T14:00,2026-10-12T20:00,321.3,1080.34,standard,tendered,0.097
LD02091,L324,L267,"Houston, TX","Indianapolis, IN",dry_van,consumer goods,39343,False,2026-10-12T05:00,2026-10-12T07:00,2026-10-13T11:00,2026-10-13T15:00,1005.2,2629.53,standard,accepted,0.112
LD02178,L335,L164,"Los Angeles, CA","San Antonio, TX",dry_van,auto parts,40560,False,2026-10-12T05:00,2026-10-12T07:00,2026-10-14T07:00,2026-10-14T11:00,1463.8,3192.45,standard,accepted,0.091
LD02995,L380,L047,"Birmingham, AL","El Paso, TX",dry_van,retail,34452,False,2026-10-12T05:00,2026-10-12T07:00,2026-10-14T06:00,2026-10-15T06:00,1384.3,3092.04,standard,accepted,0.081
LD03047,L424,L176,"Austin, TX","Denver, CO",dry_van,consumer goods,38063,False,2026-10-12T05:00,2026-10-12T11:00,2026-10-13T10:00,2026-10-13T16:00,937.1,2154.48,standard,tendered,0.103
LD03301,L483,L248,"St. Louis, MO","Laredo, TX",dry_van,auto parts,19097,False,2026-10-12T05:00,2026-10-12T11:00,2026-10-13T13:00,2026-10-13T17:00,1116.0,2541.33,standard,tentative,0.007
LD03753,L437,L144,"Laredo, TX","San Antonio, TX",dry_van,electronics,23514,False,2026-10-12T05:00,2026-10-12T09:00,2026-10-12T11:00,2026-10-12T15:00,144.1,588.37,standard,tendered,0.006
LD03971,L136,L481,"San Antonio, TX","Little Rock, AR",dry_van,consumer goods,42379,False,2026-10-12T05:00,2026-10-12T09:00,2026-10-13T05:00,2026-10-14T05:00,648.8,1803.69,standard,tendered,0.026
LD04339,L079,L249,"Indianapolis, IN","Little Rock, AR",dry_van,paper products,36687,False,2026-10-12T05:00,2026-10-12T09:00,2026-10-12T17:00,2026-10-13T17:00,559.7,1522.2,standard,accepted,0.006
LD00882,L334,L114,"Chicago, IL","Dallas, TX",dry_van,electronics,28103,False,2026-10-12T05:15,2026-10-12T07:15,2026-10-13T12:15,2026-10-14T00:15,952.4,2245.56,high,tendered,0.043
LD01137,L335,L439,"Los Angeles, CA","Oklahoma City, OK",dry_van,consumer goods,36730,False,2026-10-12T05:15,2026-10-12T07:15,2026-10-14T06:15,2026-10-14T14:15,1431.2,3466.54,critical,accepted,0.043
LD01236,L334,L270,"Chicago, IL","Detroit, MI",dry_van,paper products,37619,False,2026-10-12T05:15,2026-10-12T11:15,2026-10-12T13:15,2026-10-12T17:15,282.1,971.69,high,tendered,0.086
LD01246,L094,L476,"New Orleans, LA","Chicago, IL",reefer,pharmaceuticals,34712,False,2026-10-12T05:15,2026-10-12T09:15,2026-10-13T11:15,2026-10-13T19:15,984.5,2788.83,high,tendered,0.029
LD01342,L139,L373,"Jacksonville, FL","Atlanta, GA",dry_van,auto parts,20242,False,2026-10-12T05:15,2026-10-12T13:15,2026-10-12T13:15,2026-10-13T01:15,346.5,1144.32,standard,tendered,0.029
LD01606,L118,L404,"Houston, TX","Kansas City, MO",reefer,dairy,24582,False,2026-10-12T05:15,2026-10-12T11:15,2026-10-13T08:15,2026-10-13T20:15,792.1,2294.4,standard,accepted,0.246
LD01795,L093,L487,"Houston, TX","Dallas, TX",dry_van,auto parts,35993,False,2026-10-12T05:15,2026-10-12T07:15,2026-10-12T14:15,2026-10-13T02:15,309.4,910.62,high,tendered,0.032
LD01984,L083,L287,"Indianapolis, IN","Atlanta, GA",dry_van,retail,39666,False,2026-10-12T05:15,2026-10-12T07:15,2026-10-12T17:15,2026-10-12T21:15,531.4,1368.86,standard,tentative,0.022
LD02295,L075,L479,"Chicago, IL","San Antonio, TX",reefer,pharmaceuticals,20551,False,2026-10-12T05:15,2026-10-12T07:15,2026-10-14T02:15,2026-10-15T02:15,1258.9,3728.07,standard,tendered,0.01
LD02559,L319,L471,"Chicago, IL","Charlotte, NC",dry_van,consumer goods,24884,False,2026-10-12T05:15,2026-10-12T07:15,2026-10-13T06:15,2026-10-13T18:15,703.6,1690.25,standard,tendered,0.068
LD00060,L061,L413,"Charlotte, NC","Kansas City, MO",dry_van,electronics,24577,False,2026-10-12T05:30,2026-10-12T13:30,2026-10-13T11:30,2026-10-14T11:30,990.5,2675.85,standard,accepted,0.075
LD00104,L129,L318,"New Orleans, LA","Memphis, TN",reefer,dairy,33350,False,2026-10-12T05:30,2026-10-12T07:30,2026-10-12T15:30,2026-10-13T03:30,436.2,1479.7,standard,tendered,0.043
LD01293,L142,L330,"Atlanta, GA","Kansas City, MO",flatbed,building materials,32184,False,2026-10-12T05:30,2026-10-12T09:30,2026-10-13T10:30,2026-10-13T22:30,838.0,2218.54,standard,tendered,0.075
LD02551,L080,L455,"Denver, CO","Los Angeles, CA",flatbed,building materials,23746,False,2026-10-12T05:30,2026-10-12T07:30,2026-10-13T11:30,2026-10-13T23:30,1022.9,2945.44,standard,tendered,0.011
LD02557,L280,L229,"Kansas City, MO","Denver, CO",dry_van,electronics,24729,False,2026-10-12T05:30,2026-10-12T07:30,2026-10-13T06:30,2026-10-13T14:30,641.2,1727.33,standard,tendered,0.097
LD02791,L073,L500,"Laredo, TX","Los Angeles, CA",reefer,dairy,34745,False,2026-10-12T05:30,2026-10-12T07:30,2026-10-14T07:30,2026-10-14T13:30,1430.1,3650.31,standard,accepted,0.121
LD03367,L179,L480,"Los Angeles, CA","Birmingham, AL",dry_van,beverages,25952,False,2026-10-12T05:30,2026-10-12T09:30,2026-10-15T04:30,2026-10-15T10:30,2175.0,4959.41,standard,accepted,0.068
LD04207,L274,L322,"St. Louis, MO","Kansas City, MO",dry_van,auto parts,26103,False,2026-10-12T05:30,2026-10-12T13:30,2026-10-12T13:30,2026-10-12T17:30,301.0,1004.17,standard,tendered,0.215
LD04447,L069,L443,"Los Angeles, CA","Minneapolis, MN",flatbed,pipe,44110,False,2026-10-12T05:30,2026-10-12T11:30,2026-10-15T00:30,2026-10-15T04:30,1856.4,4705.05,standard,tendered,0.049
LD04539,L405,L424,"St. Louis, MO","Austin, TX",dry_van,paper products,39403,False,2026-10-12T05:30,2026-10-12T13:30,2026-10-13T10:30,2026-10-13T14:30,904.6,2357.2,high,tendered,0.056
LD04637,L450,L306,"Indianapolis, IN","Dallas, TX",dry_van,auto parts,36227,False,2026-10-12T05:30,2026-10-12T11:30,2026-10-13T11:30,2026-10-13T19:30,944.7,2183.44,standard,accepted,0.034
LD02219,L099,L310,"Dallas, TX","El Paso, TX",flatbed,building materials,46204,False,2026-10-12T05:45,2026-10-12T11:45,2026-10-13T05:45,2026-10-13T13:45,669.2,2132.51,standard,tentative,0.16
LD02991,L142,L315,"Atlanta, GA","Harrisburg, PA",reefer,produce,35517,False,2026-10-12T05:45,2026-10-12T07:45,2026-10-13T07:45,2026-10-13T19:45,701.7,2343.23,high,tendered,0.029
LD03891,L271,L248,"Austin, TX","Laredo, TX",dry_van,auto parts,20133,False,2026-10-12T05:45,2026-10-12T09:45,2026-10-12T13:45,2026-10-13T01:45,253.1,818.62,standard,tendered,0.047
LD00565,L424,L402,"Austin, TX","Miami, FL",dry_van,consumer goods,41370,False,2026-10-12T06:00,2026-10-12T08:00,2026-10-14T05:00,2026-10-14T11:00,1363.1,2894.08,standard,tendered,0.068
LD00864,L335,L310,"Los Angeles, CA","El Paso, TX",dry_van,auto parts,24488,True,2026-10-12T06:00,2026-10-12T08:00,2026-10-13T11:00,2026-10-13T17:00,866.4,2369.87,standard,accepted,0.053
LD00915,L138,L067,"Little Rock, AR","Houston, TX",reefer,meat,27979,False,2026-10-12T06:00,2026-10-12T08:00,2026-10-12T16:00,2026-10-13T04:00,445.7,1637.46,standard,tendered,0.14
LD01039,L348,L234,"Los Angeles, CA","Phoenix, AZ",dry_van,beverages,16645,False,2026-10-12T06:00,2026-10-12T10:00,2026-10-12T16:00,2026-10-13T16:00,439.1,1356.82,high,accepted,0.046
LD02090,L075,L487,"Chicago, IL","Dallas, TX",dry_van,beverages,15689,False,2026-10-12T06:00,2026-10-12T08:00,2026-10-13T12:00,2026-10-13T20:00,977.8,2180.35,standard,tendered,0.04
LD02370,L424,L348,"Austin, TX","Los Angeles, CA",reefer,dairy,18530,False,2026-10-12T06:00,2026-10-12T14:00,2026-10-14T07:00,2026-10-14T13:00,1470.2,4000.38,standard,accepted,0.071
LD02428,L333,L087,"Miami, FL","Jacksonville, FL",dry_van,retail,15565,False,2026-10-12T06:00,2026-10-12T08:00,2026-10-12T17:00,2026-10-13T17:00,432.3,1379.65,standard,tendered,0.046
LD02600,L129,L183,"New Orleans, LA","Louisville, KY",reefer,dairy,34450,False,2026-10-12T06:00,2026-10-12T12:00,2026-10-13T09:00,2026-10-13T17:00,792.4,2115.23,standard,accepted,0.09
LD02658,L456,L329,"Memphis, TN","Los Angeles, CA",dry_van,electronics,43133,True,2026-10-12T06:00,2026-10-12T10:00,2026-10-15T03:00,2026-10-15T15:00,1912.6,4515.45,standard,accepted,0.055
LD02847,L069,L129,"Los Angeles, CA","New Orleans, LA",dry_van,beverages,36806,False,2026-10-12T06:00,2026-10-12T10:00,2026-10-15T05:00,2026-10-15T09:00,2045.4,5207.16,standard,tentative,0.069
LD04398,L373,L254,"Atlanta, GA","Chicago, IL",dry_van,consumer goods,35158,False,2026-10-12T06:00,2026-10-12T08:00,2026-10-13T08:00,2026-10-13T16:00,731.0,1701.91,standard,tendered,0.019
LD04632,L397,L061,"Laredo, TX","Charlotte, NC",flatbed,machinery,40281,False,2026-10-12T06:00,2026-10-12T14:00,2026-10-14T05:00,2026-10-14T09:00,1439.6,3612.97,standard,tentative,0.061
LD00189,L309,L470,"Phoenix, AZ","Los Angeles, CA",dry_van,consumer goods,21966,True,2026-10-12T06:15,2026-10-12T08:15,2026-10-12T17:15,2026-10-12T21:15,419.4,1300.91,standard,tendered,0.035
LD00242,L271,L353,"Austin, TX","Atlanta, GA",reefer,produce,39907,False,2026-10-12T06:15,2026-10-12T10:15,2026-10-13T13:15,2026-10-14T01:15,996.8,2995.01,standard,tendered,0.065
LD00508,L065,L279,"Miami, FL","Columbus, OH",dry_van,paper products,17757,False,2026-10-12T06:15,2026-10-12T14:15,2026-10-13T15:15,2026-10-14T03:15,1189.6,3638.32,standard,tentative,0.025
LD00792,L069,L328,"Los Angeles, CA","Austin, TX",dry_van,beverages,35680,False,2026-10-12T06:15,2026-10-12T12:15,2026-10-14T08:15,2026-10-14T16:15,1465.2,3671.19,standard,tendered,0.007
LD01816,L065,L336,"Miami, FL","Columbus, OH",dry_van,beverages,33708,False,2026-10-12T06:15,2026-10-12T08:15,2026-10-13T15:15,2026-10-14T15:15,1184.6,3241.33,standard,tentative,0.013
LD02547,L397,L140,"Laredo, TX","Kansas City, MO",dry_van,auto parts,34858,False,2026-10-12T06:15,2026-10-12T12:15,2026-10-13T11:15,2026-10-13T15:15,1005.3,2654.91,standard,tentative,0.04
LD04241,L376,L368,"Chicago, IL","Oklahoma City, OK",reefer,meat,27395,False,2026-10-12T06:15,2026-10-12T12:15,2026-10-13T10:15,2026-10-13T14:15,828.5,2713.89,standard,tendered,0.049
LD00264,L104,L316,"Nashville, TN","New Orleans, LA",dry_van,retail,19288,False,2026-10-12T06:30,2026-10-12T10:30,2026-10-12T19:30,2026-10-12T23:30,565.1,1427.02,standard,tendered,0.042
LD00690,L068,L097,"San Antonio, TX","Denver, CO",reefer,frozen food,33908,False,2026-10-12T06:30,2026-10-12T10:30,2026-10-13T12:30,2026-10-14T12:30,970.3,2806.07,standard,tendered,0.18
LD01951,L067,L114,"Houston, TX","Dallas, TX",dry_van,auto parts,36738,False,2026-10-12T06:30,2026-10-12T08:30,2026-10-12T14:30,2026-10-13T14:30,265.6,966.69,standard,tendered,0.103
LD02046,L112,L256,"Columbus, OH","Harrisburg, PA",dry_van,beverages,13355,False,2026-10-12T06:30,2026-10-12T14:30,2026-10-12T16:30,2026-10-12T20:30,384.9,1070.35,high,tentative,0.203
LD02704,L297,L263,"Jacksonville, FL","Nashville, TN",reefer,frozen food,20270,False,2026-10-12T06:30,2026-10-12T12:30,2026-10-12T19:30,2026-10-13T03:30,564.0,1688.77,standard,tendered,0.017
LD02750,L185,L110,"Newark, NJ","Dallas, TX",dry_van,electronics,28058,False,2026-10-12T06:30,2026-10-12T08:30,2026-10-14T10:30,2026-10-14T16:30,1621.8,3423.62,high,accepted,0.189
LD03169,L311,L497,"Los Angeles, CA","Memphis, TN",dry_van,consumer goods,33434,True,2026-10-12T06:30,2026-10-12T12:30,2026-10-15T02:30,2026-10-15T08:30,1956.1,4880.87,high,tendered,0.098
LD03227,L366,L170,"Newark, NJ","San Antonio, TX",dry_van,beverages,32211,False,2026-10-12T06:30,2026-10-12T10:30,2026-10-15T01:30,2026-10-15T09:30,1893.3,4350.29,standard,tendered,0.114
LD03962,L462,L237,"Indianapolis, IN","Nashville, TN",dry_van,auto parts,39327,False,2026-10-12T06:30,2026-10-12T08:30,2026-10-12T14:30,2026-10-12T18:30,313.1,1009.08,high,tendered,0.008
LD04167,L241,L383,"Indianapolis, IN","Charlotte, NC",flatbed,machinery,43775,False,2026-10-12T06:30,2026-10-12T08:30,2026-10-12T20:30,2026-10-13T02:30,530.3,1475.09,standard,tendered,0.008
LD00349,L127,L160,"Indianapolis, IN","San Antonio, TX",reefer,meat,25076,True,2026-10-12T06:45,2026-10-12T08:45,2026-10-13T15:45,2026-10-13T23:45,1178.8,3544.26,standard,tentative,0.083
LD00620,L068,L287,"San Antonio, TX","Atlanta, GA",dry_van,paper products,37726,True,2026-10-12T06:45,2026-10-12T14:45,2026-10-13T14:45,2026-10-14T14:45,1037.6,2365.81,standard,tendered,0.121
LD00852,L439,L485,"Oklahoma City, OK","Nashville, TN",dry_van,paper products,26233,False,2026-10-12T06:45,2026-10-12T08:45,2026-10-13T07:45,2026-10-13T19:45,727.6,1954.66,high,tentative,0.016
LD01869,L388,L275,"Louisville, KY","Atlanta, GA",dry_van,consumer goods,22507,False,2026-10-12T06:45,2026-10-12T08:45,2026-10-12T14:45,2026-10-13T02:45,385.2,1055.27,high,tendered,0.107
LD02700,L123,L229,"Los Angeles, CA","Denver, CO",dry_van,electronics,24058,False,2026-10-12T06:45,2026-10-12T14:45,2026-10-13T13:45,2026-10-14T13:45,1041.2,2277.19,standard,tendered,0.014
LD02703,L078,L482,"Louisville, KY","Orlando, FL",flatbed,building materials,41025,False,2026-10-12T06:45,2026-10-12T10:45,2026-10-13T10:45,2026-10-13T16:45,855.7,2246.85,standard,tendered,0.021
LD03840,L166,L279,"Atlanta, GA","Columbus, OH",reefer,pharmaceuticals,36320,False,2026-10-12T06:45,2026-10-12T12:45,2026-10-12T19:45,2026-10-13T01:45,533.1,1866.43,standard,tendered,0.082
LD03859,L485,L152,"Nashville, TN","Memphis, TN",dry_van,paper products,14955,False,2026-10-12T06:45,2026-10-12T10:45,2026-10-12T13:45,2026-10-12T19:45,222.1,844.29,standard,tentative,0.068
LD04274,L244,L412,"Dallas, TX","Memphis, TN",dry_van,retail,30645,False,2026-10-12T06:45,2026-10-12T10:45,2026-10-12T18:45,2026-10-13T00:45,504.3,1532.78,standard,tendered,0.055
LD00318,L385,L120,"Los Angeles, CA","Austin, TX",flatbed,building materials,32562,False,2026-10-12T07:00,2026-10-12T09:00,2026-10-14T08:00,2026-10-14T12:00,1468.5,3607.35,standard,tendered,0.025
LD00463,L070,L288,"Little Rock, AR","Miami, FL",dry_van,paper products,23392,False,2026-10-12T07:00,2026-10-12T13:00,2026-10-13T16:00,2026-10-14T00:00,1132.3,3060.86,standard,tentative,0.013
LD00568,L138,L066,"Little Rock, AR","Chicago, IL",dry_van,auto parts,30966,False,2026-10-12T07:00,2026-10-12T11:00,2026-10-13T07:00,2026-10-13T15:00,676.1,1744.96,high,accepted,0.044
LD01154,L489,L274,"Atlanta, GA","St. Louis, MO",dry_van,retail,31554,False,2026-10-12T07:00,2026-10-12T11:00,2026-10-12T20:00,2026-10-13T04:00,539.3,1557.49,standard,tentative,0.095
LD01184,L149,L201,"Jacksonville, FL","Dallas, TX",reefer,dairy,22647,False,2026-10-12T07:00,2026-10-12T09:00,2026-10-13T14:00,2026-10-13T20:00,1053.8,2949.04,standard,tendered,0.113
LD01427,L496,L055,"Jacksonville, FL","Louisville, KY",dry_van,auto parts,36028,False,2026-10-12T07:00,2026-10-12T11:00,2026-10-13T08:00,2026-10-13T14:00,724.7,2068.24,standard,tentative,0.061
LD01585,L466,L319,"Nashville, TN","Chicago, IL",flatbed,building materials,31179,False,2026-10-12T07:00,2026-10-12T11:00,2026-10-12T19:00,2026-10-13T03:00,501.3,1663.01,high,accepted,0.224
LD01698,L358,L441,"Newark, NJ","Columbus, OH",dry_van,retail,28580,False,2026-10-12T07:00,2026-10-12T11:00,2026-10-12T20:00,2026-10-13T00:00,571.4,1450.61,standard,tendered,0.051
LD01771,L400,L133,"Austin, TX","Dallas, TX",dry_van,consumer goods,14041,False,2026-10-12T07:00,2026-10-12T13:00,2026-10-12T12:00,2026-10-13T00:00,186.7,761.42,standard,accepted,0.013
LD01809,L412,L287,"Memphis, TN","Atlanta, GA",flatbed,pipe,41286,False,2026-10-12T07:00,2026-10-12T09:00,2026-10-12T16:00,2026-10-13T16:00,409.5,1354.47,high,accepted,0.011
LD01837,L346,L190,"Houston, TX","Oklahoma City, OK",dry_van,consumer goods,20155,False,2026-10-12T07:00,2026-10-12T09:00,2026-10-12T18:00,2026-10-13T18:00,519.3,1386.09,standard,tendered,0.136
LD02494,L205,L320,"Oklahoma City, OK","Atlanta, GA",dry_van,retail,22976,False,2026-10-12T07:00,2026-10-12T11:00,2026-10-13T12:00,2026-10-14T12:00,912.1,2089.84,standard,tentative,0.023
LD02715,L116,L298,"Charlotte, NC","Harrisburg, PA",dry_van,auto parts,32151,False,2026-10-12T07:00,2026-10-12T09:00,2026-10-12T19:00,2026-10-13T01:00,488.5,1418.39,standard,tendered,0.002
LD03133,L398,L306,"Jacksonville, FL","Dallas, TX",dry_van,consumer goods,36687,False,2026-10-12T07:00,2026-10-12T09:00,2026-10-13T17:00,2026-10-14T01:00,1136.1,2847.19,standard,tentative,0.102
LD03191,L481,L368,"Little Rock, AR","Oklahoma City, OK",dry_van,consumer goods,29544,False,2026-10-12T07:00,2026-10-12T09:00,2026-10-12T18:00,2026-10-13T02:00,399.9,1073.85,standard,accepted,0.103
LD03332,L166,L368,"Atlanta, GA","Oklahoma City, OK",dry_van,auto parts,26359,False,2026-10-12T07:00,2026-10-12T09:00,2026-10-13T13:00,2026-10-13T19:00,917.4,2343.08,critical,accepted,0.006
LD03533,L146,L070,"Detroit, MI","Little Rock, AR",dry_van,auto parts,23383,False,2026-10-12T07:00,2026-10-12T13:00,2026-10-13T11:00,2026-10-13T15:00,835.5,2018.97,standard,tentative,0.062
LD03707,L196,L129,"Indianapolis, IN","New Orleans, LA",dry_van,beverages,41198,False,2026-10-12T07:00,2026-10-12T09:00,2026-10-13T10:00,2026-10-13T22:00,866.9,2103.15,high,accepted,0.048
LD03851,L245,L061,"Nashville, TN","Charlotte, NC",dry_van,paper products,34070,False,2026-10-12T07:00,2026-10-12T11:00,2026-10-12T17:00,2026-10-13T01:00,441.7,1325.69,standard,tendered,0.005
LD03936,L103,L227,"Chicago, IL","Charlotte, NC",reefer,dairy,35129,False,2026-10-12T07:00,2026-10-12T09:00,2026-10-13T09:00,2026-10-13T13:00,723.5,1995.51,standard,accepted,0.084
LD04142,L112,L380,"Columbus, OH","Birmingham, AL",dry_van,consumer goods,38984,False,2026-10-12T07:00,2026-10-12T09:00,2026-10-12T20:00,2026-10-13T20:00,573.7,1628.94,standard,tendered,0.05
LD04407,L225,L457,"Chicago, IL","Dallas, TX",flatbed,lumber,20904,True,2026-10-12T07:00,2026-10-12T09:00,2026-10-13T13:00,2026-10-14T01:00,991.2,2565.71,standard,tendered,0.1
LD04709,L166,L392,"Atlanta, GA","Detroit, MI",dry_van,beverages,36850,False,2026-10-12T07:00,2026-10-12T09:00,2026-10-13T09:00,2026-10-13T17:00,737.1,1789.64,critical,tendered,0.105
LD04737,L142,L492,"Atlanta, GA","Charlotte, NC",dry_van,retail,33202,False,2026-10-12T07:00,2026-10-12T15:00,2026-10-12T15:00,2026-10-13T03:00,226.6,722.82,critical,tendered,0.049
LD00270,L220,L494,"Chicago, IL","Dallas, TX",dry_van,consumer goods,30802,False,2026-10-12T07:15,2026-10-12T09:15,2026-10-13T13:15,2026-10-13T19:15,943.1,2226.08,standard,tentative,0.046
LD00434,L493,L222,"Orlando, FL","Dallas, TX",dry_van,auto parts,20764,False,2026-10-12T07:15,2026-10-12T09:15,2026-10-13T17:15,2026-10-14T05:15,1178.3,3581.58,high,tentative,0.039
LD00603,L291,L222,"Houston, TX","Dallas, TX",dry_van,auto parts,43083,False,2026-10-12T07:15,2026-10-12T09:15,2026-10-12T13:15,2026-10-12T21:15,287.7,877.56,standard,accepted,0.053
LD01324,L346,L379,"Houston, TX","Laredo, TX",dry_van,retail,32734,False,2026-10-12T07:15,2026-10-12T13:15,2026-10-12T14:15,2026-10-12T22:15,320.0,951.06,standard,tendered,0.084
LD01788,L376,L147,"Chicago, IL","Columbus, OH",dry_van,retail,23540,False,2026-10-12T07:15,2026-10-12T09:15,2026-10-12T16:15,2026-10-13T00:15,359.9,1007.26,standard,accepted,0.027
LD02405,L277,L117,"Kansas City, MO","Chicago, IL",reefer,frozen food,12169,True,2026-10-12T07:15,2026-10-12T09:15,2026-10-12T19:15,2026-10-13T07:15,536.5,1600.09,standard,tendered,0.146
LD02650,L098,L267,"Houston, TX","Indianapolis, IN",dry_van,paper products,32556,False,2026-10-12T07:15,2026-10-12T15:15,2026-10-13T16:15,2026-10-14T04:15,1056.5,2707.2,standard,accepted,0.036
LD03315,L163,L048,"San Antonio, TX","Newark, NJ",dry_van,auto parts,26505,False,2026-10-12T07:15,2026-10-12T13:15,2026-10-15T02:15,2026-10-15T06:15,1887.6,4673.22,standard,accepted,0.024
LD03830,L073,L414,"Laredo, TX","Memphis, TN",dry_van,auto parts,29404,False,2026-10-12T07:15,2026-10-12T15:15,2026-10-13T15:15,2026-10-14T15:15,969.0,2501.19,standard,tentative,0.021
LD04095,L211,L269,"Jacksonville, FL","Harrisburg, PA",dry_van,auto parts,26773,False,2026-10-12T07:15,2026-10-12T15:15,2026-10-13T12:15,2026-10-13T20:15,910.0,2263.71,high,tendered,0.04
LD04212,L414,L133,"Memphis, TN","Dallas, TX",dry_van,paper products,38967,False,2026-10-12T07:15,2026-10-12T15:15,2026-10-12T19:15,2026-10-13T07:15,509.6,1334.49,standard,tendered,0.052
LD04248,L244,L140,"Dallas, TX","Kansas City, MO",dry_van,paper products,20474,False,2026-10-12T07:15,2026-10-12T09:15,2026-10-12T19:15,2026-10-13T01:15,543.7,1464.31,standard,tentative,0.036
LD00143,L211,L096,"Jacksonville, FL","Chicago, IL",flatbed,pipe,28286,False,2026-10-12T07:30,2026-10-12T09:30,2026-10-13T14:30,2026-10-14T02:30,1040.7,2617.02,high,tendered,0.15
LD01118,L146,L285,"Detroit, MI","Indianapolis, IN",flatbed,pipe,40387,False,2026-10-12T07:30,2026-10-12T13:30,2026-10-12T14:30,2026-10-12T22:30,217.2,821.11,standard,tendered,0.025
LD01729,L279,L309,"Columbus, OH","Phoenix, AZ",dry_van,beverages,41065,False,2026-10-12T07:30,2026-10-12T09:30,2026-10-15T04:30,2026-10-15T12:30,2014.6,4749.34,standard,accepted,0.126
LD01899,L162,L299,"Memphis, TN","Kansas City, MO",dry_van,paper products,41959,False,2026-10-12T07:30,2026-10-12T13:30,2026-10-12T18:30,2026-10-13T18:30,451.0,1251.34,high,tendered,0.004
LD02588,L324,L411,"Houston, TX","Austin, TX",reefer,frozen food,26363,False,2026-10-12T07:30,2026-10-12T11:30,2026-10-12T12:30,2026-10-13T12:30,201.1,837.1,standard,tendered,0.15
LD02660,L342,L079,"Chicago, IL","Indianapolis, IN",dry_van,beverages,36813,False,2026-10-12T07:30,2026-10-12T11:30,2026-10-12T11:30,2026-10-12T19:30,168.4,714.95,standard,accepted,0.081
LD03121,L255,L279,"Detroit, MI","Columbus, OH",flatbed,lumber,28778,False,2026-10-12T07:30,2026-10-12T11:30,2026-10-12T15:30,2026-10-12T23:30,211.5,805.94,standard,tendered,0.129
LD03681,L142,L334,"Atlanta, GA","Chicago, IL",dry_van,consumer goods,31875,False,2026-10-12T07:30,2026-10-12T13:30,2026-10-13T10:30,2026-10-13T16:30,719.7,1760.82,standard,tendered,0.173
LD04488,L418,L111,"Jacksonville, FL","Newark, NJ",reefer,frozen food,30108,False,2026-10-12T07:30,2026-10-12T15:30,2026-10-13T13:30,2026-10-13T19:30,1001.9,2696.57,critical,accepted,0.011
LD04605,L324,L154,"Houston, TX","Laredo, TX",dry_van,auto parts,13112,False,2026-10-12T07:30,2026-10-12T09:30,2026-10-12T16:30,2026-10-13T04:30,388.1,1089.35,standard,tendered,0.018
LD00325,L185,L156,"Newark, NJ","Charlotte, NC",dry_van,beverages,35970,False,2026-10-12T07:45,2026-10-12T11:45,2026-10-13T07:45,2026-10-13T15:45,616.8,1504.05,high,accepted,0.132
LD00353,L396,L487,"Little Rock, AR","Dallas, TX",dry_van,auto parts,16217,False,2026-10-12T07:45,2026-10-12T13:45,2026-10-12T16:45,2026-10-12T20:45,339.4,1139.19,standard,tendered,0.078
LD00456,L334,L087,"Chicago, IL","Jacksonville, FL",dry_van,electronics,33199,False,2026-10-12T07:45,2026-10-12T09:45,2026-10-13T15:45,2026-10-13T23:45,1042.1,2581.92,standard,tendered,0.026
LD00834,L255,L435,"Detroit, MI","Chicago, IL",flatbed,lumber,31334,False,2026-10-12T07:45,2026-10-12T15:45,2026-10-12T16:45,2026-10-13T16:45,289.6,1039.3,standard,tendered,0.039
LD00843,L166,L370,"Atlanta, GA","Orlando, FL",dry_van,electronics,16045,False,2026-10-12T07:45,2026-10-12T15:45,2026-10-12T19:45,2026-10-13T19:45,488.6,1245.88,standard,accepted,0.128
LD01425,L269,L330,"Harrisburg, PA","Kansas City, MO",dry_van,auto parts,21179,False,2026-10-12T07:45,2026-10-12T11:45,2026-10-13T18:45,2026-10-14T18:45,1147.8,2582.37,standard,accepted,0.028
LD01679,L072,L410,"Atlanta, GA","Louisville, KY",dry_van,consumer goods,32700,False,2026-10-12T07:45,2026-10-12T11:45,2026-10-12T17:45,2026-10-13T17:45,407.1,1209.05,standard,tendered,0.1
LD02745,L338,L356,"Dallas, TX","New Orleans, LA",dry_van,beverages,26561,False,2026-10-12T07:45,2026-10-12T11:45,2026-10-12T19:45,2026-10-13T07:45,554.9,1384.78,standard,accepted,0.011
LD03192,L142,L476,"Atlanta, GA","Chicago, IL",dry_van,paper products,41135,False,2026-10-12T07:45,2026-10-12T15:45,2026-10-13T09:45,2026-10-13T21:45,696.7,1808.62,standard,tendered,0.004
LD03409,L405,L190,"St. Louis, MO","Oklahoma City, OK",dry_van,auto parts,37084,False,2026-10-12T07:45,2026-10-12T11:45,2026-10-12T20:45,2026-10-13T08:45,567.1,1507.47,standard,accepted,0.062
LD03559,L337,L083,"Laredo, TX","Indianapolis, IN",dry_van,beverages,35459,False,2026-10-12T07:45,2026-10-12T11:45,2026-10-14T08:45,2026-10-14T12:45,1382.3,2920.04,standard,accepted,0.013
LD03897,L235,L295,"Louisville, KY","New Orleans, LA",dry_van,beverages,23334,True,2026-10-12T07:45,2026-10-12T13:45,2026-10-13T10:45,2026-10-13T16:45,725.0,1731.34,standard,tendered,0.002
LD04044,L199,L176,"Phoenix, AZ","Denver, CO",reefer,frozen food,26866,False,2026-10-12T07:45,2026-10-12T13:45,2026-10-13T08:45,2026-10-13T20:45,710.5,2216.01,standard,accepted,0.16
LD04089,L071,L141,"Dallas, TX","Oklahoma City, OK",dry_van,consumer goods,31228,False,2026-10-12T07:45,2026-10-12T09:45,2026-10-12T15:45,2026-10-12T21:45,237.2,757.66,standard,tendered,0.048
LD04131,L119,L102,"New Orleans, LA","Indianapolis, IN",dry_van,auto parts,18377,False,2026-10-12T07:45,2026-10-12T09:45,2026-10-13T11:45,2026-10-13T23:45,851.8,2391.01,standard,accepted,0.125
LD04750,L130,L077,"Memphis, TN","Jacksonville, FL",dry_van,retail,39691,False,2026-10-12T07:45,2026-10-12T13:45,2026-10-13T08:45,2026-10-13T14:45,694.2,1687.73,standard,accepted,0.034
LD00256,L094,L061,"New Orleans, LA","Charlotte, NC",dry_van,electronics,28487,False,2026-10-12T08:00,2026-10-12T10:00,2026-10-13T11:00,2026-10-13T19:00,784.4,2012.82,standard,tentative,0.056
LD00346,L076,L156,"Harrisburg, PA","Charlotte, NC",dry_van,paper products,36686,False,2026-10-12T08:00,2026-10-12T10:00,2026-10-12T19:00,2026-10-13T07:00,468.4,1358.99,standard,tendered,0.067
LD00499,L071,L424,"Dallas, TX","Austin, TX",dry_van,consumer goods,28715,False,2026-10-12T08:00,2026-10-12T12:00,2026-10-12T16:00,2026-10-13T00:00,270.5,930.77,standard,accepted,0.134
LD00524,L296,L142,"Louisville, KY","Atlanta, GA",dry_van,auto parts,37523,True,2026-10-12T08:00,2026-10-12T14:00,2026-10-12T17:00,2026-10-12T21:00,386.5,1080.2,standard,accepted,0.073
LD00611,L184,L079,"Newark, NJ","Indianapolis, IN",reefer,pharmaceuticals,37369,False,2026-10-12T08:00,2026-10-12T10:00,2026-10-13T11:00,2026-10-13T19:00,790.4,2488.31,high,tentative,0.146
LD00651,L442,L435,"St. Louis, MO","Chicago, IL",dry_van,consumer goods,17542,False,2026-10-12T08:00,2026-10-12T12:00,2026-10-12T16:00,2026-10-13T16:00,298.2,951.79,standard,tendered,0.191
LD00675,L074,L320,"Dallas, TX","Atlanta, GA",reefer,pharmaceuticals,27989,False,2026-10-12T08:00,2026-10-12T10:00,2026-10-13T12:00,2026-10-14T00:00,858.4,2818.08,standard,accepted,0.061
LD00962,L453,L144,"Houston, TX","San Antonio, TX",dry_van,beverages,35195,False,2026-10-12T08:00,2026-10-12T16:00,2026-10-12T14:00,2026-10-13T14:00,270.4,878.9,critical,accepted,0.056
LD01444,L498,L042,"Louisville, KY","Chicago, IL",flatbed,machinery,33583,False,2026-10-12T08:00,2026-10-12T10:00,2026-10-12T16:00,2026-10-12T20:00,311.2,1183.33,standard,tendered,0.0
LD01598,L269,L264,"Harrisburg, PA","Birmingham, AL",dry_van,retail,31026,False,2026-10-12T08:00,2026-10-12T12:00,2026-10-13T14:00,2026-10-13T22:00,889.5,1998.11,standard,tentative,0.154
LD02211,L070,L119,"Little Rock, AR","New Orleans, LA",reefer,meat,28972,False,2026-10-12T08:00,2026-10-12T14:00,2026-10-12T18:00,2026-10-13T18:00,416.0,1387.42,standard,tentative,0.071
LD02263,L196,L055,"Indianapolis, IN","Louisville, KY",dry_van,beverages,29148,False,2026-10-12T08:00,2026-10-12T14:00,2026-10-12T11:00,2026-10-12T17:00,86.2,449.82,standard,tendered,0.125
LD02418,L412,L256,"Memphis, TN","Harrisburg, PA",dry_van,auto parts,31606,False,2026-10-12T08:00,2026-10-12T16:00,2026-10-13T13:00,2026-10-14T01:00,950.4,2561.97,standard,accepted,0.144
LD02527,L167,L234,"Little Rock, AR","Phoenix, AZ",reefer,meat,34179,False,2026-10-12T08:00,2026-10-12T16:00,2026-10-14T07:00,2026-10-15T07:00,1325.5,3921.3,standard,accepted,0.034
LD02885,L334,L358,"Chicago, IL","Newark, NJ",reefer,pharmaceuticals,35618,False,2026-10-12T08:00,2026-10-12T10:00,2026-10-13T13:00,2026-10-14T01:00,857.2,2497.28,standard,tendered,0.002
LD03342,L491,L352,"Minneapolis, MN","Chicago, IL",reefer,meat,39972,False,2026-10-12T08:00,2026-10-12T14:00,2026-10-12T17:00,2026-10-13T17:00,428.2,1497.04,standard,tendered,0.044
LD03640,L412,L427,"Memphis, TN","Atlanta, GA",dry_van,auto parts,18780,False,2026-10-12T08:00,2026-10-12T12:00,2026-10-12T17:00,2026-10-12T21:00,428.6,1378.41,standard,tendered,0.12
LD04652,L129,L077,"New Orleans, LA","Jacksonville, FL",dry_van,beverages,38313,False,2026-10-12T08:00,2026-10-12T10:00,2026-10-12T21:00,2026-10-13T21:00,577.0,1611.55,standard,accepted,0.039
LD04805,L374,L102,"Newark, NJ","Indianapolis, IN",dry_van,electronics,36827,False,2026-10-12T08:00,2026-10-12T10:00,2026-10-13T10:00,2026-10-13T18:00,768.3,2168.69,standard,accepted,0.046
LD04876,L360,L236,"Columbus, OH","New Orleans, LA",flatbed,machinery,42356,False,2026-10-12T08:00,2026-10-12T14:00,2026-10-13T14:00,2026-10-14T02:00,954.7,2673.15,standard,accepted,0.0
LD00088,L289,L308,"Harrisburg, PA","Chicago, IL",reefer,pharmaceuticals,17724,False,2026-10-12T08:15,2026-10-12T10:15,2026-10-13T10:15,2026-10-13T16:15,666.4,2197.94,standard,accepted,0.01
LD00344,L250,L480,"Chicago, IL","Birmingham, AL",dry_van,paper products,29890,False,2026-10-12T08:15,2026-10-12T16:15,2026-10-13T08:15,2026-10-13T20:15,665.4,1694.37,standard,tendered,0.017
LD00363,L082,L373,"Phoenix, AZ","Atlanta, GA",dry_van,auto parts,30267,False,2026-10-12T08:15,2026-10-12T10:15,2026-10-15T02:15,2026-10-15T08:15,1898.8,4548.15,high,tendered,0.006
LD00541,L162,L443,"Memphis, TN","Minneapolis, MN",dry_van,beverages,23742,False,2026-10-12T08:15,2026-10-12T16:15,2026-10-13T12:15,2026-10-14T12:15,843.6,2349.2,standard,tentative,0.132
LD00644,L413,L215,"Kansas City, MO","Oklahoma City, OK",dry_van,paper products,34159,False,2026-10-12T08:15,2026-10-12T10:15,2026-10-12T17:15,2026-10-13T01:15,355.0,1064.22,standard,tendered,0.097
LD00803,L235,L125,"Louisville, KY","Dallas, TX",dry_van,consumer goods,24343,False,2026-10-12T08:15,2026-10-12T10:15,2026-10-13T13:15,2026-10-14T01:15,842.6,1968.18,standard,tendered,0.022
LD01121,L468,L189,"Newark, NJ","Harrisburg, PA",dry_van,consumer goods,29236,False,2026-10-12T08:15,2026-10-12T10:15,2026-10-12T13:15,2026-10-12T19:15,173.7,724.83,standard,accepted,0.134
LD01435,L290,L233,"New Orleans, LA","Miami, FL",dry_van,paper products,33895,False,2026-10-12T08:15,2026-10-12T14:15,2026-10-13T10:15,2026-10-13T16:15,785.3,2105.33,standard,accepted,0.037
LD01859,L078,L206,"Louisville, KY","Oklahoma City, OK",reefer,dairy,36022,False,2026-10-12T08:15,2026-10-12T12:15,2026-10-13T11:15,2026-10-13T17:15,807.0,2333.5,high,tendered,0.041
LD02604,L362,L229,"Houston, TX","Denver, CO",flatbed,steel,31946,False,2026-10-12T08:15,2026-10-12T14:15,2026-10-13T14:15,2026-10-14T14:15,1016.1,3076.04,standard,tentative,0.004
LD02663,L332,L367,"Indianapolis, IN","Atlanta, GA",reefer,pharmaceuticals,22536,False,2026-10-12T08:15,2026-10-12T16:15,2026-10-12T20:15,2026-10-13T02:15,504.5,1681.08,standard,tendered,0.11
LD02977,L245,L216,"Nashville, TN","San Antonio, TX",dry_van,auto parts,34251,False,2026-10-12T08:15,2026-10-12T16:15,2026-10-13T14:15,2026-10-13T20:15,983.8,2432.44,standard,tendered,0.071
LD03594,L118,L139,"Houston, TX","Jacksonville, FL",reefer,frozen food,41500,False,2026-10-12T08:15,2026-10-12T10:15,2026-10-13T14:15,2026-10-14T02:15,983.8,3020.48,standard,tendered,0.099
LD03735,L132,L481,"Miami, FL","Little Rock, AR",dry_van,paper products,41315,False,2026-10-12T08:15,2026-10-12T10:15,2026-10-13T17:15,2026-10-14T05:15,1143.2,3300.91,standard,accepted,0.069
LD03873,L246,L380,"Columbus, OH","Birmingham, AL",dry_van,beverages,23979,False,2026-10-12T08:15,2026-10-12T10:15,2026-10-12T21:15,2026-10-13T01:15,585.7,1565.47,standard,tendered,0.018
LD04748,L326,L500,"Denver, CO","Los Angeles, CA",dry_van,electronics,42804,False,2026-10-12T08:15,2026-10-12T14:15,2026-10-13T15:15,2026-10-13T21:15,981.9,2980.99,standard,accepted,0.021
LD04833,L103,L090,"Chicago, IL","Chicago, IL",dry_van,retail,39193,True,2026-10-12T08:15,2026-10-12T10:15,2026-10-12T11:15,2026-10-12T17:15,51.0,360.09,standard,tentative,0.055
LD00615,L271,L352,"Austin, TX","Chicago, IL",dry_van,auto parts,40932,False,2026-10-12T08:30,2026-10-12T16:30,2026-10-13T18:30,2026-10-13T22:30,1177.7,3144.76,high,tentative,0.22
LD00724,L448,L411,"St. Louis, MO","Austin, TX",dry_van,beverages,33288,False,2026-10-12T08:30,2026-10-12T10:30,2026-10-13T12:30,2026-10-14T00:30,860.3,2401.54,standard,tendered,0.144
LD00867,L099,L365,"Dallas, TX","Birmingham, AL",dry_van,auto parts,32912,False,2026-10-12T08:30,2026-10-12T12:30,2026-10-13T08:30,2026-10-13T16:30,696.0,1990.51,standard,tendered,0.15
LD00871,L400,L084,"Austin, TX","St. Louis, MO",dry_van,auto parts,26757,False,2026-10-12T08:30,2026-10-12T10:30,2026-10-13T11:30,2026-10-13T19:30,852.0,2152.41,standard,tentative,0.084
LD01033,L158,L306,"Atlanta, GA","Dallas, TX",dry_van,auto parts,39362,False,2026-10-12T08:30,2026-10-12T16:30,2026-10-13T12:30,2026-10-13T16:30,863.1,2188.96,high,accepted,0.01
LD01262,L459,L195,"Houston, TX","Little Rock, AR",flatbed,building materials,30154,False,2026-10-12T08:30,2026-10-12T10:30,2026-10-12T19:30,2026-10-13T01:30,439.5,1533.05,standard,tendered,0.045
LD01328,L414,L279,"Memphis, TN","Columbus, OH",dry_van,auto parts,38985,False,2026-10-12T08:30,2026-10-12T12:30,2026-10-12T21:30,2026-10-13T21:30,599.5,1518.62,standard,tendered,0.063
LD01826,L167,L303,"Little Rock, AR","Oklahoma City, OK",dry_van,consumer goods,23265,False,2026-10-12T08:30,2026-10-12T12:30,2026-10-12T16:30,2026-10-13T16:30,311.7,978.31,standard,tendered,0.0
LD02209,L400,L484,"Austin, TX","Indianapolis, IN",reefer,meat,40356,False,2026-10-12T08:30,2026-10-12T14:30,2026-10-13T15:30,2026-10-13T19:30,1083.3,2773.78,standard,accepted,0.168
LD02994,L338,L412,"Dallas, TX","Memphis, TN",reefer,pharmaceuticals,28531,False,2026-10-12T08:30,2026-10-12T10:30,2026-10-12T19:30,2026-10-13T01:30,515.9,1831.02,high,tendered,0.129
LD03124,L454,L319,"Houston, TX","Chicago, IL",reefer,pharmaceuticals,22064,False,2026-10-12T08:30,2026-10-12T10:30,2026-10-13T17:30,2026-10-13T23:30,1130.0,3081.75,high,accepted,0.007
LD03200,L462,L190,"Indianapolis, IN","Oklahoma City, OK",dry_van,paper products,36617,False,2026-10-12T08:30,2026-10-12T16:30,2026-10-13T11:30,2026-10-14T11:30,836.9,2164.63,standard,accepted,0.1
LD03251,L169,L256,"Charlotte, NC","Harrisburg, PA",flatbed,machinery,11627,False,2026-10-12T08:30,2026-10-12T10:30,2026-10-12T19:30,2026-10-13T07:30,467.9,1582.68,standard,accepted,0.046
LD03280,L180,L322,"New Orleans, LA","Kansas City, MO",flatbed,lumber,38367,False,2026-10-12T08:30,2026-10-12T12:30,2026-10-13T12:30,2026-10-14T12:30,831.2,2216.71,standard,tendered,0.052
LD03433,L082,L494,"Phoenix, AZ","Dallas, TX",dry_van,beverages,22567,False,2026-10-12T08:30,2026-10-12T10:30,2026-10-13T15:30,2026-10-14T15:30,1048.1,2873.45,critical,accepted,0.096
LD03492,L472,L142,"St. Louis, MO","Atlanta, GA",dry_van,beverages,24509,False,2026-10-12T08:30,2026-10-12T14:30,2026-10-12T22:30,2026-10-13T04:30,602.4,1729.64,standard,tendered,0.005
LD04552,L163,L195,"San Antonio, TX","Little Rock, AR",reefer,meat,20523,False,2026-10-12T08:30,2026-10-12T10:30,2026-10-12T22:30,2026-10-13T22:30,604.0,2085.32,standard,tendered,0.047
LD04601,L223,L046,"Kansas City, MO","Louisville, KY",dry_van,paper products,20180,False,2026-10-12T08:30,2026-10-12T14:30,2026-10-12T20:30,2026-10-13T00:30,572.0,1556.85,high,accepted,0.004
LD00032,L205,L136,"Oklahoma City, OK","San Antonio, TX",dry_van,beverages,15678,False,2026-10-12T08:45,2026-10-12T10:45,2026-10-12T19:45,2026-10-12T23:45,522.4,1392.71,high,accepted,0.006
LD00075,L153,L141,"El Paso, TX","Oklahoma City, OK",reefer,produce,30093,False,2026-10-12T08:45,2026-10-12T12:45,2026-10-13T08:45,2026-10-13T20:45,694.5,2258.28,standard,accepted,0.162
LD00151,L142,L243,"Atlanta, GA","Kansas City, MO",dry_van,consumer goods,11817,False,2026-10-12T08:45,2026-10-12T14:45,2026-10-13T13:45,2026-10-14T13:45,821.5,1884.19,standard,tendered,0.113
LD00304,L220,L465,"Chicago, IL","Kansas City, MO",dry_van,auto parts,27546,False,2026-10-12T08:45,2026-10-12T10:45,2026-10-12T19:45,2026-10-12T23:45,497.5,1349.87,standard,tendered,0.046
LD00799,L138,L217,"Little Rock, AR","Charlotte, NC",flatbed,building materials,28644,False,2026-10-12T08:45,2026-10-12T16:45,2026-10-13T11:45,2026-10-13T23:45,796.9,2093.94,standard,tendered,0.006
LD00805,L418,L253,"Jacksonville, FL","Newark, NJ",dry_van,consumer goods,40168,False,2026-10-12T08:45,2026-10-12T10:45,2026-10-13T14:45,2026-10-13T22:45,997.5,2401.65,standard,tendered,0.048
LD00806,L163,L377,"San Antonio, TX","Phoenix, AZ",dry_van,beverages,20585,False,2026-10-12T08:45,2026-10-12T10:45,2026-10-13T15:45,2026-10-14T03:45,1011.3,2448.88,standard,tendered,0.074
LD00856,L162,L443,"Memphis, TN","Minneapolis, MN",dry_van,beverages,32491,False,2026-10-12T08:45,2026-10-12T10:45,2026-10-13T12:45,2026-10-13T18:45,843.6,2295.65,standard,accepted,0.041
LD01275,L282,L412,"Little Rock, AR","Memphis, TN",dry_van,paper products,25240,False,2026-10-12T08:45,2026-10-12T16:45,2026-10-12T15:45,2026-10-12T19:45,179.1,692.52,standard,tendered,0.102
LD01502,L288,L449,"Miami, FL","Indianapolis, IN",dry_van,beverages,31007,False,2026-10-12T08:45,2026-10-12T14:45,2026-10-14T05:45,2026-10-14T17:45,1215.4,3040.49,high,tendered,0.064
LD01530,L213,L383,"Jacksonville, FL","Charlotte, NC",dry_van,consumer goods,23398,False,2026-10-12T08:45,2026-10-12T10:45,2026-10-12T17:45,2026-10-13T17:45,381.8,1035.01,critical,tendered,0.143
LD01799,L483,L315,"St. Louis, MO","Harrisburg, PA",flatbed,lumber,32557,False,2026-10-12T08:45,2026-10-12T16:45,2026-10-13T12:45,2026-10-14T12:45,880.0,2535.44,standard,tendered,0.155
LD01929,L381,L248,"Los Angeles, CA","Laredo, TX",flatbed,pipe,23295,False,2026-10-12T08:45,2026-10-12T16:45,2026-10-14T08:45,2026-10-15T08:45,1415.4,3801.5,standard,accepted,0.049
LD02491,L223,L266,"Kansas City, MO","Columbus, OH",dry_van,paper products,19642,False,2026-10-12T08:45,2026-10-12T10:45,2026-10-13T09:45,2026-10-13T21:45,739.9,1717.31,standard,tendered,0.037
LD02533,L055,L416,"Louisville, KY","Chicago, IL",dry_van,paper products,37718,False,2026-10-12T08:45,2026-10-12T14:45,2026-10-12T16:45,2026-10-12T22:45,296.5,1047.59,standard,tendered,0.233
LD02541,L276,L428,"Charlotte, NC","Newark, NJ",dry_van,beverages,26850,False,2026-10-12T08:45,2026-10-12T10:45,2026-10-13T08:45,2026-10-14T08:45,624.6,1843.93,standard,tendered,0.006
LD02786,L065,L341,"Miami, FL","Charlotte, NC",reefer,pharmaceuticals,33651,False,2026-10-12T08:45,2026-10-12T10:45,2026-10-13T10:45,2026-10-13T14:45,778.3,2900.68,standard,tendered,0.026
LD03089,L165,L122,"Newark, NJ","Chicago, IL",dry_van,retail,37303,False,2026-10-12T08:45,2026-10-12T16:45,2026-10-13T12:45,2026-10-13T16:45,848.8,2168.28,standard,accepted,0.086
LD03198,L245,L492,"Nashville, TN","Charlotte, NC",dry_van,electronics,39495,False,2026-10-12T08:45,2026-10-12T12:45,2026-10-12T17:45,2026-10-13T05:45,399.0,1179.16,standard,tentative,0.029
LD03321,L283,L485,"Newark, NJ","Nashville, TN",dry_van,auto parts,23079,False,2026-10-12T08:45,2026-10-12T10:45,2026-10-13T13:45,2026-10-14T13:45,902.0,2263.91,standard,accepted,0.061
LD03489,L157,L357,"Dallas, TX","Indianapolis, IN",dry_van,auto parts,31390,False,2026-10-12T08:45,2026-10-12T14:45,2026-10-13T14:45,2026-10-14T02:45,942.3,2155.06,standard,tentative,0.006
LD03566,L067,L222,"Houston, TX","Dallas, TX",reefer,frozen food,31627,False,2026-10-12T08:45,2026-10-12T14:45,2026-10-12T16:45,2026-10-13T04:45,256.6,1078.7,standard,accepted,0.013
LD04384,L142,L330,"Atlanta, GA","Kansas City, MO",reefer,produce,40047,False,2026-10-12T08:45,2026-10-12T16:45,2026-10-13T13:45,2026-10-13T21:45,838.0,2264.87,standard,accepted,0.042
LD04819,L163,L152,"San Antonio, TX","Memphis, TN",reefer,produce,19381,False,2026-10-12T08:45,2026-10-12T14:45,2026-10-13T11:45,2026-10-14T11:45,769.3,2437.28,high,tendered,0.004
LD04864,L280,L304,"Kansas City, MO","New Orleans, LA",dry_van,consumer goods,25431,False,2026-10-12T08:45,2026-10-12T14:45,2026-10-13T13:45,2026-10-13T17:45,818.9,2027.82,standard,accepted,0.027
LD04981,L396,L409,"Little Rock, AR","Columbus, OH",dry_van,auto parts,19146,False,2026-10-12T08:45,2026-10-12T14:45,2026-10-13T11:45,2026-10-13T19:45,778.0,2015.02,standard,tendered,0.024
LD00205,L184,L466,"Newark, NJ","Nashville, TN",dry_van,beverages,36763,False,2026-10-12T09:00,2026-10-12T13:00,2026-10-13T14:00,2026-10-14T14:00,884.8,2200.41,standard,tentative,0.082
LD00926,L479,L089,"San Antonio, TX","New Orleans, LA",dry_van,auto parts,33113,False,2026-10-12T09:00,2026-10-12T11:00,2026-10-12T22:00,2026-10-13T22:00,567.0,1484.25,high,accepted,0.056
LD01249,L080,L133,"Denver, CO","Dallas, TX",dry_van,paper products,32786,False,2026-10-12T09:00,2026-10-12T11:00,2026-10-13T12:00,2026-10-13T20:00,824.1,2576.8,standard,accepted,0.015
LD01331,L382,L403,"Memphis, TN","Atlanta, GA",dry_van,electronics,12268,False,2026-10-12T09:00,2026-10-12T11:00,2026-10-12T18:00,2026-10-13T02:00,354.4,1188.67,standard,tendered,0.087
LD01516,L362,L408,"Houston, TX","Charlotte, NC",dry_van,retail,33774,False,2026-10-12T09:00,2026-10-12T11:00,2026-10-13T17:00,2026-10-13T21:00,1125.7,2656.61,standard,tentative,0.119
LD01752,L405,L147,"St. Louis, MO","Columbus, OH",dry_van,retail,30881,False,2026-10-12T09:00,2026-10-12T15:00,2026-10-12T20:00,2026-10-13T20:00,473.7,1460.66,high,accepted,0.075
LD02341,L060,L342,"Dallas, TX","Chicago, IL",reefer,frozen food,32381,False,2026-10-12T09:00,2026-10-12T17:00,2026-10-13T15:00,2026-10-14T15:00,976.9,2589.09,standard,tendered,0.102
LD02402,L251,L271,"Chicago, IL","Austin, TX",dry_van,paper products,30158,False,2026-10-12T09:00,2026-10-12T11:00,2026-10-13T18:00,2026-10-14T18:00,1181.5,3003.83,standard,tentative,0.048
LD02764,L137,L233,"Jacksonville, FL","Miami, FL",dry_van,electronics,37331,False,2026-10-12T09:00,2026-10-12T13:00,2026-10-12T18:00,2026-10-13T06:00,374.4,1077.9,standard,accepted,0.005
LD03084,L391,L490,"Austin, TX","Phoenix, AZ",reefer,frozen food,27407,False,2026-10-12T09:00,2026-10-12T11:00,2026-10-13T16:00,2026-10-13T22:00,1011.4,3014.6,standard,tendered,0.033
LD03225,L146,L371,"Detroit, MI","Chicago, IL",dry_van,electronics,40243,False,2026-10-12T09:00,2026-10-12T17:00,2026-10-12T17:00,2026-10-13T17:00,242.4,806.5,critical,tendered,0.08
LD03237,L043,L245,"Chicago, IL","Nashville, TN",dry_van,paper products,36272,False,2026-10-12T09:00,2026-10-12T13:00,2026-10-12T20:00,2026-10-13T20:00,462.3,1357.92,standard,accepted,0.028
LD03275,L088,L041,"Phoenix, AZ","Dallas, TX",dry_van,auto parts,34489,False,2026-10-12T09:00,2026-10-12T11:00,2026-10-13T16:00,2026-10-13T20:00,1080.5,2961.35,standard,tendered,0.051
LD03350,L458,L249,"Houston, TX","Little Rock, AR",dry_van,consumer goods,18848,False,2026-10-12T09:00,2026-10-12T13:00,2026-10-12T20:00,2026-10-13T02:00,492.6,1483.84,standard,accepted,0.064
LD03445,L258,L457,"Charlotte, NC","Dallas, TX",dry_van,electronics,31248,False,2026-10-12T09:00,2026-10-12T15:00,2026-10-13T17:00,2026-10-13T23:00,1117.2,2836.51,standard,accepted,0.066
LD04017,L467,L247,"Miami, FL","Jacksonville, FL",dry_van,auto parts,25951,False,2026-10-12T09:00,2026-10-12T11:00,2026-10-12T19:00,2026-10-13T07:00,415.3,1391.84,standard,tendered,0.109
LD04143,L338,L423,"Dallas, TX","St. Louis, MO",dry_van,consumer goods,36524,False,2026-10-12T09:00,2026-10-12T17:00,2026-10-13T09:00,2026-10-13T15:00,658.7,1720.18,high,accepted,0.065
LD04161,L466,L169,"Nashville, TN","Charlotte, NC",dry_van,paper products,30027,False,2026-10-12T09:00,2026-10-12T11:00,2026-10-12T19:00,2026-10-13T07:00,388.8,1215.92,standard,tendered,0.221
LD04427,L396,L490,"Little Rock, AR","Phoenix, AZ",dry_van,beverages,28907,False,2026-10-12T09:00,2026-10-12T17:00,2026-10-14T09:00,2026-10-14T13:00,1351.7,3204.27,standard,accepted,0.024
LD04571,L098,L432,"Houston, TX","Miami, FL",dry_van,retail,40182,False,2026-10-12T09:00,2026-10-12T11:00,2026-10-13T19:00,2026-10-14T19:00,1143.4,2990.57,standard,tendered,0.065
LD04888,L498,L443,"Louisville, KY","Minneapolis, MN",dry_van,retail,31731,False,2026-10-12T09:00,2026-10-12T13:00,2026-10-13T11:00,2026-10-13T17:00,752.9,1981.59,standard,accepted,0.081
LD00166,L054,L245,"Austin, TX","Nashville, TN",dry_van,paper products,28697,False,2026-10-12T09:15,2026-10-12T11:15,2026-10-13T13:15,2026-10-14T13:15,905.3,2193.6,standard,accepted,0.071
LD00306,L412,L146,"Memphis, TN","Detroit, MI",dry_van,paper products,36439,False,2026-10-12T09:15,2026-10-12T11:15,2026-10-13T09:15,2026-10-13T15:15,701.7,1756.06,standard,accepted,0.033
LD00372,L072,L047,"Atlanta, GA","El Paso, TX",dry_van,retail,28120,False,2026-10-12T09:15,2026-10-12T11:15,2026-10-14T12:15,2026-10-15T00:15,1537.1,3592.92,standard,tendered,0.113
LD01610,L227,L134,"Charlotte, NC","Denver, CO",dry_van,beverages,32162,False,2026-10-12T09:15,2026-10-12T11:15,2026-10-14T14:15,2026-10-15T02:15,1637.6,3854.67,critical,accepted,0.013
LD01882,L358,L192,"Newark, NJ","Chicago, IL",dry_van,electronics,18542,False,2026-10-12T09:15,2026-10-12T11:15,2026-10-13T13:15,2026-10-13T17:15,868.5,2028.62,standard,accepted,0.038
LD02120,L123,L177,"Los Angeles, CA","Dallas, TX",dry_van,auto parts,21533,False,2026-10-12T09:15,2026-10-12T13:15,2026-10-14T10:15,2026-10-15T10:15,1495.5,3869.95,critical,tendered,0.028
LD02155,L154,L056,"Laredo, TX","Minneapolis, MN",dry_van,beverages,32365,False,2026-10-12T09:15,2026-10-12T13:15,2026-10-14T10:15,2026-10-14T22:15,1505.1,3869.83,standard,tendered,0.077
LD03130,L405,L320,"St. Louis, MO","Atlanta, GA",dry_van,consumer goods,37922,False,2026-10-12T09:15,2026-10-12T11:15,2026-10-12T22:15,2026-10-13T02:15,573.3,1529.11,standard,tendered,0.022
LD03202,L376,L473,"Chicago, IL","Phoenix, AZ",dry_van,electronics,32842,False,2026-10-12T09:15,2026-10-12T15:15,2026-10-14T16:15,2026-10-15T16:15,1752.0,4444.13,high,tendered,0.071
LD03323,L258,L078,"Charlotte, NC","Louisville, KY",reefer,dairy,30632,False,2026-10-12T09:15,2026-10-12T11:15,2026-10-12T18:15,2026-10-12T22:15,400.6,1265.99,standard,tendered,0.052
LD03391,L157,L234,"Dallas, TX","Phoenix, AZ",reefer,pharmaceuticals,35760,False,2026-10-12T09:15,2026-10-12T11:15,2026-10-13T17:15,2026-10-14T01:15,1062.5,2938.98,standard,accepted,0.137
LD03782,L244,L246,"Dallas, TX","Columbus, OH",flatbed,lumber,22624,True,2026-10-12T09:15,2026-10-12T15:15,2026-10-13T17:15,2026-10-14T17:15,1091.3,3069.63,standard,accepted,0.169
LD03833,L418,L410,"Jacksonville, FL","Louisville, KY",dry_van,retail,43100,False,2026-10-12T09:15,2026-10-12T11:15,2026-10-13T10:15,2026-10-13T16:15,719.1,1752.03,standard,accepted,0.078
LD04056,L219,L215,"Nashville, TN","Oklahoma City, OK",reefer,frozen food,36313,False,2026-10-12T09:15,2026-10-12T11:15,2026-10-13T11:15,2026-10-13T17:15,713.0,2093.98,standard,tendered,0.073
LD04276,L451,L279,"Louisville, KY","Columbus, OH",reefer,meat,13727,False,2026-10-12T09:15,2026-10-12T17:15,2026-10-12T16:15,2026-10-12T22:15,243.7,886.89,standard,accepted,0.016
LD04822,L319,L252,"Chicago, IL","Columbus, OH",dry_van,consumer goods,24948,False,2026-10-12T09:15,2026-10-12T11:15,2026-10-12T17:15,2026-10-13T01:15,334.5,1105.46,standard,accepted,0.029
LD04949,L309,L270,"Phoenix, AZ","Detroit, MI",reefer,produce,35498,False,2026-10-12T09:15,2026-10-12T15:15,2026-10-15T07:15,2026-10-15T11:15,2026.6,6563.05,standard,accepted,0.022
LD00080,L265,L263,"Harrisburg, PA","Nashville, TN",flatbed,building materials,15138,False,2026-10-12T09:30,2026-10-12T13:30,2026-10-13T11:30,2026-10-14T11:30,766.5,2260.36,standard,tendered,0.113
LD00711,L358,L347,"Newark, NJ","Dallas, TX",dry_van,electronics,12505,False,2026-10-12T09:30,2026-10-12T15:30,2026-10-14T14:30,2026-10-14T20:30,1654.0,3869.13,standard,accepted,0.093
LD00865,L140,L201,"Kansas City, MO","Dallas, TX",dry_van,consumer goods,35345,False,2026-10-12T09:30,2026-10-12T17:30,2026-10-12T20:30,2026-10-13T00:30,550.8,1366.62,standard,tendered,0.042
LD00878,L481,L350,"Little Rock, AR","Dallas, TX",flatbed,pipe,38195,False,2026-10-12T09:30,2026-10-12T15:30,2026-10-12T19:30,2026-10-12T23:30,346.0,1293.38,high,tendered,0.046
LD00907,L463,L056,"Indianapolis, IN","Minneapolis, MN",reefer,produce,22369,False,2026-10-12T09:30,2026-10-12T11:30,2026-10-13T09:30,2026-10-13T15:30,620.1,2106.91,standard,accepted,0.023
LD01210,L382,L214,"Memphis, TN","Newark, NJ",dry_van,beverages,30588,False,2026-10-12T09:30,2026-10-12T13:30,2026-10-13T18:30,2026-10-13T22:30,1137.1,2550.47,standard,tendered,0.048
LD01895,L449,L423,"Indianapolis, IN","St. Louis, MO",dry_van,auto parts,26593,False,2026-10-12T09:30,2026-10-12T13:30,2026-10-12T16:30,2026-10-13T04:30,250.7,868.58,standard,tendered,0.019
LD01970,L324,L167,"Houston, TX","Little Rock, AR",flatbed,lumber,31850,False,2026-10-12T09:30,2026-10-12T13:30,2026-10-12T19:30,2026-10-12T23:30,443.0,1374.85,high,tendered,0.001
LD02136,L468,L168,"Newark, NJ","Jacksonville, FL",dry_van,beverages,30140,False,2026-10-12T09:30,2026-10-12T11:30,2026-10-13T15:30,2026-10-13T19:30,992.8,2503.74,standard,accepted,0.027
LD02201,L050,L095,"Atlanta, GA","Newark, NJ",dry_van,paper products,21953,True,2026-10-12T09:30,2026-10-12T11:30,2026-10-13T13:30,2026-10-13T21:30,863.6,2189.16,standard,accepted,0.014
LD02358,L153,L338,"El Paso, TX","Dallas, TX",flatbed,lumber,26174,False,2026-10-12T09:30,2026-10-12T11:30,2026-10-13T09:30,2026-10-13T21:30,681.1,1851.13,standard,tendered,0.163
LD02599,L211,L152,"Jacksonville, FL","Memphis, TN",dry_van,beverages,38526,False,2026-10-12T09:30,2026-10-12T15:30,2026-10-13T10:30,2026-10-13T18:30,724.3,2028.06,standard,accepted,0.0
LD02676,L362,L319,"Houston, TX","Chicago, IL",dry_van,auto parts,38649,False,2026-10-12T09:30,2026-10-12T13:30,2026-10-13T17:30,2026-10-13T23:30,1131.9,2802.88,standard,tentative,0.053
LD02879,L397,L087,"Laredo, TX","Jacksonville, FL",dry_van,paper products,32677,False,2026-10-12T09:30,2026-10-12T17:30,2026-10-14T05:30,2026-10-15T05:30,1274.6,3049.85,standard,tendered,0.169
LD03079,L300,L494,"Houston, TX","Dallas, TX",dry_van,beverages,29476,False,2026-10-12T09:30,2026-10-12T13:30,2026-10-12T19:30,2026-10-13T01:30,319.0,1008.88,standard,tendered,0.048
LD03452,L149,L204,"Jacksonville, FL","Kansas City, MO",dry_van,beverages,34054,False,2026-10-12T09:30,2026-10-12T15:30,2026-10-13T17:30,2026-10-13T23:30,1127.8,2616.16,standard,tendered,0.029
LD03739,L458,L252,"Houston, TX","Columbus, OH",dry_van,consumer goods,38622,False,2026-10-12T09:30,2026-10-12T13:30,2026-10-14T05:30,2026-10-14T13:30,1213.0,3161.83,standard,accepted,0.013
LD03742,L338,L357,"Dallas, TX","Indianapolis, IN",dry_van,consumer goods,21503,False,2026-10-12T09:30,2026-10-12T17:30,2026-10-13T14:30,2026-10-13T20:30,942.2,2178.03,standard,accepted,0.037
LD04245,L282,L256,"Little Rock, AR","Harrisburg, PA",dry_van,beverages,38354,False,2026-10-12T09:30,2026-10-12T15:30,2026-10-13T19:30,2026-10-14T19:30,1128.8,2574.94,standard,tendered,0.019
LD04363,L223,L492,"Kansas City, MO","Charlotte, NC",reefer,dairy,18210,False,2026-10-12T09:30,2026-10-12T15:30,2026-10-13T14:30,2026-10-13T22:30,927.1,2744.88,critical,accepted,0.031
LD00005,L211,L484,"Jacksonville, FL","Indianapolis, IN",reefer,produce,35577,False,2026-10-12T09:45,2026-10-12T17:45,2026-10-13T13:45,2026-10-13T17:45,849.4,2281.66,standard,tendered,0.024
LD00042,L319,L160,"Chicago, IL","San Antonio, TX",dry_van,retail,38811,False,2026-10-12T09:45,2026-10-12T11:45,2026-10-14T06:45,2026-10-14T14:45,1245.4,2677.03,standard,tendered,0.108
LD00099,L472,L154,"St. Louis, MO","Laredo, TX",dry_van,paper products,37655,False,2026-10-12T09:45,2026-10-12T17:45,2026-10-13T19:45,2026-10-14T03:45,1137.5,2812.21,high,tendered,0.25
LD01263,L244,L140,"Dallas, TX","Kansas City, MO",flatbed,pipe,31456,False,2026-10-12T09:45,2026-10-12T13:45,2026-10-12T21:45,2026-10-13T03:45,543.7,1846.97,high,accepted,0.031
LD01332,L092,L394,"Chicago, IL","Minneapolis, MN",reefer,dairy,17684,True,2026-10-12T09:45,2026-10-12T13:45,2026-10-12T19:45,2026-10-13T07:45,441.5,1634.84,standard,accepted,0.028
LD01345,L198,L112,"Minneapolis, MN","Columbus, OH",dry_van,electronics,31805,False,2026-10-12T09:45,2026-10-12T17:45,2026-10-13T13:45,2026-10-14T13:45,761.1,2029.8,standard,tendered,0.01
LD01387,L300,L398,"Houston, TX","Jacksonville, FL",dry_van,auto parts,37872,False,2026-10-12T09:45,2026-10-12T13:45,2026-10-13T17:45,2026-10-14T05:45,998.4,2690.22,standard,tendered,0.008
LD01447,L163,L107,"San Antonio, TX","Chicago, IL",flatbed,machinery,29175,False,2026-10-12T09:45,2026-10-12T11:45,2026-10-14T06:45,2026-10-14T14:45,1236.6,3496.17,standard,accepted,0.022
LD01523,L098,L245,"Houston, TX","Nashville, TN",reefer,produce,27008,False,2026-10-12T09:45,2026-10-12T17:45,2026-10-13T13:45,2026-10-13T17:45,811.5,2155.99,standard,accepted,0.006
LD01772,L388,L491,"Louisville, KY","Minneapolis, MN",reefer,meat,32956,False,2026-10-12T09:45,2026-10-12T13:45,2026-10-13T09:45,2026-10-13T13:45,724.2,1999.23,standard,tendered,0.082
LD01949,L173,L306,"Atlanta, GA","Dallas, TX",dry_van,consumer goods,36041,False,2026-10-12T09:45,2026-10-12T13:45,2026-10-13T13:45,2026-10-14T01:45,878.6,2268.06,high,tendered,0.165
LD02138,L224,L288,"Columbus, OH","Miami, FL",reefer,frozen food,35208,False,2026-10-12T09:45,2026-10-12T17:45,2026-10-13T20:45,2026-10-14T08:45,1172.5,3703.4,standard,tendered,0.095
LD02498,L183,L263,"Louisville, KY","Nashville, TN",dry_van,retail,27950,False,2026-10-12T09:45,2026-10-12T13:45,2026-10-12T16:45,2026-10-12T22:45,252.2,917.77,standard,accepted,0.021
LD02568,L132,L439,"Miami, FL","Oklahoma City, OK",dry_van,consumer goods,30180,False,2026-10-12T09:45,2026-10-12T11:45,2026-10-14T11:45,2026-10-14T17:45,1493.2,3737.34,standard,tendered,0.037
LD02570,L200,L388,"Miami, FL","Louisville, KY",flatbed,machinery,27616,False,2026-10-12T09:45,2026-10-12T11:45,2026-10-13T18:45,2026-10-14T18:45,1115.1,3427.97,standard,tendered,0.014
LD03339,L443,L373,"Minneapolis, MN","Atlanta, GA",dry_van,consumer goods,39399,False,2026-10-12T09:45,2026-10-12T17:45,2026-10-13T19:45,2026-10-14T19:45,1108.3,2651.71,standard,tendered,0.005
LD03436,L426,L187,"St. Louis, MO","Oklahoma City, OK",reefer,produce,18469,False,2026-10-12T09:45,2026-10-12T13:45,2026-10-12T23:45,2026-10-13T05:45,558.5,1589.5,standard,tendered,0.033
LD03831,L412,L322,"Memphis, TN","Kansas City, MO",dry_van,beverages,34891,False,2026-10-12T09:45,2026-10-12T11:45,2026-10-12T18:45,2026-10-13T18:45,437.1,1153.47,standard,tendered,0.099
LD03976,L451,L161,"Louisville, KY","Nashville, TN",dry_van,retail,39692,False,2026-10-12T09:45,2026-10-12T15:45,2026-10-12T15:45,2026-10-12T21:45,186.0,732.39,high,accepted,0.042
LD04014,L324,L411,"Houston, TX","Austin, TX",reefer,frozen food,22607,False,2026-10-12T09:45,2026-10-12T11:45,2026-10-12T14:45,2026-10-12T22:45,201.1,848.19,high,tendered,0.216
LD04268,L314,L298,"Charlotte, NC","Harrisburg, PA",dry_van,consumer goods,31388,False,2026-10-12T09:45,2026-10-12T13:45,2026-10-12T21:45,2026-10-13T21:45,518.1,1458.45,standard,accepted,0.004
LD04646,L297,L102,"Jacksonville, FL","Indianapolis, IN",reefer,frozen food,10284,False,2026-10-12T09:45,2026-10-12T17:45,2026-10-13T13:45,2026-10-13T19:45,835.7,2704.97,standard,tendered,0.037
LD04691,L480,L206,"Birmingham, AL","Oklahoma City, OK",dry_van,beverages,27159,False,2026-10-12T09:45,2026-10-12T11:45,2026-10-13T10:45,2026-10-13T22:45,740.0,1899.84,standard,accepted,0.01
LD04855,L115,L284,"Miami, FL","Atlanta, GA",dry_van,electronics,21163,False,2026-10-12T09:45,2026-10-12T11:45,2026-10-13T11:45,2026-10-13T17:45,741.3,2245.81,standard,accepted,0.101
LD00663,L355,L465,"Houston, TX","Kansas City, MO",reefer,frozen food,16581,False,2026-10-12T10:00,2026-10-12T12:00,2026-10-13T12:00,2026-10-14T12:00,771.9,2447.52,standard,accepted,0.059
LD01015,L168,L249,"Jacksonville, FL","Little Rock, AR",reefer,dairy,36453,False,2026-10-12T10:00,2026-10-12T18:00,2026-10-13T13:00,2026-10-13T21:00,816.8,2228.03,high,tendered,0.102
LD01181,L061,L095,"Charlotte, NC","Newark, NJ",flatbed,lumber,23582,False,2026-10-12T10:00,2026-10-12T16:00,2026-10-13T10:00,2026-10-13T14:00,619.7,2049.36,high,tendered,0.011
LD01215,L071,L304,"Dallas, TX","New Orleans, LA",dry_van,beverages,24910,False,2026-10-12T10:00,2026-10-12T18:00,2026-10-12T23:00,2026-10-13T23:00,560.4,1685.06,standard,accepted,0.103
LD01659,L146,L070,"Detroit, MI","Little Rock, AR",dry_van,consumer goods,30824,False,2026-10-12T10:00,2026-10-12T12:00,2026-10-13T14:00,2026-10-14T02:00,835.5,2295.19,standard,accepted,0.033
LD01670,L097,L128,"Denver, CO","Miami, FL",dry_van,beverages,16817,False,2026-10-12T10:00,2026-10-12T18:00,2026-10-15T08:00,2026-10-15T20:00,2046.3,5834.07,standard,accepted,0.045
LD02095,L288,L109,"Miami, FL","Dallas, TX",dry_van,paper products,39587,False,2026-10-12T10:00,2026-10-12T18:00,2026-10-14T09:00,2026-10-15T09:00,1321.2,3507.22,standard,accepted,0.011
LD02481,L315,L420,"Harrisburg, PA","Indianapolis, IN",dry_van,retail,30652,False,2026-10-12T10:00,2026-10-12T12:00,2026-10-12T23:00,2026-10-13T23:00,563.2,1475.38,standard,tendered,0.007
LD02543,L152,L441,"Memphis, TN","Columbus, OH",dry_van,retail,42637,False,2026-10-12T10:00,2026-10-12T12:00,2026-10-12T22:00,2026-10-13T10:00,600.9,1760.35,standard,accepted,0.021
LD02941,L255,L077,"Detroit, MI","Jacksonville, FL",flatbed,machinery,25529,False,2026-10-12T10:00,2026-10-12T12:00,2026-10-13T18:00,2026-10-14T02:00,1021.0,2880.46,standard,tentative,0.048
LD03020,L449,L486,"Indianapolis, IN","Louisville, KY",dry_van,electronics,41508,False,2026-10-12T10:00,2026-10-12T12:00,2026-10-12T14:00,2026-10-13T02:00,131.6,573.98,standard,accepted,0.112
LD03039,L101,L168,"Birmingham, AL","Jacksonville, FL",dry_van,electronics,32075,False,2026-10-12T10:00,2026-10-12T14:00,2026-10-12T21:00,2026-10-13T21:00,444.8,1240.19,high,tentative,0.02
LD03177,L082,L368,"Phoenix, AZ","Oklahoma City, OK",dry_van,electronics,31727,False,2026-10-12T10:00,2026-10-12T18:00,2026-10-13T15:00,2026-10-13T23:00,967.8,2990.91,critical,accepted,0.105
LD03706,L153,L426,"El Paso, TX","St. Louis, MO",reefer,produce,36461,False,2026-10-12T10:00,2026-10-12T12:00,2026-10-14T06:00,2026-10-14T18:00,1234.4,3721.09,high,tendered,0.152
LD04305,L112,L433,"Columbus, OH","Charlotte, NC",reefer,meat,27086,False,2026-10-12T10:00,2026-10-12T12:00,2026-10-12T20:00,2026-10-13T02:00,410.6,1523.26,standard,accepted,0.015
LD04715,L276,L214,"Charlotte, NC","Newark, NJ",reefer,dairy,14589,False,2026-10-12T10:00,2026-10-12T12:00,2026-10-13T10:00,2026-10-13T18:00,647.4,1872.52,standard,tendered,0.054
LD04865,L441,L350,"Columbus, OH","Dallas, TX",dry_van,electronics,21426,False,2026-10-12T10:00,2026-10-12T16:00,2026-10-13T17:00,2026-10-14T05:00,1071.6,2458.77,standard,tendered,0.057
LD04926,L057,L131,"Oklahoma City, OK","Indianapolis, IN",flatbed,machinery,11216,False,2026-10-12T10:00,2026-10-12T18:00,2026-10-13T13:00,2026-10-13T19:00,819.7,2337.24,high,tendered,0.015
LD04990,L057,L078,"Oklahoma City, OK","Louisville, KY",flatbed,lumber,45139,True,2026-10-12T10:00,2026-10-12T12:00,2026-10-13T14:00,2026-10-13T22:00,837.9,2335.32,standard,tendered,0.006
LD04993,L317,L364,"Little Rock, AR","Kansas City, MO",dry_van,consumer goods,18161,False,2026-10-12T10:00,2026-10-12T16:00,2026-10-12T20:00,2026-10-13T04:00,412.0,1317.11,standard,tendered,0.072
LD00057,L224,L079,"Columbus, OH","Indianapolis, IN",dry_van,electronics,42796,False,2026-10-12T10:15,2026-10-12T14:15,2026-10-12T17:15,2026-10-13T05:15,223.5,718.52,standard,tendered,0.095
LD00070,L336,L446,"Columbus, OH","Charlotte, NC",reefer,pharmaceuticals,37080,False,2026-10-12T10:15,2026-10-12T12:15,2026-10-12T19:15,2026-10-13T19:15,412.6,1294.6,standard,accepted,0.005
LD00520,L130,L247,"Memphis, TN","Jacksonville, FL",dry_van,retail,16087,False,2026-10-12T10:15,2026-10-12T12:15,2026-10-13T11:15,2026-10-13T23:15,679.8,1649.71,high,tendered,0.01
LD00558,L268,L484,"Orlando, FL","Indianapolis, IN",reefer,dairy,30842,False,2026-10-12T10:15,2026-10-12T18:15,2026-10-13T17:15,2026-10-13T23:15,975.6,3461.28,high,tendered,0.025
LD00676,L412,L471,"Memphis, TN","Charlotte, NC",dry_van,retail,29126,False,2026-10-12T10:15,2026-10-12T16:15,2026-10-13T09:15,2026-10-13T17:15,620.7,1824.74,high,accepted,0.042
LD01008,L412,L061,"Memphis, TN","Charlotte, NC",flatbed,steel,14941,True,2026-10-12T10:15,2026-10-12T16:15,2026-10-13T09:15,2026-10-13T17:15,636.0,1730.8,standard,accepted,0.081
LD02071,L461,L272,"Indianapolis, IN","Nashville, TN",reefer,dairy,38629,False,2026-10-12T10:15,2026-10-12T16:15,2026-10-12T17:15,2026-10-13T05:15,293.7,1196.54,standard,tendered,0.08
LD02388,L310,L477,"El Paso, TX","Miami, FL",reefer,produce,29052,False,2026-10-12T10:15,2026-10-12T18:15,2026-10-15T05:15,2026-10-16T05:15,1940.7,5176.99,critical,accepted,0.099
LD02688,L478,L068,"Little Rock, AR","San Antonio, TX",dry_van,beverages,24558,False,2026-10-12T10:15,2026-10-12T16:15,2026-10-12T23:15,2026-10-13T11:15,604.3,1714.63,high,accepted,0.053
LD02714,L225,L146,"Chicago, IL","Detroit, MI",reefer,frozen food,31809,False,2026-10-12T10:15,2026-10-12T16:15,2026-10-12T16:15,2026-10-13T00:15,217.6,899.15,standard,tendered,0.052
LD03232,L251,L133,"Chicago, IL","Dallas, TX",dry_van,beverages,32790,False,2026-10-12T10:15,2026-10-12T12:15,2026-10-13T15:15,2026-10-13T23:15,951.5,2630.53,high,tendered,0.04
LD03757,L255,L246,"Detroit, MI","Columbus, OH",reefer,produce,36656,False,2026-10-12T10:15,2026-10-12T16:15,2026-10-12T18:15,2026-10-13T06:15,215.8,958.2,standard,accepted,0.053
LD04322,L366,L099,"Newark, NJ","Dallas, TX",dry_van,beverages,32028,False,2026-10-12T10:15,2026-10-12T12:15,2026-10-14T14:15,2026-10-14T20:15,1640.3,3589.96,standard,tentative,0.006
LD04370,L424,L408,"Austin, TX","Charlotte, NC",dry_van,beverages,39469,False,2026-10-12T10:15,2026-10-12T14:15,2026-10-14T07:15,2026-10-14T15:15,1286.8,3275.02,high,accepted,0.102
LD04840,L293,L267,"Dallas, TX","Indianapolis, IN",dry_van,electronics,28219,False,2026-10-12T10:15,2026-10-12T12:15,2026-10-13T14:15,2026-10-13T18:15,906.1,2418.1,standard,accepted,0.126
LD00019,L242,L182,"Little Rock, AR","Denver, CO",dry_van,auto parts,25546,False,2026-10-12T10:30,2026-10-12T12:30,2026-10-13T16:30,2026-10-13T20:30,934.6,2520.85,standard,tendered,0.219
LD00148,L276,L070,"Charlotte, NC","Little Rock, AR",dry_van,beverages,33608,False,2026-10-12T10:30,2026-10-12T12:30,2026-10-13T13:30,2026-10-14T01:30,791.8,2001.36,standard,tendered,0.112
LD00265,L184,L352,"Newark, NJ","Chicago, IL",dry_van,consumer goods,34010,False,2026-10-12T10:30,2026-10-12T16:30,2026-10-13T14:30,2026-10-13T18:30,840.2,2339.49,standard,tendered,0.029
LD00330,L135,L267,"Dallas, TX","Indianapolis, IN",dry_van,electronics,34899,False,2026-10-12T10:30,2026-10-12T12:30,2026-10-13T14:30,2026-10-14T14:30,901.9,2253.73,standard,tendered,0.047
LD00469,L366,L441,"Newark, NJ","Columbus, OH",reefer,dairy,32300,False,2026-10-12T10:30,2026-10-12T12:30,2026-10-12T23:30,2026-10-13T07:30,568.7,1856.31,standard,accepted,0.015
LD00760,L158,L487,"Atlanta, GA","Dallas, TX",dry_van,auto parts,29271,False,2026-10-12T10:30,2026-10-12T12:30,2026-10-13T14:30,2026-10-14T14:30,849.6,2168.92,standard,tendered,0.045
LD00979,L215,L492,"Oklahoma City, OK","Charlotte, NC",dry_van,electronics,31619,False,2026-10-12T10:30,2026-10-12T18:30,2026-10-13T20:30,2026-10-14T04:30,1095.5,2829.06,critical,accepted,0.052
LD01092,L331,L370,"Little Rock, AR","Orlando, FL",flatbed,steel,22171,False,2026-10-12T10:30,2026-10-12T16:30,2026-10-13T16:30,2026-10-14T16:30,932.8,2320.57,standard,tendered,0.129
LD01202,L083,L341,"Indianapolis, IN","Charlotte, NC",dry_van,beverages,23234,False,2026-10-12T10:30,2026-10-12T18:30,2026-10-12T22:30,2026-10-13T02:30,524.5,1558.84,standard,tendered,0.131
LD01320,L462,L419,"Indianapolis, IN","Charlotte, NC",dry_van,auto parts,35952,False,2026-10-12T10:30,2026-10-12T12:30,2026-10-12T21:30,2026-10-13T21:30,503.0,1319.49,standard,tendered,0.055
LD01549,L162,L213,"Memphis, TN","Jacksonville, FL",reefer,frozen food,38530,False,2026-10-12T10:30,2026-10-12T14:30,2026-10-13T12:30,2026-10-14T00:30,727.7,2231.75,standard,tendered,0.046
LD01551,L448,L226,"St. Louis, MO","Columbus, OH",flatbed,pipe,32696,True,2026-10-12T10:30,2026-10-12T12:30,2026-10-12T20:30,2026-10-13T04:30,460.3,1587.74,high,tendered,0.025
LD01597,L412,L067,"Memphis, TN","Houston, TX",dry_van,paper products,42811,False,2026-10-12T10:30,2026-10-12T12:30,2026-10-12T22:30,2026-10-13T10:30,566.1,1497.94,standard,accepted,0.003
LD01861,L291,L207,"Houston, TX","Birmingham, AL",dry_van,auto parts,22485,False,2026-10-12T10:30,2026-10-12T16:30,2026-10-13T11:30,2026-10-13T15:30,742.1,2011.8,high,tendered,0.046
LD02034,L153,L063,"El Paso, TX","San Antonio, TX",dry_van,paper products,38155,False,2026-10-12T10:30,2026-10-12T18:30,2026-10-12T22:30,2026-10-13T04:30,595.3,1702.67,standard,accepted,0.055
LD02058,L259,L105,"Minneapolis, MN","Kansas City, MO",dry_van,auto parts,25567,False,2026-10-12T10:30,2026-10-12T12:30,2026-10-12T21:30,2026-10-13T03:30,517.9,1317.08,standard,tentative,0.03
LD02190,L155,L143,"Los Angeles, CA","Chicago, IL",reefer,meat,33903,False,2026-10-12T10:30,2026-10-12T12:30,2026-10-15T07:30,2026-10-16T07:30,2062.9,5215.13,critical,accepted,0.042
LD02423,L273,L198,"Newark, NJ","Minneapolis, MN",dry_van,consumer goods,38392,False,2026-10-12T10:30,2026-10-12T18:30,2026-10-13T20:30,2026-10-14T04:30,1194.8,2947.1,standard,tentative,0.026
LD02459,L387,L234,"Chicago, IL","Phoenix, AZ",dry_van,retail,21879,False,2026-10-12T10:30,2026-10-12T16:30,2026-10-14T15:30,2026-10-14T21:30,1722.0,4353.77,critical,accepted,0.132
LD02768,L419,L350,"Charlotte, NC","Dallas, TX",dry_van,electronics,39353,False,2026-10-12T10:30,2026-10-12T12:30,2026-10-13T19:30,2026-10-14T19:30,1104.5,2427.17,standard,tendered,0.094
LD02992,L139,L058,"Jacksonville, FL","Orlando, FL",dry_van,consumer goods,42922,False,2026-10-12T10:30,2026-10-12T12:30,2026-10-12T14:30,2026-10-12T20:30,120.1,510.44,standard,accepted,0.04
LD02993,L476,L472,"Chicago, IL","St. Louis, MO",dry_van,electronics,38551,False,2026-10-12T10:30,2026-10-12T16:30,2026-10-12T18:30,2026-10-13T18:30,301.7,1021.53,standard,tentative,0.052
LD03544,L424,L180,"Austin, TX","New Orleans, LA",flatbed,building materials,20489,False,2026-10-12T10:30,2026-10-12T12:30,2026-10-12T22:30,2026-10-13T10:30,561.1,1568.27,standard,tendered,0.005
LD03968,L123,L079,"Los Angeles, CA","Indianapolis, IN",dry_van,beverages,41314,False,2026-10-12T10:30,2026-10-12T12:30,2026-10-15T09:30,2026-10-16T09:30,2152.3,4839.91,standard,tendered,0.134
LD04480,L211,L313,"Jacksonville, FL","Miami, FL",dry_van,consumer goods,32210,False,2026-10-12T10:30,2026-10-12T18:30,2026-10-12T19:30,2026-10-13T03:30,383.5,1141.91,high,tendered,0.048
LD04651,L208,L464,"Oklahoma City, OK","Louisville, KY",dry_van,consumer goods,26262,False,2026-10-12T10:30,2026-10-12T16:30,2026-10-13T13:30,2026-10-14T13:30,814.6,1889.22,standard,tendered,0.04
LD04857,L468,L108,"Newark, NJ","Houston, TX",dry_van,retail,29593,False,2026-10-12T10:30,2026-10-12T14:30,2026-10-14T15:30,2026-10-15T03:30,1714.7,3776.46,standard,tendered,0.131
LD04904,L097,L364,"Denver, CO","Kansas City, MO",reefer,meat,26191,False,2026-10-12T10:30,2026-10-12T14:30,2026-10-13T11:30,2026-10-13T17:30,639.9,2201.82,standard,accepted,0.087
LD00065,L162,L169,"Memphis, TN","Charlotte, NC",dry_van,retail,27649,False,2026-10-12T10:45,2026-10-12T18:45,2026-10-13T11:45,2026-10-13T15:45,646.4,1756.62,standard,accepted,0.242
LD00207,L108,L296,"Houston, TX","Louisville, KY",reefer,produce,26460,False,2026-10-12T10:45,2026-10-12T18:45,2026-10-13T16:45,2026-10-14T00:45,961.8,3056.48,standard,accepted,0.088
LD00348,L372,L151,"Dallas, TX","Minneapolis, MN",dry_van,retail,33895,False,2026-10-12T10:45,2026-10-12T12:45,2026-10-13T16:45,2026-10-14T00:45,994.5,2239.12,standard,tendered,0.168
LD00768,L324,L320,"Houston, TX","Atlanta, GA",dry_van,retail,33112,False,2026-10-12T10:45,2026-10-12T14:45,2026-10-13T12:45,2026-10-13T16:45,809.9,2044.55,critical,tendered,0.043
LD00829,L242,L254,"Little Rock, AR","Chicago, IL",dry_van,retail,35591,False,2026-10-12T10:45,2026-10-12T12:45,2026-10-13T11:45,2026-10-14T11:45,702.1,1903.81,standard,accepted,0.013
LD01423,L051,L082,"Indianapolis, IN","Phoenix, AZ",dry_van,retail,25624,False,2026-10-12T10:45,2026-10-12T12:45,2026-10-14T17:45,2026-10-15T17:45,1763.7,4350.98,standard,tentative,0.052
LD01675,L376,L150,"Chicago, IL","Columbus, OH",flatbed,building materials,22004,False,2026-10-12T10:45,2026-10-12T12:45,2026-10-12T19:45,2026-10-13T01:45,357.1,1333.49,standard,tendered,0.05
LD01952,L230,L161,"San Antonio, TX","Nashville, TN",flatbed,lumber,34703,False,2026-10-12T10:45,2026-10-12T14:45,2026-10-13T17:45,2026-10-14T01:45,983.4,3001.34,high,tendered,0.092
LD02026,L167,L473,"Little Rock, AR","Phoenix, AZ",reefer,frozen food,33288,False,2026-10-12T10:45,2026-10-12T16:45,2026-10-14T09:45,2026-10-15T09:45,1349.7,3960.39,standard,tendered,0.13
LD02149,L371,L139,"Chicago, IL","Jacksonville, FL",dry_van,auto parts,9862,False,2026-10-12T10:45,2026-10-12T18:45,2026-10-13T19:45,2026-10-14T19:45,1058.2,2333.82,critical,accepted,0.216
LD02253,L443,L238,"Minneapolis, MN","Los Angeles, CA",dry_van,consumer goods,38040,False,2026-10-12T10:45,2026-10-12T14:45,2026-10-15T05:45,2026-10-15T17:45,1819.8,3925.63,standard,accepted,0.082
LD02442,L072,L119,"Atlanta, GA","New Orleans, LA",dry_van,paper products,31300,False,2026-10-12T10:45,2026-10-12T12:45,2026-10-12T22:45,2026-10-13T02:45,503.1,1329.1,critical,tentative,0.05
LD02583,L074,L429,"Dallas, TX","Chicago, IL",dry_van,consumer goods,20552,True,2026-10-12T10:45,2026-10-12T18:45,2026-10-13T16:45,2026-10-14T00:45,980.1,2283.52,standard,tendered,0.04
LD02595,L362,L377,"Houston, TX","Phoenix, AZ",reefer,produce,39776,False,2026-10-12T10:45,2026-10-12T14:45,2026-10-13T20:45,2026-10-14T04:45,1206.2,3305.91,standard,tendered,0.009
LD03331,L323,L471,"Detroit, MI","Charlotte, NC",dry_van,electronics,40443,False,2026-10-12T10:45,2026-10-12T18:45,2026-10-13T00:45,2026-10-13T08:45,582.0,1542.9,standard,tendered,0.039
LD03536,L278,L257,"Newark, NJ","Columbus, OH",dry_van,beverages,38955,False,2026-10-12T10:45,2026-10-12T16:45,2026-10-12T22:45,2026-10-13T06:45,543.3,1555.66,standard,tendered,0.015
LD03708,L215,L170,"Oklahoma City, OK","San Antonio, TX",flatbed,steel,32822,False,2026-10-12T10:45,2026-10-12T16:45,2026-10-12T23:45,2026-10-13T05:45,515.2,1462.03,standard,tendered,0.003
LD03760,L280,L271,"Kansas City, MO","Austin, TX",dry_van,paper products,40647,False,2026-10-12T10:45,2026-10-12T12:45,2026-10-13T14:45,2026-10-14T02:45,790.8,1938.78,standard,accepted,0.046
LD04609,L265,L190,"Harrisburg, PA","Oklahoma City, OK",dry_van,retail,33028,False,2026-10-12T10:45,2026-10-12T14:45,2026-10-14T10:45,2026-10-14T14:45,1440.4,3675.14,standard,tentative,0.019
LD04932,L251,L413,"Chicago, IL","Kansas City, MO",dry_van,beverages,33570,False,2026-10-12T10:45,2026-10-12T18:45,2026-10-12T21:45,2026-10-13T03:45,493.1,1399.29,standard,accepted,0.036
LD04988,L498,L061,"Louisville, KY","Charlotte, NC",dry_van,retail,43204,False,2026-10-12T10:45,2026-10-12T18:45,2026-10-12T20:45,2026-10-13T08:45,404.6,1321.22,standard,tendered,0.094
LD00142,L312,L089,"Los Angeles, CA","New Orleans, LA",dry_van,retail,19448,False,2026-10-12T11:00,2026-10-12T13:00,2026-10-15T09:00,2026-10-15T13:00,1971.4,4220.28,critical,tendered,0.01
LD00483,L489,L279,"Atlanta, GA","Columbus, OH",reefer,meat,20410,False,2026-10-12T11:00,2026-10-12T19:00,2026-10-13T01:00,2026-10-13T07:00,551.5,1686.77,high,accepted,0.036
LD00576,L045,L287,"Oklahoma City, OK","Atlanta, GA",reefer,produce,35534,False,2026-10-12T11:00,2026-10-12T19:00,2026-10-13T17:00,2026-10-14T05:00,904.2,2430.71,standard,tendered,0.041
LD01122,L122,L364,"Chicago, IL","Kansas City, MO",reefer,frozen food,37530,False,2026-10-12T11:00,2026-10-12T13:00,2026-10-12T23:00,2026-10-13T05:00,517.2,1819.98,standard,tendered,0.056
LD01149,L158,L079,"Atlanta, GA","Indianapolis, IN",dry_van,paper products,31600,False,2026-10-12T11:00,2026-10-12T15:00,2026-10-12T23:00,2026-10-13T03:00,545.1,1514.94,standard,tendered,0.007
LD01180,L148,L161,"Houston, TX","Nashville, TN",dry_van,auto parts,30320,False,2026-10-12T11:00,2026-10-12T17:00,2026-10-13T14:00,2026-10-14T14:00,792.0,2033.38,standard,tendered,0.078
LD01420,L398,L499,"Jacksonville, FL","Dallas, TX",dry_van,paper products,27139,False,2026-10-12T11:00,2026-10-12T15:00,2026-10-13T20:00,2026-10-14T00:00,1115.5,2999.01,standard,accepted,0.026
LD01643,L269,L233,"Harrisburg, PA","Miami, FL",dry_van,retail,22818,False,2026-10-12T11:00,2026-10-12T19:00,2026-10-14T10:00,2026-10-14T22:00,1235.1,3075.55,high,accepted,0.049
LD01672,L366,L449,"Newark, NJ","Indianapolis, IN",dry_van,retail,29345,False,2026-10-12T11:00,2026-10-12T13:00,2026-10-13T14:00,2026-10-13T22:00,788.7,1962.82,standard,tendered,0.042
LD01810,L196,L181,"Indianapolis, IN","Harrisburg, PA",dry_van,retail,37429,False,2026-10-12T11:00,2026-10-12T13:00,2026-10-12T23:00,2026-10-13T07:00,579.3,1508.35,standard,accepted,0.087
LD01825,L165,L316,"Newark, NJ","New Orleans, LA",dry_van,retail,40512,False,2026-10-12T11:00,2026-10-12T15:00,2026-10-14T11:00,2026-10-14T17:00,1404.5,3671.99,standard,tendered,0.065
LD02063,L355,L114,"Houston, TX","Dallas, TX",dry_van,consumer goods,31741,False,2026-10-12T11:00,2026-10-12T13:00,2026-10-12T18:00,2026-10-13T00:00,277.1,942.34,standard,tendered,0.033
LD02103,L391,L398,"Austin, TX","Jacksonville, FL",dry_van,consumer goods,31380,False,2026-10-12T11:00,2026-10-12T17:00,2026-10-13T22:00,2026-10-14T04:00,1203.0,2946.58,standard,accepted,0.043
LD02121,L374,L433,"Newark, NJ","Charlotte, NC",dry_van,auto parts,38844,False,2026-10-12T11:00,2026-10-12T13:00,2026-10-13T11:00,2026-10-13T23:00,667.2,1823.45,high,tendered,0.005
LD02129,L065,L252,"Miami, FL","Columbus, OH",dry_van,paper products,23589,False,2026-10-12T11:00,2026-10-12T13:00,2026-10-13T20:00,2026-10-14T02:00,1188.5,3184.96,standard,tendered,0.023
LD02339,L154,L120,"Laredo, TX","Austin, TX",dry_van,paper products,34094,False,2026-10-12T11:00,2026-10-12T17:00,2026-10-12T17:00,2026-10-13T01:00,241.7,820.56,high,tentative,0.002
LD02839,L250,L430,"Chicago, IL","Minneapolis, MN",dry_van,auto parts,39708,False,2026-10-12T11:00,2026-10-12T15:00,2026-10-12T21:00,2026-10-13T05:00,468.8,1470.43,standard,accepted,0.079
LD02872,L235,L044,"Louisville, KY","Dallas, TX",dry_van,electronics,30790,False,2026-10-12T11:00,2026-10-12T13:00,2026-10-13T17:00,2026-10-14T05:00,888.1,2287.25,high,accepted,0.107
LD03213,L154,L134,"Laredo, TX","Denver, CO",flatbed,steel,36111,False,2026-10-12T11:00,2026-10-12T17:00,2026-10-13T19:00,2026-10-13T23:00,1125.8,2866.05,standard,tendered,0.059
LD03295,L167,L434,"Little Rock, AR","Jacksonville, FL",dry_van,auto parts,33457,False,2026-10-12T11:00,2026-10-12T17:00,2026-10-13T16:00,2026-10-14T16:00,874.3,2214.67,standard,tendered,0.058
LD03333,L190,L182,"Oklahoma City, OK","Denver, CO",dry_van,consumer goods,28321,False,2026-10-12T11:00,2026-10-12T17:00,2026-10-13T01:00,2026-10-14T01:00,601.5,1456.76,standard,tendered,0.001
LD03365,L389,L361,"Newark, NJ","Little Rock, AR",reefer,dairy,25248,False,2026-10-12T11:00,2026-10-12T19:00,2026-10-14T08:00,2026-10-15T08:00,1268.4,3734.16,standard,tendered,0.017
LD03449,L179,L466,"Los Angeles, CA","Nashville, TN",flatbed,machinery,28691,False,2026-10-12T11:00,2026-10-12T13:00,2026-10-15T10:00,2026-10-16T10:00,2157.0,5210.79,critical,tendered,0.027
LD03946,L380,L240,"Birmingham, AL","Harrisburg, PA",dry_van,paper products,36093,False,2026-10-12T11:00,2026-10-12T17:00,2026-10-13T16:00,2026-10-13T20:00,864.8,2379.26,critical,tendered,0.049
LD04010,L203,L412,"St. Louis, MO","Memphis, TN",reefer,pharmaceuticals,28006,False,2026-10-12T11:00,2026-10-12T15:00,2026-10-12T17:00,2026-10-13T05:00,285.5,1101.32,standard,accepted,0.074
LD04126,L317,L187,"Little Rock, AR","Oklahoma City, OK",dry_van,consumer goods,31856,False,2026-10-12T11:00,2026-10-12T13:00,2026-10-12T20:00,2026-10-13T08:00,366.9,1192.87,standard,tendered,0.059
LD04563,L475,L048,"Indianapolis, IN","Newark, NJ",flatbed,machinery,29734,False,2026-10-12T11:00,2026-10-12T13:00,2026-10-13T13:00,2026-10-14T01:00,766.0,2060.02,critical,tendered,0.019
LD04603,L219,L443,"Nashville, TN","Minneapolis, MN",reefer,produce,22160,True,2026-10-12T11:00,2026-10-12T13:00,2026-10-13T15:00,2026-10-14T15:00,833.1,2586.41,standard,accepted,0.077
LD00404,L158,L097,"Atlanta, GA","Denver, CO",dry_van,auto parts,23569,False,2026-10-12T11:15,2026-10-12T17:15,2026-10-14T11:15,2026-10-14T17:15,1436.8,3315.91,standard,tendered,0.044
LD00693,L220,L359,"Chicago, IL","Orlando, FL",dry_van,electronics,38820,False,2026-10-12T11:15,2026-10-12T13:15,2026-10-13T21:15,2026-10-14T09:15,1175.9,3125.29,standard,accepted,0.013
LD00736,L098,L249,"Houston, TX","Little Rock, AR",dry_van,beverages,35484,False,2026-10-12T11:15,2026-10-12T15:15,2026-10-12T23:15,2026-10-13T05:15,490.6,1359.93,standard,tendered,0.065
LD00779,L190,L471,"Oklahoma City, OK","Charlotte, NC",dry_van,beverages,32342,False,2026-10-12T11:15,2026-10-12T13:15,2026-10-13T21:15,2026-10-14T01:15,1143.6,2482.58,standard,accepted,0.029
LD00874,L059,L320,"Austin, TX","Atlanta, GA",flatbed,machinery,36511,False,2026-10-12T11:15,2026-10-12T19:15,2026-10-13T18:15,2026-10-13T22:15,997.9,2800.51,standard,tendered,0.102
LD00963,L122,L180,"Chicago, IL","New Orleans, LA",dry_van,electronics,42776,False,2026-10-12T11:15,2026-10-12T17:15,2026-10-13T18:15,2026-10-14T18:15,1030.7,2580.2,standard,tendered,0.115
LD01129,L382,L416,"Memphis, TN","Chicago, IL",dry_van,retail,28715,False,2026-10-12T11:15,2026-10-12T17:15,2026-10-13T11:15,2026-10-13T23:15,608.6,1667.46,standard,accepted,0.058
LD01155,L055,L257,"Louisville, KY","Columbus, OH",dry_van,beverages,39898,False,2026-10-12T11:15,2026-10-12T15:15,2026-10-12T17:15,2026-10-13T01:15,211.9,702.14,standard,accepted,0.125
LD02495,L245,L097,"Nashville, TN","Denver, CO",dry_van,electronics,20552,False,2026-10-12T11:15,2026-10-12T15:15,2026-10-13T21:15,2026-10-14T09:15,1190.6,2794.06,standard,tendered,0.052
LD02691,L456,L465,"Memphis, TN","Kansas City, MO",reefer,meat,21761,False,2026-10-12T11:15,2026-10-12T13:15,2026-10-12T23:15,2026-10-13T11:15,439.4,1426.7,standard,tendered,0.033
LD02892,L382,L275,"Memphis, TN","Atlanta, GA",dry_van,beverages,35700,False,2026-10-12T11:15,2026-10-12T17:15,2026-10-12T20:15,2026-10-13T20:15,369.2,1217.64,standard,tendered,0.018
LD03211,L199,L446,"Phoenix, AZ","Charlotte, NC",dry_van,consumer goods,36977,False,2026-10-12T11:15,2026-10-12T15:15,2026-10-15T10:15,2026-10-15T14:15,2124.0,4918.13,critical,tentative,0.117
LD03253,L498,L446,"Louisville, KY","Charlotte, NC",dry_van,electronics,39913,False,2026-10-12T11:15,2026-10-12T13:15,2026-10-12T21:15,2026-10-13T09:15,391.7,1113.96,standard,accepted,0.03
LD03384,L062,L365,"Laredo, TX","Birmingham, AL",dry_van,consumer goods,14095,False,2026-10-12T11:15,2026-10-12T15:15,2026-10-13T19:15,2026-10-14T03:15,1016.7,2354.79,standard,tendered,0.042
LD04117,L072,L269,"Atlanta, GA","Harrisburg, PA",dry_van,retail,27210,False,2026-10-12T11:15,2026-10-12T17:15,2026-10-13T14:15,2026-10-13T20:15,761.0,1855.87,standard,tendered,0.089
LD04206,L076,L134,"Harrisburg, PA","Denver, CO",dry_van,beverages,30452,False,2026-10-12T11:15,2026-10-12T13:15,2026-10-14T18:15,2026-10-15T18:15,1781.6,3882.63,standard,tendered,0.001
LD04492,L075,L119,"Chicago, IL","New Orleans, LA",dry_van,consumer goods,37463,False,2026-10-12T11:15,2026-10-12T15:15,2026-10-13T17:15,2026-10-13T23:15,996.7,2583.86,standard,accepted,0.061
LD04844,L213,L339,"Jacksonville, FL","Denver, CO",dry_van,electronics,32847,False,2026-10-12T11:15,2026-10-12T15:15,2026-10-14T17:15,2026-10-15T17:15,1757.8,4433.84,standard,tendered,0.013
LD00022,L213,L140,"Jacksonville, FL","Kansas City, MO",dry_van,auto parts,39616,False,2026-10-12T11:30,2026-10-12T17:30,2026-10-13T20:30,2026-10-14T08:30,1152.1,2577.14,standard,accepted,0.022
LD00194,L221,L216,"Atlanta, GA","San Antonio, TX",dry_van,retail,32025,False,2026-10-12T11:30,2026-10-12T19:30,2026-10-13T19:30,2026-10-14T07:30,1083.3,2688.67,standard,tentative,0.098
LD00672,L380,L151,"Birmingham, AL","Minneapolis, MN",reefer,meat,26169,False,2026-10-12T11:30,2026-10-12T13:30,2026-10-13T19:30,2026-10-14T01:30,1026.3,2667.27,standard,tentative,0.039
LD00971,L366,L426,"Newark, NJ","St. Louis, MO",dry_van,auto parts,23994,False,2026-10-12T11:30,2026-10-12T13:30,2026-10-13T19:30,2026-10-14T07:30,1045.8,2493.46,standard,tendered,0.066
LD01245,L083,L306,"Indianapolis, IN","Dallas, TX",reefer,pharmaceuticals,18488,False,2026-10-12T11:30,2026-10-12T13:30,2026-10-13T17:30,2026-10-14T05:30,922.2,2694.14,standard,tendered,0.109
LD01273,L424,L407,"Austin, TX","Los Angeles, CA",reefer,dairy,9591,False,2026-10-12T11:30,2026-10-12T19:30,2026-10-14T11:30,2026-10-14T15:30,1458.4,4488.32,standard,accepted,0.051
LD01456,L278,L051,"Newark, NJ","Indianapolis, IN",dry_van,retail,25801,False,2026-10-12T11:30,2026-10-12T19:30,2026-10-13T13:30,2026-10-13T19:30,750.0,1797.68,standard,tentative,0.064
LD01564,L076,L119,"Harrisburg, PA","New Orleans, LA",reefer,pharmaceuticals,19230,False,2026-10-12T11:30,2026-10-12T17:30,2026-10-14T08:30,2026-10-14T16:30,1220.7,3304.33,high,accepted,0.072
LD02272,L074,L367,"Dallas, TX","Atlanta, GA",dry_van,beverages,32844,False,2026-10-12T11:30,2026-10-12T15:30,2026-10-13T15:30,2026-10-13T21:30,851.8,2268.81,high,tendered,0.027
LD02581,L156,L091,"Charlotte, NC","Columbus, OH",reefer,frozen food,23348,False,2026-10-12T11:30,2026-10-12T13:30,2026-10-12T20:30,2026-10-13T02:30,434.0,1398.13,standard,tendered,0.004
LD02593,L489,L126,"Atlanta, GA","Miami, FL",reefer,dairy,28496,False,2026-10-12T11:30,2026-10-12T13:30,2026-10-13T14:30,2026-10-13T18:30,738.8,2312.16,standard,tendered,0.021
LD02669,L161,L481,"Nashville, TN","Little Rock, AR",dry_van,electronics,26339,False,2026-10-12T11:30,2026-10-12T13:30,2026-10-12T20:30,2026-10-13T04:30,365.9,1084.6,standard,accepted,0.01
LD02894,L384,L339,"Minneapolis, MN","Denver, CO",dry_van,consumer goods,39409,False,2026-10-12T11:30,2026-10-12T13:30,2026-10-13T14:30,2026-10-14T14:30,825.2,1896.34,standard,tendered,0.015
LD03167,L388,L371,"Louisville, KY","Chicago, IL",dry_van,auto parts,40466,False,2026-10-12T11:30,2026-10-12T19:30,2026-10-12T18:30,2026-10-13T00:30,330.1,1079.05,high,tendered,0.003
LD03243,L148,L494,"Houston, TX","Dallas, TX",dry_van,beverages,38702,False,2026-10-12T11:30,2026-10-12T19:30,2026-10-12T19:30,2026-10-13T19:30,272.7,879.16,standard,tendered,0.008
LD03247,L458,L472,"Houston, TX","St. Louis, MO",dry_van,consumer goods,35343,False,2026-10-12T11:30,2026-10-12T13:30,2026-10-13T14:30,2026-10-13T18:30,853.2,2055.97,high,tendered,0.241
LD03675,L061,L482,"Charlotte, NC","Orlando, FL",dry_van,consumer goods,35536,False,2026-10-12T11:30,2026-10-12T19:30,2026-10-12T23:30,2026-10-13T07:30,542.3,1582.3,standard,tendered,0.089
LD03847,L278,L380,"Newark, NJ","Birmingham, AL",dry_van,electronics,41083,False,2026-10-12T11:30,2026-10-12T13:30,2026-10-13T17:30,2026-10-14T05:30,996.9,2605.59,high,tendered,0.01
LD04088,L437,L082,"Laredo, TX","Phoenix, AZ",reefer,produce,31134,False,2026-10-12T11:30,2026-10-12T19:30,2026-10-13T20:30,2026-10-14T04:30,1059.6,3349.82,standard,tendered,0.079
LD04489,L108,L347,"Houston, TX","Dallas, TX",reefer,frozen food,41580,False,2026-10-12T11:30,2026-10-12T17:30,2026-10-12T19:30,2026-10-13T03:30,300.5,1158.42,standard,tentative,0.021
LD00504,L148,L388,"Houston, TX","Louisville, KY",dry_van,electronics,34521,False,2026-10-12T11:45,2026-10-12T15:45,2026-10-13T18:45,2026-10-14T06:45,980.9,2652.79,standard,tendered,0.084
LD00723,L489,L370,"Atlanta, GA","Orlando, FL",dry_van,electronics,27452,False,2026-10-12T11:45,2026-10-12T15:45,2026-10-12T23:45,2026-10-13T11:45,484.7,1233.84,standard,accepted,0.24
LD00728,L314,L125,"Charlotte, NC","Dallas, TX",dry_van,retail,24041,False,2026-10-12T11:45,2026-10-12T13:45,2026-10-13T19:45,2026-10-14T03:45,1081.9,2471.81,standard,accepted,0.027
LD01396,L498,L383,"Louisville, KY","Charlotte, NC",reefer,dairy,21954,False,2026-10-12T11:45,2026-10-12T17:45,2026-10-12T21:45,2026-10-13T05:45,413.1,1348.94,high,accepted,0.227
LD01445,L112,L122,"Columbus, OH","Chicago, IL",dry_van,retail,11820,False,2026-10-12T11:45,2026-10-12T15:45,2026-10-12T20:45,2026-10-13T04:45,339.4,995.77,standard,tendered,0.279
LD01469,L346,L386,"Houston, TX","Oklahoma City, OK",dry_van,retail,24752,False,2026-10-12T11:45,2026-10-12T13:45,2026-10-12T22:45,2026-10-13T04:45,541.1,1551.94,standard,tendered,0.029
LD01548,L149,L061,"Jacksonville, FL","Charlotte, NC",dry_van,retail,22462,False,2026-10-12T11:45,2026-10-12T15:45,2026-10-12T20:45,2026-10-13T02:45,413.7,1165.46,standard,tendered,0.114
LD01621,L251,L365,"Chicago, IL","Birmingham, AL",reefer,pharmaceuticals,26685,False,2026-10-12T11:45,2026-10-12T15:45,2026-10-13T11:45,2026-10-13T23:45,691.2,2006.92,standard,tendered,0.096
LD01877,L358,L131,"Newark, NJ","Indianapolis, IN",dry_van,paper products,20024,False,2026-10-12T11:45,2026-10-12T13:45,2026-10-13T14:45,2026-10-14T14:45,792.4,2172.72,standard,tendered,0.209
LD03128,L223,L485,"Kansas City, MO","Nashville, TN",dry_van,consumer goods,26281,False,2026-10-12T11:45,2026-10-12T19:45,2026-10-12T23:45,2026-10-13T03:45,559.3,1552.8,standard,tendered,0.016
LD03218,L251,L414,"Chicago, IL","Memphis, TN",dry_van,retail,35876,False,2026-10-12T11:45,2026-10-12T17:45,2026-10-12T23:45,2026-10-13T05:45,552.5,1395.84,standard,accepted,0.008
LD03545,L342,L048,"Chicago, IL","Newark, NJ",dry_van,auto parts,30727,False,2026-10-12T11:45,2026-10-12T13:45,2026-10-13T14:45,2026-10-13T18:45,831.0,1895.78,standard,tendered,0.089
LD03602,L130,L487,"Memphis, TN","Dallas, TX",reefer,produce,30713,False,2026-10-12T11:45,2026-10-12T19:45,2026-10-12T23:45,2026-10-13T23:45,522.7,1543.86,standard,tendered,0.025
LD04386,L141,L243,"Oklahoma City, OK","Kansas City, MO",reefer,meat,31250,False,2026-10-12T11:45,2026-10-12T13:45,2026-10-12T21:45,2026-10-13T03:45,352.8,1218.18,standard,accepted,0.015
LD04431,L101,L053,"Birmingham, AL","Dallas, TX",dry_van,beverages,22550,False,2026-10-12T11:45,2026-10-12T15:45,2026-10-13T13:45,2026-10-14T13:45,708.4,1737.86,high,accepted,0.026
LD04570,L069,L424,"Los Angeles, CA","Austin, TX",dry_van,retail,35659,False,2026-10-12T11:45,2026-10-12T13:45,2026-10-14T13:45,2026-10-14T21:45,1471.4,3417.93,standard,tendered,0.078
LD00091,L412,L311,"Memphis, TN","Los Angeles, CA",flatbed,lumber,38880,False,2026-10-12T12:00,2026-10-12T14:00,2026-10-15T07:00,2026-10-15T19:00,1938.7,4823.09,standard,accepted,0.17
LD00214,L068,L288,"San Antonio, TX","Miami, FL",dry_van,paper products,35762,False,2026-10-12T12:00,2026-10-12T14:00,2026-10-14T11:00,2026-10-14T23:00,1351.6,3221.84,critical,accepted,0.074
LD00228,L439,L476,"Oklahoma City, OK","Chicago, IL",dry_van,beverages,28226,False,2026-10-12T12:00,2026-10-12T16:00,2026-10-13T16:00,2026-10-14T04:00,845.5,2176.54,high,tendered,0.156
LD00362,L495,L226,"Phoenix, AZ","Columbus, OH",dry_van,electronics,38081,False,2026-10-12T12:00,2026-10-12T14:00,2026-10-15T09:00,2026-10-15T15:00,1995.7,4743.56,standard,tendered,0.038
LD00622,L191,L082,"Los Angeles, CA","Phoenix, AZ",dry_van,electronics,29941,False,2026-10-12T12:00,2026-10-12T18:00,2026-10-13T00:00,2026-10-13T04:00,437.3,1260.16,high,tendered,0.096
LD01253,L064,L434,"Harrisburg, PA","Jacksonville, FL",dry_van,paper products,34635,True,2026-10-12T12:00,2026-10-12T18:00,2026-10-13T17:00,2026-10-14T01:00,915.2,2260.87,high,tentative,0.181
LD01350,L398,L347,"Jacksonville, FL","Dallas, TX",reefer,produce,31823,False,2026-10-12T12:00,2026-10-12T14:00,2026-10-13T22:00,2026-10-14T10:00,1133.3,3157.57,standard,tendered,0.289
LD01414,L158,L097,"Atlanta, GA","Denver, CO",dry_van,electronics,29804,True,2026-10-12T12:00,2026-10-12T18:00,2026-10-14T12:00,2026-10-14T18:00,1436.8,3748.1,high,tendered,0.019
LD01828,L050,L270,"Atlanta, GA","Detroit, MI",dry_van,electronics,41373,False,2026-10-12T12:00,2026-10-12T14:00,2026-10-13T13:00,2026-10-14T13:00,708.0,1907.93,standard,tendered,0.088
LD01829,L093,L497,"Houston, TX","Memphis, TN",dry_van,consumer goods,37028,False,2026-10-12T12:00,2026-10-12T18:00,2026-10-13T13:00,2026-10-13T21:00,636.6,1827.74,high,accepted,0.057
LD02055,L143,L109,"Chicago, IL","Dallas, TX",dry_van,retail,34143,False,2026-10-12T12:00,2026-10-12T14:00,2026-10-13T18:00,2026-10-14T18:00,946.1,2163.94,standard,tendered,0.089
LD02251,L221,L288,"Atlanta, GA","Miami, FL",dry_van,retail,36548,False,2026-10-12T12:00,2026-10-12T16:00,2026-10-13T14:00,2026-10-14T02:00,729.4,1726.53,standard,tendered,0.009
LD02643,L233,L388,"Miami, FL","Louisville, KY",dry_van,electronics,21056,False,2026-10-12T12:00,2026-10-12T14:00,2026-10-13T21:00,2026-10-14T03:00,1108.3,2986.34,standard,tendered,0.093
LD02680,L054,L342,"Austin, TX","Chicago, IL",dry_van,retail,29341,False,2026-10-12T12:00,2026-10-12T14:00,2026-10-13T21:00,2026-10-14T05:00,1189.1,3088.59,standard,tendered,0.013
LD02759,L269,L297,"Harrisburg, PA","Jacksonville, FL",dry_van,beverages,16927,False,2026-10-12T12:00,2026-10-12T20:00,2026-10-13T19:00,2026-10-14T07:00,911.8,2450.32,critical,tentative,0.092
LD03013,L169,L257,"Charlotte, NC","Columbus, OH",dry_van,consumer goods,38308,False,2026-10-12T12:00,2026-10-12T14:00,2026-10-12T22:00,2026-10-13T22:00,407.3,1118.52,standard,accepted,0.054
LD03119,L167,L487,"Little Rock, AR","Dallas, TX",dry_van,paper products,32104,False,2026-10-12T12:00,2026-10-12T20:00,2026-10-12T21:00,2026-10-13T09:00,342.7,1135.6,standard,tendered,0.177
LD03387,L273,L480,"Newark, NJ","Birmingham, AL",dry_van,electronics,37406,False,2026-10-12T12:00,2026-10-12T20:00,2026-10-13T18:00,2026-10-13T22:00,989.9,2484.1,standard,accepted,0.026
LD03624,L377,L182,"Phoenix, AZ","Denver, CO",dry_van,auto parts,20337,False,2026-10-12T12:00,2026-10-12T18:00,2026-10-13T14:00,2026-10-13T22:00,682.5,1842.5,standard,accepted,0.042
LD03679,L498,L303,"Louisville, KY","Oklahoma City, OK",reefer,meat,26449,False,2026-10-12T12:00,2026-10-12T14:00,2026-10-13T15:00,2026-10-13T19:00,816.4,2344.26,critical,tendered,0.083
LD04026,L098,L274,"Houston, TX","St. Louis, MO",dry_van,beverages,22464,False,2026-10-12T12:00,2026-10-12T14:00,2026-10-13T16:00,2026-10-14T00:00,822.2,2104.89,standard,accepted,0.007
LD04086,L092,L084,"Chicago, IL","St. Louis, MO",reefer,pharmaceuticals,23753,False,2026-10-12T12:00,2026-10-12T14:00,2026-10-12T19:00,2026-10-13T03:00,296.5,1117.2,standard,tendered,0.322
LD04586,L373,L411,"Atlanta, GA","Austin, TX",dry_van,auto parts,37784,False,2026-10-12T12:00,2026-10-12T18:00,2026-10-13T18:00,2026-10-14T18:00,984.5,2209.38,high,tendered,0.065
LD04681,L043,L379,"Chicago, IL","Laredo, TX",dry_van,electronics,43742,False,2026-10-12T12:00,2026-10-12T18:00,2026-10-14T13:00,2026-10-14T17:00,1408.4,3540.48,standard,tendered,0.054
LD04794,L317,L486,"Little Rock, AR","Louisville, KY",reefer,frozen food,29378,False,2026-10-12T12:00,2026-10-12T14:00,2026-10-13T00:00,2026-10-13T12:00,532.9,1756.68,standard,accepted,0.113
LD00128,L074,L358,"Dallas, TX","Newark, NJ",dry_van,paper products,28334,False,2026-10-12T12:15,2026-10-12T14:15,2026-10-14T16:15,2026-10-14T22:15,1648.3,4114.76,high,tendered,0.019
LD00155,L180,L309,"New Orleans, LA","Phoenix, AZ",reefer,produce,24276,False,2026-10-12T12:15,2026-10-12T18:15,2026-10-14T16:15,2026-10-15T04:15,1582.5,3970.32,standard,tendered,0.124
LD00394,L452,L190,"Chicago, IL","Oklahoma City, OK",flatbed,steel,37044,False,2026-10-12T12:15,2026-10-12T14:15,2026-10-13T16:15,2026-10-14T04:15,876.7,2433.54,standard,tendered,0.025
LD00403,L060,L368,"Dallas, TX","Oklahoma City, OK",dry_van,paper products,28285,False,2026-10-12T12:15,2026-10-12T14:15,2026-10-12T18:15,2026-10-13T18:15,237.3,778.84,standard,tendered,0.047
LD00529,L397,L100,"Laredo, TX","Charlotte, NC",reefer,meat,25850,False,2026-10-12T12:15,2026-10-12T16:15,2026-10-14T11:15,2026-10-14T15:15,1399.8,4340.05,standard,tentative,0.089
LD00572,L489,L272,"Atlanta, GA","Nashville, TN",dry_van,retail,33354,False,2026-10-12T12:15,2026-10-12T18:15,2026-10-12T20:15,2026-10-13T08:15,265.5,878.25,standard,tendered,0.006
LD00608,L061,L313,"Charlotte, NC","Miami, FL",flatbed,machinery,36260,False,2026-10-12T12:15,2026-10-12T16:15,2026-10-13T15:15,2026-10-13T19:15,793.6,2051.18,standard,accepted,0.039
LD00952,L142,L313,"Atlanta, GA","Miami, FL",dry_van,consumer goods,23148,False,2026-10-12T12:15,2026-10-12T18:15,2026-10-13T15:15,2026-10-13T19:15,729.9,1814.26,standard,accepted,0.196
LD01036,L116,L347,"Charlotte, NC","Dallas, TX",dry_van,electronics,26098,False,2026-10-12T12:15,2026-10-12T14:15,2026-10-13T21:15,2026-10-14T09:15,1115.5,2565.27,high,tentative,0.142
LD01102,L437,L434,"Laredo, TX","Jacksonville, FL",reefer,meat,30883,False,2026-10-12T12:15,2026-10-12T14:15,2026-10-14T11:15,2026-10-14T23:15,1285.5,3230.59,standard,tendered,0.005
LD01213,L148,L217,"Houston, TX","Charlotte, NC",reefer,pharmaceuticals,38698,False,2026-10-12T12:15,2026-10-12T16:15,2026-10-13T21:15,2026-10-14T05:15,1123.5,3562.52,critical,accepted,0.008
LD01839,L223,L121,"Kansas City, MO","Dallas, TX",dry_van,beverages,40664,False,2026-10-12T12:15,2026-10-12T16:15,2026-10-13T00:15,2026-10-13T06:15,544.7,1541.91,standard,tentative,0.049
LD02056,L242,L227,"Little Rock, AR","Charlotte, NC",dry_van,consumer goods,29457,False,2026-10-12T12:15,2026-10-12T16:15,2026-10-13T15:15,2026-10-14T15:15,781.3,1894.78,high,accepted,0.052
LD02258,L161,L458,"Nashville, TN","Houston, TX",dry_van,retail,31292,False,2026-10-12T12:15,2026-10-12T20:15,2026-10-13T15:15,2026-10-13T19:15,819.9,2050.55,standard,tendered,0.171
LD02305,L333,L061,"Miami, FL","Charlotte, NC",reefer,produce,24978,False,2026-10-12T12:15,2026-10-12T20:15,2026-10-13T16:15,2026-10-14T16:15,824.7,3075.84,standard,tendered,0.171
LD02403,L387,L304,"Chicago, IL","New Orleans, LA",dry_van,paper products,36711,False,2026-10-12T12:15,2026-10-12T14:15,2026-10-13T18:15,2026-10-14T06:15,1005.8,2681.64,standard,accepted,0.133
LD02508,L246,L492,"Columbus, OH","Charlotte, NC",dry_van,electronics,28383,True,2026-10-12T12:15,2026-10-12T18:15,2026-10-12T22:15,2026-10-13T04:15,398.3,1236.53,standard,accepted,0.019
LD03028,L092,L213,"Chicago, IL","Jacksonville, FL",dry_van,auto parts,34277,False,2026-10-12T12:15,2026-10-12T20:15,2026-10-13T19:15,2026-10-14T19:15,1028.4,2411.11,standard,accepted,0.002
LD04085,L106,L426,"Chicago, IL","St. Louis, MO",flatbed,lumber,31207,False,2026-10-12T12:15,2026-10-12T14:15,2026-10-12T20:15,2026-10-13T08:15,315.4,1035.67,standard,tentative,0.039
LD04547,L392,L252,"Detroit, MI","Columbus, OH",reefer,dairy,23432,False,2026-10-12T12:15,2026-10-12T16:15,2026-10-12T18:15,2026-10-13T18:15,213.7,823.6,standard,tentative,0.063
LD00388,L332,L207,"Indianapolis, IN","Birmingham, AL",dry_van,retail,9759,False,2026-10-12T12:30,2026-10-12T20:30,2026-10-13T00:30,2026-10-13T12:30,487.4,1322.29,standard,tendered,0.049
LD00640,L327,L131,"Atlanta, GA","Indianapolis, IN",dry_van,electronics,23851,False,2026-10-12T12:30,2026-10-12T14:30,2026-10-12T22:30,2026-10-13T02:30,484.6,1368.67,standard,tendered,0.017
LD01190,L276,L204,"Charlotte, NC","Kansas City, MO",dry_van,retail,31275,False,2026-10-12T12:30,2026-10-12T20:30,2026-10-13T18:30,2026-10-14T18:30,957.9,2371.81,standard,accepted,0.052
LD01368,L458,L252,"Houston, TX","Columbus, OH",reefer,dairy,26363,False,2026-10-12T12:30,2026-10-12T14:30,2026-10-14T08:30,2026-10-14T20:30,1213.0,3351.47,standard,tendered,0.086
LD01401,L169,L097,"Charlotte, NC","Denver, CO",dry_van,beverages,35549,False,2026-10-12T12:30,2026-10-12T16:30,2026-10-14T16:30,2026-10-14T20:30,1616.5,3895.05,standard,accepted,0.16
LD01543,L423,L441,"St. Louis, MO","Columbus, OH",dry_van,electronics,37035,False,2026-10-12T12:30,2026-10-12T18:30,2026-10-12T23:30,2026-10-13T07:30,470.1,1478.41,standard,accepted,0.114
LD01740,L282,L201,"Little Rock, AR","Dallas, TX",reefer,produce,31057,True,2026-10-12T12:30,2026-10-12T14:30,2026-10-12T21:30,2026-10-13T03:30,307.2,1172.86,standard,tendered,0.025
LD01807,L380,L151,"Birmingham, AL","Minneapolis, MN",flatbed,lumber,37359,False,2026-10-12T12:30,2026-10-12T18:30,2026-10-13T20:30,2026-10-14T02:30,1026.3,2629.32,standard,tendered,0.13
LD02544,L146,L192,"Detroit, MI","Chicago, IL",reefer,dairy,25211,False,2026-10-12T12:30,2026-10-12T18:30,2026-10-12T20:30,2026-10-13T08:30,261.4,941.95,standard,tendered,0.006
LD02755,L336,L055,"Columbus, OH","Louisville, KY",dry_van,electronics,29868,False,2026-10-12T12:30,2026-10-12T20:30,2026-10-12T18:30,2026-10-13T18:30,205.0,818.63,standard,tendered,0.119
LD03041,L419,L249,"Charlotte, NC","Little Rock, AR",dry_van,auto parts,34197,False,2026-10-12T12:30,2026-10-12T14:30,2026-10-13T16:30,2026-10-14T04:30,780.4,2100.76,standard,tendered,0.032
LD03175,L290,L097,"New Orleans, LA","Denver, CO",dry_van,beverages,24998,False,2026-10-12T12:30,2026-10-12T18:30,2026-10-14T10:30,2026-10-15T10:30,1325.1,3087.32,standard,tendered,0.033
LD03271,L279,L255,"Columbus, OH","Detroit, MI",dry_van,beverages,35378,False,2026-10-12T12:30,2026-10-12T14:30,2026-10-12T18:30,2026-10-13T18:30,211.5,758.84,standard,tentative,0.007
LD03525,L106,L465,"Chicago, IL","Kansas City, MO",dry_van,auto parts,42726,False,2026-10-12T12:30,2026-10-12T14:30,2026-10-12T23:30,2026-10-13T23:30,512.5,1347.74,standard,tendered,0.095
LD03802,L387,L194,"Chicago, IL","Los Angeles, CA",dry_van,paper products,34661,False,2026-10-12T12:30,2026-10-12T14:30,2026-10-15T10:30,2026-10-16T10:30,2103.5,4369.12,standard,tendered,0.063
LD03960,L190,L143,"Oklahoma City, OK","Chicago, IL",dry_van,paper products,13144,True,2026-10-12T12:30,2026-10-12T14:30,2026-10-13T16:30,2026-10-13T22:30,835.4,2029.21,critical,accepted,0.004
LD04290,L188,L047,"Phoenix, AZ","El Paso, TX",dry_van,consumer goods,37600,False,2026-10-12T12:30,2026-10-12T20:30,2026-10-12T21:30,2026-10-13T09:30,387.3,1354.55,standard,tendered,0.043
LD04518,L269,L328,"Harrisburg, PA","Austin, TX",reefer,frozen food,12370,False,2026-10-12T12:30,2026-10-12T14:30,2026-10-14T18:30,2026-10-15T06:30,1663.8,4277.13,standard,tendered,0.01
LD04980,L294,L368,"Los Angeles, CA","Oklahoma City, OK",dry_van,retail,39761,False,2026-10-12T12:30,2026-10-12T16:30,2026-10-14T12:30,2026-10-14T18:30,1387.5,3433.49,high,tendered,0.137
LD00041,L170,L091,"San Antonio, TX","Columbus, OH",dry_van,beverages,38252,False,2026-10-12T12:45,2026-10-12T14:45,2026-10-14T12:45,2026-10-14T18:45,1362.6,3539.24,standard,accepted,0.078
LD00211,L142,L386,"Atlanta, GA","Oklahoma City, OK",dry_van,retail,26371,True,2026-10-12T12:45,2026-10-12T16:45,2026-10-13T18:45,2026-10-14T18:45,919.8,2160.16,standard,accepted,0.0
LD01053,L458,L361,"Houston, TX","Little Rock, AR",flatbed,building materials,36408,False,2026-10-12T12:45,2026-10-12T18:45,2026-10-12T23:45,2026-10-13T07:45,491.8,1486.92,standard,accepted,0.001
LD01257,L157,L246,"Dallas, TX","Columbus, OH",dry_van,beverages,31417,False,2026-10-12T12:45,2026-10-12T16:45,2026-10-13T21:45,2026-10-14T21:45,1101.2,2632.88,standard,accepted,0.041
LD01692,L381,L306,"Los Angeles, CA","Dallas, TX",dry_van,auto parts,39913,False,2026-10-12T12:45,2026-10-12T20:45,2026-10-14T13:45,2026-10-14T17:45,1456.3,3633.36,standard,tendered,0.014
LD01702,L220,L480,"Chicago, IL","Birmingham, AL",dry_van,beverages,29758,False,2026-10-12T12:45,2026-10-12T14:45,2026-10-13T13:45,2026-10-13T17:45,669.5,1873.01,high,tentative,0.05
LD02031,L391,L472,"Austin, TX","St. Louis, MO",dry_van,beverages,41838,False,2026-10-12T12:45,2026-10-12T14:45,2026-10-13T17:45,2026-10-14T05:45,883.0,2137.88,standard,tendered,0.052
LD02032,L255,L408,"Detroit, MI","Charlotte, NC",dry_van,auto parts,12463,False,2026-10-12T12:45,2026-10-12T14:45,2026-10-13T03:45,2026-10-13T07:45,604.1,1788.72,standard,tendered,0.056
LD02081,L312,L351,"Los Angeles, CA","Chicago, IL",reefer,produce,15087,False,2026-10-12T12:45,2026-10-12T16:45,2026-10-15T12:45,2026-10-15T20:45,2101.1,5870.04,standard,accepted,0.049
LD02236,L262,L114,"Minneapolis, MN","Dallas, TX",dry_van,retail,21949,False,2026-10-12T12:45,2026-10-12T20:45,2026-10-13T18:45,2026-10-14T06:45,1014.4,2402.39,standard,tentative,0.083
LD02587,L205,L336,"Oklahoma City, OK","Columbus, OH",reefer,meat,34870,False,2026-10-12T12:45,2026-10-12T16:45,2026-10-13T18:45,2026-10-14T06:45,1015.7,2835.7,standard,accepted,0.041
LD02684,L491,L112,"Minneapolis, MN","Columbus, OH",dry_van,auto parts,27504,False,2026-10-12T12:45,2026-10-12T20:45,2026-10-13T13:45,2026-10-14T01:45,756.5,1848.59,standard,accepted,0.02
LD02820,L334,L401,"Chicago, IL","Los Angeles, CA",dry_van,beverages,23223,False,2026-10-12T12:45,2026-10-12T14:45,2026-10-15T11:45,2026-10-16T11:45,2104.6,4895.53,standard,accepted,0.043
LD03075,L100,L083,"Charlotte, NC","Indianapolis, IN",flatbed,pipe,41524,False,2026-10-12T12:45,2026-10-12T16:45,2026-10-13T00:45,2026-10-13T04:45,524.9,1545.58,critical,tendered,0.063
LD03210,L375,L177,"Columbus, OH","Dallas, TX",reefer,frozen food,40258,False,2026-10-12T12:45,2026-10-12T16:45,2026-10-13T20:45,2026-10-14T20:45,1101.7,3061.43,standard,tentative,0.028
LD03854,L271,L188,"Austin, TX","Phoenix, AZ",dry_van,consumer goods,20833,False,2026-10-12T12:45,2026-10-12T18:45,2026-10-13T19:45,2026-10-14T03:45,1014.4,2552.41,standard,accepted,0.122
LD03893,L246,L297,"Columbus, OH","Jacksonville, FL",dry_van,beverages,17169,False,2026-10-12T12:45,2026-10-12T16:45,2026-10-13T16:45,2026-10-14T00:45,809.4,1929.61,standard,tendered,0.028
LD04068,L472,L164,"St. Louis, MO","San Antonio, TX",reefer,pharmaceuticals,39331,False,2026-10-12T12:45,2026-10-12T20:45,2026-10-13T18:45,2026-10-13T22:45,925.8,2999.39,high,tendered,0.026
LD04288,L129,L206,"New Orleans, LA","Oklahoma City, OK",reefer,frozen food,34717,False,2026-10-12T12:45,2026-10-12T14:45,2026-10-13T13:45,2026-10-14T01:45,703.7,2139.21,standard,tendered,0.055
LD04828,L179,L330,"Los Angeles, CA","Kansas City, MO",flatbed,pipe,27221,False,2026-10-12T12:45,2026-10-12T14:45,2026-10-14T15:45,2026-10-14T23:45,1609.7,3912.77,standard,tendered,0.105
LD04841,L476,L284,"Chicago, IL","Atlanta, GA",dry_van,retail,34912,False,2026-10-12T12:45,2026-10-12T20:45,2026-10-13T13:45,2026-10-14T01:45,697.6,1732.29,standard,tentative,0.016
LD04885,L165,L446,"Newark, NJ","Charlotte, NC",dry_van,auto parts,37351,False,2026-10-12T12:45,2026-10-12T14:45,2026-10-13T11:45,2026-10-13T19:45,624.6,1674.12,standard,accepted,0.148
LD00101,L472,L111,"St. Louis, MO","Newark, NJ",reefer,produce,40354,False,2026-10-12T13:00,2026-10-12T17:00,2026-10-13T21:00,2026-10-14T01:00,1047.4,3287.87,high,accepted,0.04
LD00314,L398,L161,"Jacksonville, FL","Nashville, TN",flatbed,steel,36764,False,2026-10-12T13:00,2026-10-12T21:00,2026-10-13T13:00,2026-10-14T13:00,623.5,1976.75,standard,tendered,0.158
LD00899,L384,L349,"Minneapolis, MN","Charlotte, NC",dry_van,beverages,43655,True,2026-10-12T13:00,2026-10-12T15:00,2026-10-13T22:00,2026-10-14T02:00,1137.7,2573.44,standard,accepted,0.159
LD01182,L438,L068,"Dallas, TX","San Antonio, TX",dry_van,auto parts,40187,False,2026-10-12T13:00,2026-10-12T15:00,2026-10-12T21:00,2026-10-13T01:00,289.9,891.75,standard,tentative,0.004
LD01406,L176,L164,"Denver, CO","San Antonio, TX",dry_van,auto parts,19863,False,2026-10-12T13:00,2026-10-12T21:00,2026-10-13T19:00,2026-10-14T07:00,928.2,2424.61,standard,tendered,0.034
LD01683,L468,L414,"Newark, NJ","Memphis, TN",dry_van,auto parts,37464,False,2026-10-12T13:00,2026-10-12T21:00,2026-10-13T21:00,2026-10-14T21:00,1129.1,2797.64,high,accepted,0.055
LD02199,L423,L218,"St. Louis, MO","Oklahoma City, OK",reefer,meat,40079,False,2026-10-12T13:00,2026-10-12T19:00,2026-10-13T01:00,2026-10-13T07:00,564.5,1613.87,high,tentative,0.12
LD02271,L491,L424,"Minneapolis, MN","Austin, TX",dry_van,electronics,29174,False,2026-10-12T13:00,2026-10-12T21:00,2026-10-14T10:00,2026-10-14T14:00,1301.7,3454.3,standard,tendered,0.014
LD03031,L454,L267,"Houston, TX","Indianapolis, IN",dry_van,consumer goods,31474,False,2026-10-12T13:00,2026-10-12T17:00,2026-10-13T20:00,2026-10-14T20:00,1036.2,2387.22,standard,tendered,0.013
LD03507,L258,L236,"Charlotte, NC","New Orleans, LA",dry_van,auto parts,37450,False,2026-10-12T13:00,2026-10-12T21:00,2026-10-13T15:00,2026-10-13T19:00,773.0,2145.18,standard,accepted,0.074
LD03937,L246,L143,"Columbus, OH","Chicago, IL",dry_van,auto parts,10587,False,2026-10-12T13:00,2026-10-12T19:00,2026-10-12T22:00,2026-10-13T02:00,325.6,920.61,standard,tendered,0.051
LD03954,L358,L486,"Newark, NJ","Louisville, KY",dry_van,electronics,34954,False,2026-10-12T13:00,2026-10-12T15:00,2026-10-13T15:00,2026-10-13T21:00,759.5,1925.17,standard,tendered,0.132
LD04064,L161,L309,"Nashville, TN","Phoenix, AZ",dry_van,electronics,33849,False,2026-10-12T13:00,2026-10-12T15:00,2026-10-14T19:00,2026-10-14T23:00,1737.4,4229.45,standard,tendered,0.044
LD04099,L278,L159,"Newark, NJ","Houston, TX",dry_van,electronics,25484,False,2026-10-12T13:00,2026-10-12T15:00,2026-10-14T17:00,2026-10-15T01:00,1675.8,4034.29,standard,accepted,0.14
LD04375,L161,L267,"Nashville, TN","Indianapolis, IN",dry_van,consumer goods,29993,False,2026-10-12T13:00,2026-10-12T17:00,2026-10-12T21:00,2026-10-13T21:00,303.2,887.88,standard,tendered,0.023
LD04815,L443,L229,"Minneapolis, MN","Denver, CO",flatbed,pipe,39380,False,2026-10-12T13:00,2026-10-12T21:00,2026-10-13T18:00,2026-10-14T06:00,822.2,2504.01,standard,accepted,0.053
LD00414,L219,L338,"Nashville, TN","Dallas, TX",dry_van,retail,20270,False,2026-10-12T13:15,2026-10-12T19:15,2026-10-13T15:15,2026-10-13T19:15,739.6,1943.81,standard,accepted,0.134
LD00419,L371,L309,"Chicago, IL","Phoenix, AZ",dry_van,auto parts,43356,False,2026-10-12T13:15,2026-10-12T15:15,2026-10-14T21:15,2026-10-15T05:15,1753.9,3883.9,standard,tendered,0.079
LD00619,L358,L352,"Newark, NJ","Chicago, IL",dry_van,consumer goods,32521,False,2026-10-12T13:15,2026-10-12T15:15,2026-10-13T17:15,2026-10-13T23:15,854.2,2307.47,high,accepted,0.155
LD00680,L061,L304,"Charlotte, NC","New Orleans, LA",dry_van,retail,28863,False,2026-10-12T13:15,2026-10-12T21:15,2026-10-13T16:15,2026-10-14T16:15,781.0,1935.98,standard,tentative,0.037
LD01043,L255,L349,"Detroit, MI","Charlotte, NC",flatbed,machinery,34306,False,2026-10-12T13:15,2026-10-12T17:15,2026-10-13T14:15,2026-10-13T22:15,637.8,1973.21,standard,tendered,0.115
LD01629,L251,L070,"Chicago, IL","Little Rock, AR",reefer,frozen food,39747,False,2026-10-12T13:15,2026-10-12T19:15,2026-10-13T13:15,2026-10-14T13:15,651.3,2126.42,standard,tendered,0.109
LD01968,L154,L187,"Laredo, TX","Oklahoma City, OK",dry_van,retail,33482,False,2026-10-12T13:15,2026-10-12T17:15,2026-10-13T13:15,2026-10-13T21:15,669.5,1700.69,standard,tentative,0.074
LD02308,L426,L083,"St. Louis, MO","Indianapolis, IN",dry_van,electronics,41515,True,2026-10-12T13:15,2026-10-12T15:15,2026-10-12T21:15,2026-10-13T03:15,282.5,939.21,standard,accepted,0.049
LD02437,L355,L091,"Houston, TX","Columbus, OH",flatbed,machinery,28191,False,2026-10-12T13:15,2026-10-12T15:15,2026-10-13T23:15,2026-10-14T11:15,1182.9,2972.97,standard,accepted,0.02
LD02793,L324,L341,"Houston, TX","Charlotte, NC",flatbed,building materials,29395,False,2026-10-12T13:15,2026-10-12T21:15,2026-10-13T20:15,2026-10-14T02:15,1085.9,3175.06,standard,tentative,0.017
LD03751,L485,L274,"Nashville, TN","St. Louis, MO",dry_van,auto parts,26435,False,2026-10-12T13:15,2026-10-12T15:15,2026-10-12T21:15,2026-10-13T21:15,281.7,876.58,standard,accepted,0.093
LD03826,L213,L285,"Jacksonville, FL","Indianapolis, IN",dry_van,consumer goods,20487,False,2026-10-12T13:15,2026-10-12T15:15,2026-10-13T17:15,2026-10-13T21:15,867.1,2002.03,high,tendered,0.021
LD03858,L145,L427,"Newark, NJ","Atlanta, GA",dry_van,electronics,38500,False,2026-10-12T13:15,2026-10-12T19:15,2026-10-13T17:15,2026-10-14T17:15,895.9,2330.17,high,tendered,0.006
LD00647,L472,L159,"St. Louis, MO","Houston, TX",dry_van,retail,34070,True,2026-10-12T13:30,2026-10-12T21:30,2026-10-13T17:30,2026-10-14T05:30,844.7,2116.81,standard,accepted,0.028
LD01050,L324,L205,"Houston, TX","Oklahoma City, OK",dry_van,paper products,17474,False,2026-10-12T13:30,2026-10-12T21:30,2026-10-12T23:30,2026-10-13T23:30,476.9,1267.42,standard,tendered,0.051
LD01250,L315,L110,"Harrisburg, PA","Dallas, TX",reefer,pharmaceuticals,33101,False,2026-10-12T13:30,2026-10-12T21:30,2026-10-14T14:30,2026-10-14T22:30,1429.1,3681.39,high,tendered,0.026
LD01489,L108,L084,"Houston, TX","St. Louis, MO",flatbed,steel,20517,False,2026-10-12T13:30,2026-10-12T15:30,2026-10-13T17:30,2026-10-14T17:30,850.5,2365.57,standard,tendered,0.046
LD01566,L137,L115,"Jacksonville, FL","Miami, FL",dry_van,electronics,28920,False,2026-10-12T13:30,2026-10-12T19:30,2026-10-12T22:30,2026-10-13T02:30,397.8,1255.77,standard,tendered,0.107
LD01801,L472,L264,"St. Louis, MO","Birmingham, AL",dry_van,retail,35710,False,2026-10-12T13:30,2026-10-12T17:30,2026-10-13T01:30,2026-10-13T07:30,495.1,1470.94,critical,accepted,0.021
LD02344,L396,L134,"Little Rock, AR","Denver, CO",flatbed,lumber,43711,False,2026-10-12T13:30,2026-10-12T17:30,2026-10-13T20:30,2026-10-14T00:30,969.7,2536.25,high,accepted,0.031
LD03392,L413,L084,"Kansas City, MO","St. Louis, MO",dry_van,consumer goods,39007,False,2026-10-12T13:30,2026-10-12T15:30,2026-10-12T21:30,2026-10-13T21:30,286.7,884.89,standard,tentative,0.121
LD03456,L143,L356,"Chicago, IL","New Orleans, LA",flatbed,building materials,23291,False,2026-10-12T13:30,2026-10-12T17:30,2026-10-13T20:30,2026-10-14T20:30,997.8,2952.5,standard,tendered,0.004
LD03534,L150,L097,"Columbus, OH","Denver, CO",dry_van,auto parts,29380,False,2026-10-12T13:30,2026-10-12T19:30,2026-10-14T13:30,2026-10-15T13:30,1389.4,3045.86,standard,tentative,0.158
LD04187,L344,L128,"Laredo, TX","Miami, FL",dry_van,beverages,38433,False,2026-10-12T13:30,2026-10-12T15:30,2026-10-14T14:30,2026-10-15T02:30,1434.4,3114.42,standard,tendered,0.101
LD04501,L387,L105,"Chicago, IL","Kansas City, MO",dry_van,auto parts,41742,True,2026-10-12T13:30,2026-10-12T17:30,2026-10-13T00:30,2026-10-13T08:30,484.1,1273.44,standard,tentative,0.113
LD04925,L281,L476,"Dallas, TX","Chicago, IL",dry_van,paper products,32722,False,2026-10-12T13:30,2026-10-12T15:30,2026-10-13T18:30,2026-10-14T18:30,974.8,2687.91,standard,accepted,0.048
LD00135,L324,L380,"Houston, TX","Birmingham, AL",reefer,pharmaceuticals,25842,False,2026-10-12T13:45,2026-10-12T17:45,2026-10-13T13:45,2026-10-14T13:45,654.6,1836.61,standard,tendered,0.121
LD00893,L221,L079,"Atlanta, GA","Indianapolis, IN",reefer,dairy,17713,False,2026-10-12T13:45,2026-10-12T21:45,2026-10-13T01:45,2026-10-13T09:45,521.8,1712.55,standard,accepted,0.104
LD00950,L324,L053,"Houston, TX","Dallas, TX",dry_van,beverages,33801,False,2026-10-12T13:45,2026-10-12T17:45,2026-10-12T19:45,2026-10-13T01:45,242.4,802.19,standard,accepted,0.175
LD01072,L106,L445,"Chicago, IL","Los Angeles, CA",dry_van,retail,26704,False,2026-10-12T13:45,2026-10-12T17:45,2026-10-15T11:45,2026-10-15T17:45,2116.5,4698.43,standard,tendered,0.055
LD01113,L131,L266,"Indianapolis, IN","Columbus, OH",reefer,pharmaceuticals,40201,False,2026-10-12T13:45,2026-10-12T17:45,2026-10-12T20:45,2026-10-13T04:45,228.2,1007.31,high,accepted,0.018
LD02161,L137,L220,"Jacksonville, FL","Chicago, IL",dry_van,consumer goods,38110,False,2026-10-12T13:45,2026-10-12T17:45,2026-10-13T20:45,2026-10-14T02:45,1050.1,2620.36,standard,accepted,0.019
LD02312,L101,L051,"Birmingham, AL","Indianapolis, IN",flatbed,machinery,17180,True,2026-10-12T13:45,2026-10-12T15:45,2026-10-13T00:45,2026-10-13T06:45,469.1,1518.45,standard,tentative,0.073
LD02776,L129,L125,"New Orleans, LA","Dallas, TX",dry_van,consumer goods,40933,False,2026-10-12T13:45,2026-10-12T21:45,2026-10-13T02:45,2026-10-13T14:45,581.7,1606.59,standard,tendered,0.062
LD02851,L414,L095,"Memphis, TN","Newark, NJ",flatbed,steel,36364,False,2026-10-12T13:45,2026-10-12T19:45,2026-10-13T22:45,2026-10-14T02:45,1113.8,2715.87,standard,accepted,0.009
LD03416,L417,L115,"Nashville, TN","Miami, FL",flatbed,steel,44759,False,2026-10-12T13:45,2026-10-12T15:45,2026-10-13T20:45,2026-10-14T04:45,994.9,2849.56,standard,tendered,0.186
LD03580,L196,L306,"Indianapolis, IN","Dallas, TX",dry_van,auto parts,25187,False,2026-10-12T13:45,2026-10-12T21:45,2026-10-13T17:45,2026-10-14T17:45,912.5,2359.9,standard,accepted,0.009
LD03596,L162,L310,"Memphis, TN","El Paso, TX",dry_van,beverages,37027,False,2026-10-12T13:45,2026-10-12T15:45,2026-10-13T23:45,2026-10-14T05:45,1145.5,2534.21,standard,accepted,0.148
LD03970,L426,L336,"St. Louis, MO","Columbus, OH",dry_van,consumer goods,40109,False,2026-10-12T13:45,2026-10-12T15:45,2026-10-13T01:45,2026-10-13T09:45,471.2,1427.35,standard,accepted,0.011
LD04180,L317,L119,"Little Rock, AR","New Orleans, LA",dry_van,consumer goods,36260,False,2026-10-12T13:45,2026-10-12T19:45,2026-10-12T23:45,2026-10-13T05:45,416.6,1107.92,standard,tendered,0.031
LD04432,L307,L458,"Chicago, IL","Houston, TX",dry_van,electronics,31646,False,2026-10-12T13:45,2026-10-12T15:45,2026-10-13T22:45,2026-10-14T10:45,1155.8,2568.36,standard,accepted,0.028
LD04509,L078,L187,"Louisville, KY","Oklahoma City, OK",dry_van,beverages,39466,False,2026-10-12T13:45,2026-10-12T17:45,2026-10-13T16:45,2026-10-14T16:45,826.0,2334.78,standard,accepted,0.057
LD04896,L092,L497,"Chicago, IL","Memphis, TN",dry_van,consumer goods,26398,False,2026-10-12T13:45,2026-10-12T21:45,2026-10-13T02:45,2026-10-13T08:45,589.3,1533.98,standard,tendered,0.054
LD04906,L289,L237,"Harrisburg, PA","Nashville, TN",reefer,pharmaceuticals,12468,False,2026-10-12T13:45,2026-10-12T17:45,2026-10-13T16:45,2026-10-14T04:45,736.3,2204.75,critical,tendered,0.027
LD00090,L454,L139,"Houston, TX","Jacksonville, FL",dry_van,auto parts,19915,False,2026-10-12T14:00,2026-10-12T18:00,2026-10-13T20:00,2026-10-14T08:00,1005.8,2271.72,standard,accepted,0.036
LD00818,L387,L423,"Chicago, IL","St. Louis, MO",flatbed,pipe,34375,False,2026-10-12T14:00,2026-10-12T16:00,2026-10-12T22:00,2026-10-13T06:00,315.0,1046.09,standard,tendered,0.09
LD01541,L223,L423,"Kansas City, MO","St. Louis, MO",dry_van,auto parts,27679,False,2026-10-12T14:00,2026-10-12T22:00,2026-10-12T21:00,2026-10-13T21:00,285.8,847.79,high,accepted,0.097
LD02134,L162,L150,"Memphis, TN","Columbus, OH",dry_van,auto parts,36146,False,2026-10-12T14:00,2026-10-12T16:00,2026-10-13T14:00,2026-10-13T22:00,616.6,1611.84,standard,tentative,0.029
LD02297,L403,L392,"Atlanta, GA","Detroit, MI",dry_van,paper products,30130,False,2026-10-12T14:00,2026-10-12T20:00,2026-10-13T15:00,2026-10-14T15:00,740.7,1944.07,standard,accepted,0.092
LD02976,L140,L455,"Kansas City, MO","Los Angeles, CA",dry_van,consumer goods,37913,False,2026-10-12T14:00,2026-10-12T16:00,2026-10-14T17:00,2026-10-15T17:00,1621.9,3745.96,high,tendered,0.024
LD04244,L113,L148,"Orlando, FL","Houston, TX",dry_van,electronics,30369,False,2026-10-12T14:00,2026-10-12T22:00,2026-10-13T20:00,2026-10-14T08:00,1026.5,2718.77,standard,tendered,0.018
LD04788,L489,L402,"Atlanta, GA","Miami, FL",reefer,pharmaceuticals,36987,False,2026-10-12T14:00,2026-10-12T16:00,2026-10-13T17:00,2026-10-14T05:00,743.5,2167.77,standard,tendered,0.081
LD04869,L389,L353,"Newark, NJ","Atlanta, GA",dry_van,electronics,34108,True,2026-10-12T14:00,2026-10-12T16:00,2026-10-13T18:00,2026-10-13T22:00,872.4,2252.56,standard,tendered,0.002
LD00089,L223,L056,"Kansas City, MO","Minneapolis, MN",dry_van,beverages,41850,False,2026-10-12T14:15,2026-10-12T22:15,2026-10-13T00:15,2026-10-14T00:15,484.3,1373.26,critical,accepted,0.16
LD00347,L293,L377,"Dallas, TX","Phoenix, AZ",dry_van,paper products,24923,False,2026-10-12T14:15,2026-10-12T22:15,2026-10-13T21:15,2026-10-14T09:15,1060.9,2594.58,standard,accepted,0.03
LD00553,L244,L171,"Dallas, TX","New Orleans, LA",dry_van,paper products,36986,False,2026-10-12T14:15,2026-10-12T16:15,2026-10-13T02:15,2026-10-14T02:15,533.9,1416.46,standard,tendered,0.008
LD01323,L481,L380,"Little Rock, AR","Birmingham, AL",dry_van,paper products,35669,False,2026-10-12T14:15,2026-10-12T22:15,2026-10-13T01:15,2026-10-13T07:15,367.3,1166.77,standard,tendered,0.073
LD02180,L426,L255,"St. Louis, MO","Detroit, MI",dry_van,electronics,31964,False,2026-10-12T14:15,2026-10-12T16:15,2026-10-13T04:15,2026-10-14T04:15,569.6,1450.78,standard,tendered,0.039
LD02290,L310,L338,"El Paso, TX","Dallas, TX",dry_van,consumer goods,31975,False,2026-10-12T14:15,2026-10-12T16:15,2026-10-13T14:15,2026-10-14T14:15,664.7,1801.57,standard,tendered,0.108
LD02332,L310,L267,"El Paso, TX","Indianapolis, IN",dry_van,beverages,16727,False,2026-10-12T14:15,2026-10-12T16:15,2026-10-14T15:15,2026-10-14T23:15,1502.0,3468.86,high,accepted,0.001
LD02901,L152,L295,"Memphis, TN","New Orleans, LA",dry_van,auto parts,39106,False,2026-10-12T14:15,2026-10-12T18:15,2026-10-12T23:15,2026-10-13T07:15,420.3,1192.23,standard,accepted,0.072
LD03240,L414,L207,"Memphis, TN","Birmingham, AL",reefer,dairy,37758,False,2026-10-12T14:15,2026-10-12T20:15,2026-10-12T21:15,2026-10-13T05:15,266.2,964.42,standard,tendered,0.076
LD03944,L086,L274,"Memphis, TN","St. Louis, MO",dry_van,paper products,35004,False,2026-10-12T14:15,2026-10-12T16:15,2026-10-12T21:15,2026-10-13T03:15,270.1,907.99,standard,tentative,0.052
LD04170,L055,L446,"Louisville, KY","Charlotte, NC",dry_van,beverages,27883,False,2026-10-12T14:15,2026-10-12T22:15,2026-10-13T00:15,2026-10-13T12:15,436.4,1178.64,standard,tendered,0.048
LD04330,L223,L315,"Kansas City, MO","Harrisburg, PA",dry_van,auto parts,33234,False,2026-10-12T14:15,2026-10-12T18:15,2026-10-13T22:15,2026-10-14T04:15,1105.3,2983.25,standard,tendered,0.036
LD04611,L423,L204,"St. Louis, MO","Kansas City, MO",dry_van,consumer goods,18496,False,2026-10-12T14:15,2026-10-12T16:15,2026-10-12T21:15,2026-10-13T09:15,275.1,897.09,standard,accepted,0.041
LD04621,L085,L487,"Minneapolis, MN","Dallas, TX",dry_van,auto parts,22850,False,2026-10-12T14:15,2026-10-12T18:15,2026-10-13T21:15,2026-10-14T01:15,1047.9,2711.47,high,accepted,0.077
LD04992,L154,L105,"Laredo, TX","Kansas City, MO",dry_van,beverages,35246,False,2026-10-12T14:15,2026-10-12T16:15,2026-10-13T20:15,2026-10-14T00:15,1002.6,2694.47,standard,tendered,0.046
LD00015,L343,L299,"Louisville, KY","Kansas City, MO",dry_van,electronics,34472,False,2026-10-12T14:30,2026-10-12T18:30,2026-10-13T05:30,2026-10-14T05:30,591.1,1611.07,high,accepted,0.101
LD00337,L138,L247,"Little Rock, AR","Jacksonville, FL",dry_van,beverages,23055,False,2026-10-12T14:30,2026-10-12T16:30,2026-10-13T17:30,2026-10-13T23:30,835.1,1934.11,standard,tendered,0.011
LD00427,L205,L227,"Oklahoma City, OK","Charlotte, NC",dry_van,paper products,24613,False,2026-10-12T14:30,2026-10-12T16:30,2026-10-13T22:30,2026-10-14T04:30,1107.7,2680.04,standard,tendered,0.281
LD00624,L073,L237,"Laredo, TX","Nashville, TN",reefer,meat,20183,False,2026-10-12T14:30,2026-10-12T22:30,2026-10-14T01:30,2026-10-15T01:30,1150.8,3209.59,standard,tendered,0.15
LD00998,L245,L403,"Nashville, TN","Atlanta, GA",dry_van,electronics,38866,False,2026-10-12T14:30,2026-10-12T22:30,2026-10-12T21:30,2026-10-13T09:30,272.9,895.82,standard,tendered,0.041
LD01218,L172,L240,"New Orleans, LA","Harrisburg, PA",reefer,meat,31861,False,2026-10-12T14:30,2026-10-12T16:30,2026-10-14T11:30,2026-10-14T17:30,1224.9,3257.1,critical,tendered,0.054
LD01995,L043,L404,"Chicago, IL","Kansas City, MO",dry_van,paper products,25400,False,2026-10-12T14:30,2026-10-12T16:30,2026-10-13T02:30,2026-10-13T10:30,499.8,1401.62,standard,tentative,0.053
LD02177,L219,L340,"Nashville, TN","Detroit, MI",reefer,frozen food,27751,False,2026-10-12T14:30,2026-10-12T22:30,2026-10-13T03:30,2026-10-13T11:30,544.3,1781.61,high,tendered,0.065
LD02421,L305,L371,"Los Angeles, CA","Chicago, IL",flatbed,lumber,28241,False,2026-10-12T14:30,2026-10-12T18:30,2026-10-15T12:30,2026-10-16T00:30,2077.1,5459.68,standard,accepted,0.045
LD03307,L450,L361,"Indianapolis, IN","Little Rock, AR",dry_van,paper products,43009,False,2026-10-12T14:30,2026-10-12T18:30,2026-10-13T14:30,2026-10-14T02:30,606.1,1633.82,standard,tendered,0.027
LD04060,L371,L359,"Chicago, IL","Orlando, FL",flatbed,machinery,24982,False,2026-10-12T14:30,2026-10-12T18:30,2026-10-14T02:30,2026-10-14T14:30,1189.9,3435.51,standard,tendered,0.049
LD04107,L250,L041,"Chicago, IL","Dallas, TX",dry_van,auto parts,25943,True,2026-10-12T14:30,2026-10-12T16:30,2026-10-13T20:30,2026-10-14T02:30,1002.0,2223.72,standard,tendered,0.008
LD04670,L078,L431,"Louisville, KY","Laredo, TX",dry_van,auto parts,21130,False,2026-10-12T14:30,2026-10-12T22:30,2026-10-14T12:30,2026-10-15T12:30,1296.2,2749.7,standard,accepted,0.167
LD00749,L061,L134,"Charlotte, NC","Denver, CO",dry_van,consumer goods,30430,False,2026-10-12T14:45,2026-10-12T16:45,2026-10-14T19:45,2026-10-15T07:45,1667.6,3708.95,standard,tendered,0.041
LD00793,L148,L144,"Houston, TX","San Antonio, TX",dry_van,auto parts,20462,False,2026-10-12T14:45,2026-10-12T16:45,2026-10-12T21:45,2026-10-13T03:45,236.4,899.15,high,accepted,0.223
LD01013,L450,L306,"Indianapolis, IN","Dallas, TX",dry_van,retail,22002,False,2026-10-12T14:45,2026-10-12T16:45,2026-10-13T20:45,2026-10-14T00:45,944.7,2173.19,standard,accepted,0.08
LD01124,L458,L479,"Houston, TX","San Antonio, TX",reefer,frozen food,22011,True,2026-10-12T14:45,2026-10-12T16:45,2026-10-12T19:45,2026-10-13T07:45,186.6,873.64,high,tendered,0.096
LD01198,L387,L097,"Chicago, IL","Denver, CO",dry_van,paper products,39027,False,2026-10-12T14:45,2026-10-12T16:45,2026-10-13T21:45,2026-10-14T21:45,1055.8,2786.59,standard,tendered,0.082
LD01343,L451,L415,"Louisville, KY","Chicago, IL",dry_van,beverages,19592,False,2026-10-12T14:45,2026-10-12T20:45,2026-10-12T23:45,2026-10-13T07:45,313.5,1030.43,standard,tendered,0.015
LD01626,L454,L156,"Houston, TX","Charlotte, NC",flatbed,pipe,21855,False,2026-10-12T14:45,2026-10-12T16:45,2026-10-13T22:45,2026-10-14T22:45,1123.0,3114.56,high,tendered,0.011
LD02506,L459,L297,"Houston, TX","Jacksonville, FL",dry_van,electronics,34620,False,2026-10-12T14:45,2026-10-12T20:45,2026-10-13T20:45,2026-10-14T04:45,966.1,2541.65,high,tentative,0.154
LD02748,L246,L162,"Columbus, OH","Memphis, TN",dry_van,auto parts,27615,False,2026-10-12T14:45,2026-10-12T22:45,2026-10-13T14:45,2026-10-13T18:45,620.3,1842.06,standard,tendered,0.122
LD02771,L352,L110,"Chicago, IL","Dallas, TX",dry_van,beverages,34872,False,2026-10-12T14:45,2026-10-12T16:45,2026-10-13T20:45,2026-10-14T08:45,934.2,2464.01,standard,tentative,0.027
LD03370,L233,L403,"Miami, FL","Atlanta, GA",reefer,meat,39439,False,2026-10-12T14:45,2026-10-12T22:45,2026-10-13T16:45,2026-10-13T22:45,732.3,2537.15,standard,tendered,0.022
LD03378,L072,L428,"Atlanta, GA","Newark, NJ",dry_van,paper products,34944,False,2026-10-12T14:45,2026-10-12T20:45,2026-10-13T19:45,2026-10-14T03:45,897.6,2053.08,high,tendered,0.06
LD03822,L469,L174,"Miami, FL","Indianapolis, IN",dry_van,consumer goods,26795,False,2026-10-12T14:45,2026-10-12T16:45,2026-10-14T11:45,2026-10-14T15:45,1214.6,3154.91,standard,tendered,0.079
LD04866,L224,L449,"Columbus, OH","Indianapolis, IN",dry_van,electronics,16043,True,2026-10-12T14:45,2026-10-12T16:45,2026-10-12T21:45,2026-10-13T21:45,205.2,769.78,standard,tendered,0.06
LD00544,L321,L287,"Miami, FL","Atlanta, GA",dry_van,beverages,24341,False,2026-10-12T15:00,2026-10-12T21:00,2026-10-13T16:00,2026-10-14T00:00,709.5,2077.87,standard,accepted,0.009
LD00746,L224,L313,"Columbus, OH","Miami, FL",dry_van,paper products,35448,False,2026-10-12T15:00,2026-10-12T19:00,2026-10-14T02:00,2026-10-14T06:00,1186.5,3141.63,standard,accepted,0.029
LD00999,L398,L320,"Jacksonville, FL","Atlanta, GA",dry_van,paper products,34934,False,2026-10-12T15:00,2026-10-12T19:00,2026-10-13T00:00,2026-10-13T12:00,353.1,1064.62,standard,tendered,0.035
LD01846,L113,L100,"Orlando, FL","Charlotte, NC",flatbed,machinery,18841,False,2026-10-12T15:00,2026-10-12T23:00,2026-10-13T02:00,2026-10-13T08:00,520.4,1737.1,standard,tentative,0.336
LD02618,L374,L457,"Newark, NJ","Dallas, TX",dry_van,beverages,43879,False,2026-10-12T15:00,2026-10-12T17:00,2026-10-14T19:00,2026-10-15T03:00,1658.1,3603.91,standard,accepted,0.055
LD02653,L458,L231,"Houston, TX","El Paso, TX",reefer,pharmaceuticals,25729,False,2026-10-12T15:00,2026-10-12T17:00,2026-10-13T17:00,2026-10-13T23:00,776.4,2453.16,standard,tendered,0.118
LD02674,L212,L100,"Austin, TX","Charlotte, NC",dry_van,electronics,30751,False,2026-10-12T15:00,2026-10-12T19:00,2026-10-14T12:00,2026-10-14T18:00,1212.7,2768.04,standard,tentative,0.012
LD02732,L398,L245,"Jacksonville, FL","Nashville, TN",dry_van,consumer goods,15371,False,2026-10-12T15:00,2026-10-12T17:00,2026-10-13T16:00,2026-10-13T22:00,648.1,1811.44,standard,tentative,0.086
LD04302,L149,L117,"Jacksonville, FL","Chicago, IL",reefer,pharmaceuticals,38979,False,2026-10-12T15:00,2026-10-12T17:00,2026-10-13T22:00,2026-10-14T10:00,1048.0,2791.91,standard,tentative,0.016
LD00895,L301,L443,"Denver, CO","Minneapolis, MN",reefer,pharmaceuticals,31405,False,2026-10-12T15:15,2026-10-12T21:15,2026-10-13T18:15,2026-10-13T22:15,854.3,3003.29,high,tentative,0.083
LD00947,L175,L359,"Dallas, TX","Orlando, FL",dry_van,consumer goods,26651,False,2026-10-12T15:15,2026-10-12T17:15,2026-10-14T00:15,2026-10-14T04:15,1150.0,2874.84,high,accepted,0.055
LD01977,L327,L246,"Atlanta, GA","Columbus, OH",dry_van,beverages,24401,False,2026-10-12T15:15,2026-10-12T17:15,2026-10-13T02:15,2026-10-13T10:15,508.8,1474.85,standard,accepted,0.044
LD02404,L405,L079,"St. Louis, MO","Indianapolis, IN",reefer,produce,23469,False,2026-10-12T15:15,2026-10-12T17:15,2026-10-12T22:15,2026-10-13T02:15,244.8,995.32,standard,tendered,0.053
LD02818,L450,L435,"Indianapolis, IN","Chicago, IL",reefer,pharmaceuticals,35775,False,2026-10-12T15:15,2026-10-12T23:15,2026-10-12T21:15,2026-10-13T21:15,185.4,864.85,standard,tendered,0.012
LD03222,L343,L482,"Louisville, KY","Orlando, FL",dry_van,retail,21144,False,2026-10-12T15:15,2026-10-12T23:15,2026-10-13T21:15,2026-10-14T05:15,892.6,2279.41,high,accepted,0.167
LD03404,L118,L119,"Houston, TX","New Orleans, LA",dry_van,auto parts,40986,False,2026-10-12T15:15,2026-10-12T19:15,2026-10-13T00:15,2026-10-14T00:15,358.5,1120.54,standard,tendered,0.001
LD03564,L137,L167,"Jacksonville, FL","Little Rock, AR",dry_van,electronics,21100,False,2026-10-12T15:15,2026-10-12T21:15,2026-10-13T19:15,2026-10-13T23:15,877.8,2371.45,standard,tentative,0.003
LD03606,L381,L322,"Los Angeles, CA","Kansas City, MO",dry_van,electronics,30270,False,2026-10-12T15:15,2026-10-12T19:15,2026-10-14T19:15,2026-10-15T19:15,1613.6,3917.54,standard,tendered,0.151
LD04196,L426,L436,"St. Louis, MO","Minneapolis, MN",dry_van,beverages,25399,False,2026-10-12T15:15,2026-10-12T17:15,2026-10-13T04:15,2026-10-13T10:15,508.2,1311.47,high,tentative,0.072
LD04354,L449,L439,"Indianapolis, IN","Oklahoma City, OK",dry_van,beverages,30326,False,2026-10-12T15:15,2026-10-12T17:15,2026-10-13T18:15,2026-10-14T02:15,811.5,1901.89,standard,tendered,0.043
LD04520,L339,L144,"Denver, CO","San Antonio, TX",reefer,meat,23493,False,2026-10-12T15:15,2026-10-12T17:15,2026-10-13T22:15,2026-10-14T04:15,988.3,3461.17,standard,tendered,0.011
LD04918,L381,L140,"Los Angeles, CA","Kansas City, MO",reefer,dairy,41539,False,2026-10-12T15:15,2026-10-12T21:15,2026-10-14T19:15,2026-10-14T23:15,1615.9,4736.08,standard,accepted,0.032
LD04963,L489,L046,"Atlanta, GA","Louisville, KY",reefer,produce,38720,False,2026-10-12T15:15,2026-10-12T17:15,2026-10-13T02:15,2026-10-13T08:15,397.0,1266.34,standard,tendered,0.097
LD00319,L157,L465,"Dallas, TX","Kansas City, MO",dry_van,consumer goods,21611,False,2026-10-12T15:30,2026-10-12T23:30,2026-10-13T04:30,2026-10-14T04:30,556.3,1573.29,standard,tendered,0.01
LD00345,L104,L046,"Nashville, TN","Louisville, KY",flatbed,pipe,12669,False,2026-10-12T15:30,2026-10-12T17:30,2026-10-12T21:30,2026-10-13T01:30,195.9,728.05,standard,accepted,0.07
LD00527,L227,L102,"Charlotte, NC","Indianapolis, IN",flatbed,lumber,25197,False,2026-10-12T15:30,2026-10-12T17:30,2026-10-13T03:30,2026-10-14T03:30,488.1,1564.27,high,tendered,0.07
LD00616,L086,L233,"Memphis, TN","Miami, FL",dry_van,paper products,34202,False,2026-10-12T15:30,2026-10-12T23:30,2026-10-13T22:30,2026-10-14T10:30,1058.0,2440.61,standard,tendered,0.054
LD01067,L483,L409,"St. Louis, MO","Columbus, OH",reefer,dairy,11099,True,2026-10-12T15:30,2026-10-12T21:30,2026-10-13T02:30,2026-10-13T08:30,507.9,1719.75,standard,tendered,0.014
LD01497,L458,L129,"Houston, TX","New Orleans, LA",dry_van,electronics,16481,False,2026-10-12T15:30,2026-10-12T17:30,2026-10-13T01:30,2026-10-14T01:30,435.3,1324.56,high,accepted,0.031
LD01856,L145,L163,"Newark, NJ","San Antonio, TX",flatbed,steel,28960,False,2026-10-12T15:30,2026-10-12T23:30,2026-10-15T09:30,2026-10-15T17:30,1910.2,5253.7,standard,tendered,0.014
LD02124,L122,L124,"Chicago, IL","Detroit, MI",dry_van,beverages,11732,False,2026-10-12T15:30,2026-10-12T21:30,2026-10-12T22:30,2026-10-13T10:30,266.5,916.68,standard,tendered,0.037
LD02319,L485,L347,"Nashville, TN","Dallas, TX",flatbed,lumber,38030,False,2026-10-12T15:30,2026-10-12T19:30,2026-10-13T18:30,2026-10-14T18:30,749.7,1984.24,standard,tendered,0.097
LD02493,L141,L167,"Oklahoma City, OK","Little Rock, AR",reefer,produce,25493,False,2026-10-12T15:30,2026-10-12T17:30,2026-10-13T00:30,2026-10-13T04:30,332.6,1286.65,standard,accepted,0.086
LD03289,L450,L426,"Indianapolis, IN","St. Louis, MO",dry_van,beverages,41911,False,2026-10-12T15:30,2026-10-12T17:30,2026-10-12T23:30,2026-10-13T03:30,309.2,1079.6,standard,accepted,0.211
LD04625,L215,L067,"Oklahoma City, OK","Houston, TX",flatbed,building materials,22683,False,2026-10-12T15:30,2026-10-12T23:30,2026-10-13T04:30,2026-10-14T04:30,479.8,1434.36,standard,tendered,0.035
LD01279,L227,L356,"Charlotte, NC","New Orleans, LA",dry_van,auto parts,38991,False,2026-10-12T15:45,2026-10-12T21:45,2026-10-13T18:45,2026-10-14T02:45,762.2,1967.68,standard,tendered,0.121
LD01916,L355,L156,"Houston, TX","Charlotte, NC",dry_van,consumer goods,35966,False,2026-10-12T15:45,2026-10-12T17:45,2026-10-13T23:45,2026-10-14T23:45,1103.1,2503.89,high,tendered,0.079
LD01926,L451,L436,"Louisville, KY","Minneapolis, MN",dry_van,retail,35052,False,2026-10-12T15:45,2026-10-12T21:45,2026-10-13T17:45,2026-10-14T17:45,703.0,1989.01,standard,tendered,0.01
LD02278,L317,L338,"Little Rock, AR","Dallas, TX",reefer,meat,26729,False,2026-10-12T15:45,2026-10-12T17:45,2026-10-13T00:45,2026-10-13T12:45,361.3,1179.9,critical,tendered,0.007
LD02368,L217,L159,"Charlotte, NC","Houston, TX",dry_van,beverages,30670,False,2026-10-12T15:45,2026-10-12T17:45,2026-10-14T01:45,2026-10-14T13:45,1123.3,2527.4,critical,tendered,0.02
LD02631,L118,L339,"Houston, TX","Denver, CO",dry_van,auto parts,31094,False,2026-10-12T15:45,2026-10-12T17:45,2026-10-13T23:45,2026-10-14T07:45,1061.5,2620.17,standard,tendered,0.049
LD03245,L274,L168,"St. Louis, MO","Jacksonville, FL",dry_van,beverages,40315,False,2026-10-12T15:45,2026-10-12T17:45,2026-10-13T19:45,2026-10-14T03:45,873.6,2176.83,standard,tentative,0.063
LD03636,L118,L131,"Houston, TX","Indianapolis, IN",dry_van,electronics,33177,False,2026-10-12T15:45,2026-10-12T17:45,2026-10-13T22:45,2026-10-14T02:45,1016.4,2793.68,standard,accepted,0.092
LD03964,L374,L365,"Newark, NJ","Birmingham, AL",dry_van,paper products,27947,False,2026-10-12T15:45,2026-10-12T21:45,2026-10-13T23:45,2026-10-14T07:45,1056.5,2863.74,standard,accepted,0.09
LD04351,L387,L229,"Chicago, IL","Denver, CO",dry_van,electronics,30312,False,2026-10-12T15:45,2026-10-12T21:45,2026-10-13T22:45,2026-10-14T10:45,1044.9,2698.97,standard,tendered,0.029
LD00382,L119,L338,"New Orleans, LA","Dallas, TX",dry_van,auto parts,31323,False,2026-10-12T16:00,2026-10-12T22:00,2026-10-13T04:00,2026-10-13T12:00,521.5,1502.29,standard,tendered,0.006
LD01318,L374,L414,"Newark, NJ","Memphis, TN",dry_van,retail,25837,False,2026-10-12T16:00,2026-10-12T20:00,2026-10-14T01:00,2026-10-15T01:00,1137.5,2462.05,standard,tendered,0.029
LD02021,L127,L354,"Indianapolis, IN","San Antonio, TX",reefer,pharmaceuticals,39756,False,2026-10-12T16:00,2026-10-12T18:00,2026-10-14T02:00,2026-10-15T02:00,1200.8,3513.96,high,accepted,0.053
LD02218,L150,L352,"Columbus, OH","Chicago, IL",dry_van,electronics,12632,False,2026-10-12T16:00,2026-10-13T00:00,2026-10-13T01:00,2026-10-13T09:00,337.6,1026.36,standard,tendered,0.024
LD00052,L489,L437,"Atlanta, GA","Laredo, TX",reefer,meat,18910,False,2026-10-12T16:15,2026-10-12T18:15,2026-10-14T02:15,2026-10-14T10:15,1136.9,3583.16,standard,accepted,0.071
LD00196,L485,L299,"Nashville, TN","Kansas City, MO",flatbed,steel,44624,False,2026-10-12T16:15,2026-10-12T20:15,2026-10-13T06:15,2026-10-13T14:15,584.7,1768.39,standard,accepted,0.123
LD02147,L491,L409,"Minneapolis, MN","Columbus, OH",dry_van,electronics,31724,False,2026-10-12T16:15,2026-10-12T20:15,2026-10-13T16:15,2026-10-14T04:15,726.2,1808.93,standard,accepted,0.152
LD02192,L374,L352,"Newark, NJ","Chicago, IL",dry_van,consumer goods,39569,False,2026-10-12T16:15,2026-10-12T18:15,2026-10-13T20:15,2026-10-14T08:15,859.1,2391.77,standard,tendered,0.101
LD02671,L129,L377,"New Orleans, LA","Phoenix, AZ",dry_van,electronics,32722,False,2026-10-12T16:15,2026-10-13T00:15,2026-10-14T19:15,2026-10-14T23:15,1604.7,4095.87,standard,accepted,0.004
LD03465,L378,L201,"Kansas City, MO","Dallas, TX",dry_van,auto parts,28793,False,2026-10-12T16:15,2026-10-13T00:15,2026-10-13T03:15,2026-10-13T11:15,532.2,1532.27,standard,accepted,0.03
LD03924,L079,L303,"Indianapolis, IN","Oklahoma City, OK",reefer,produce,38150,False,2026-10-12T16:15,2026-10-12T22:15,2026-10-13T18:15,2026-10-14T18:15,783.8,2603.01,standard,tendered,0.031
LD04108,L406,L140,"Oklahoma City, OK","Kansas City, MO",reefer,meat,26242,False,2026-10-12T16:15,2026-10-12T20:15,2026-10-13T01:15,2026-10-13T09:15,392.5,1434.8,standard,tendered,0.046
LD00942,L456,L446,"Memphis, TN","Charlotte, NC",dry_van,auto parts,13863,False,2026-10-12T16:30,2026-10-12T20:30,2026-10-13T17:30,2026-10-13T21:30,627.1,1601.99,standard,tendered,0.145
LD01037,L355,L370,"Houston, TX","Orlando, FL",dry_van,consumer goods,43047,False,2026-10-12T16:30,2026-10-12T18:30,2026-10-13T23:30,2026-10-14T23:30,1023.5,2541.64,critical,tendered,0.066
LD01634,L358,L167,"Newark, NJ","Little Rock, AR",flatbed,lumber,31829,False,2026-10-12T16:30,2026-10-13T00:30,2026-10-14T15:30,2026-10-15T15:30,1313.9,3869.1,standard,tendered,0.066
LD02401,L358,L102,"Newark, NJ","Indianapolis, IN",dry_van,consumer goods,28468,False,2026-10-12T16:30,2026-10-12T22:30,2026-10-13T18:30,2026-10-14T00:30,759.9,1870.51,standard,tendered,0.072
LD02898,L271,L163,"Austin, TX","San Antonio, TX",dry_van,electronics,20579,False,2026-10-12T16:30,2026-10-12T22:30,2026-10-12T20:30,2026-10-13T20:30,70.8,383.09,high,tendered,0.047
LD00851,L371,L349,"Chicago, IL","Charlotte, NC",dry_van,paper products,20291,False,2026-10-12T16:45,2026-10-12T22:45,2026-10-13T19:45,2026-10-14T19:45,734.4,2040.57,standard,accepted,0.003
LD01808,L483,L325,"St. Louis, MO","Indianapolis, IN",dry_van,paper products,33130,False,2026-10-12T16:45,2026-10-12T18:45,2026-10-12T23:45,2026-10-13T11:45,309.4,1021.92,high,tendered,0.086
LD02909,L442,L044,"St. Louis, MO","Dallas, TX",dry_van,retail,25135,False,2026-10-12T16:45,2026-10-12T20:45,2026-10-13T18:45,2026-10-14T00:45,712.4,1696.93,standard,tendered,0.094
LD04725,L224,L188,"Columbus, OH","Phoenix, AZ",dry_van,beverages,35881,False,2026-10-12T16:45,2026-10-12T20:45,2026-10-15T13:45,2026-10-16T01:45,1954.5,4848.47,standard,accepted,0.057
LD00978,L439,L342,"Oklahoma City, OK","Chicago, IL",dry_van,consumer goods,22318,False,2026-10-12T17:00,2026-10-12T21:00,2026-10-13T20:00,2026-10-14T20:00,833.1,1947.21,standard,accepted,0.088
LD03969,L466,L125,"Nashville, TN","Dallas, TX",dry_van,paper products,33899,False,2026-10-12T17:00,2026-10-13T01:00,2026-10-13T20:00,2026-10-14T20:00,745.8,2032.31,high,accepted,0.193
LD04323,L297,L070,"Jacksonville, FL","Little Rock, AR",dry_van,beverages,24246,False,2026-10-12T17:00,2026-10-12T23:00,2026-10-13T21:00,2026-10-14T03:00,831.8,2270.39,high,accepted,0.105
LD00623,L138,L043,"Little Rock, AR","Chicago, IL",dry_van,electronics,37772,False,2026-10-12T17:15,2026-10-13T01:15,2026-10-13T17:15,2026-10-13T21:15,654.6,1788.21,high,tendered,0.063
LD00747,L439,L231,"Oklahoma City, OK","El Paso, TX",flatbed,lumber,42287,False,2026-10-12T17:15,2026-10-12T19:15,2026-10-13T17:15,2026-10-14T17:15,670.1,1867.48,standard,tendered,0.155
LD02597,L315,L465,"Harrisburg, PA","Kansas City, MO",reefer,pharmaceuticals,26924,False,2026-10-12T17:15,2026-10-13T01:15,2026-10-14T02:15,2026-10-14T10:15,1114.3,3417.4,high,tentative,0.06
LD02997,L388,L440,"Louisville, KY","Memphis, TN",dry_van,electronics,21558,False,2026-10-12T17:15,2026-10-12T19:15,2026-10-13T02:15,2026-10-13T10:15,403.5,1256.03,standard,accepted,0.081
LD00466,L305,L041,"Los Angeles, CA","Dallas, TX",reefer,dairy,31103,False,2026-10-12T17:30,2026-10-12T19:30,2026-10-14T17:30,2026-10-15T05:30,1457.4,3749.11,standard,tentative,0.033
LD03319,L138,L500,"Little Rock, AR","Los Angeles, CA",reefer,pharmaceuticals,41578,False,2026-10-12T17:30,2026-10-13T01:30,2026-10-14T23:30,2026-10-15T05:30,1748.6,4944.24,standard,tendered,0.077
LD01237,L183,L270,"Louisville, KY","Detroit, MI",dry_van,consumer goods,25549,False,2026-10-12T17:45,2026-10-12T23:45,2026-10-13T02:45,2026-10-13T08:45,357.1,1186.3,standard,tendered,0.023
LD01832,L116,L144,"Charlotte, NC","San Antonio, TX",dry_van,beverages,36042,False,2026-10-12T17:45,2026-10-12T21:45,2026-10-14T16:45,2026-10-15T00:45,1344.3,3567.05,standard,accepted,0.025
LD02306,L302,L411,"Phoenix, AZ","Austin, TX",dry_van,auto parts,33954,False,2026-10-12T17:45,2026-10-12T23:45,2026-10-14T00:45,2026-10-14T06:45,1039.0,2794.4,standard,tendered,0.017
LD02476,L454,L485,"Houston, TX","Nashville, TN",dry_van,retail,16826,True,2026-10-12T17:45,2026-10-12T21:45,2026-10-13T20:45,2026-10-14T04:45,804.3,1843.71,standard,accepted,0.039
LD03933,L423,L443,"St. Louis, MO","Minneapolis, MN",reefer,meat,27930,False,2026-10-12T17:45,2026-10-12T19:45,2026-10-13T06:45,2026-10-13T12:45,579.6,1764.67,high,accepted,0.013
LD00385,L456,L210,"Memphis, TN","Detroit, MI",dry_van,beverages,37471,False,2026-10-12T18:00,2026-10-13T00:00,2026-10-13T22:00,2026-10-14T04:00,746.2,1964.59,high,tendered,0.019
LD03471,L439,L291,"Oklahoma City, OK","Houston, TX",dry_van,consumer goods,28414,False,2026-10-12T18:00,2026-10-12T20:00,2026-10-13T05:00,2026-10-13T17:00,504.5,1310.13,high,accepted,0.199
LD04851,L061,L185,"Charlotte, NC","Newark, NJ",dry_van,consumer goods,30526,False,2026-10-12T18:00,2026-10-12T20:00,2026-10-13T17:00,2026-10-14T17:00,613.4,1754.48,standard,accepted,0.023
LD02737,L129,L477,"New Orleans, LA","Miami, FL",dry_van,consumer goods,42568,False,2026-10-12T18:15,2026-10-12T20:15,2026-10-13T20:15,2026-10-14T00:15,750.2,1819.52,high,accepted,0.005
LD03358,L131,L497,"Indianapolis, IN","Memphis, TN",reefer,frozen food,37204,False,2026-10-12T18:15,2026-10-12T20:15,2026-10-13T04:15,2026-10-14T04:15,438.8,1635.66,high,accepted,0.021
LD03792,L241,L216,"Indianapolis, IN","San Antonio, TX",reefer,dairy,16046,False,2026-10-12T18:15,2026-10-12T22:15,2026-10-14T06:15,2026-10-14T18:15,1191.8,3522.41,standard,tendered,0.127
LD03950,L123,L231,"Los Angeles, CA","El Paso, TX",reefer,produce,18870,False,2026-10-12T18:15,2026-10-12T20:15,2026-10-13T21:15,2026-10-14T01:15,868.0,2498.33,standard,accepted,0.056
LD03963,L283,L198,"Newark, NJ","Minneapolis, MN",dry_van,electronics,11737,False,2026-10-12T18:15,2026-10-12T20:15,2026-10-14T05:15,2026-10-14T13:15,1196.1,2696.69,standard,accepted,0.005
LD04423,L342,L217,"Chicago, IL","Charlotte, NC",dry_van,paper products,10794,False,2026-10-12T18:15,2026-10-12T22:15,2026-10-13T18:15,2026-10-13T22:15,705.2,1808.41,standard,tendered,0.094
LD00752,L131,L421,"Indianapolis, IN","Louisville, KY",reefer,dairy,23622,False,2026-10-12T18:30,2026-10-12T20:30,2026-10-12T22:30,2026-10-13T02:30,100.0,586.5,high,accepted,0.006
LD00804,L496,L187,"Jacksonville, FL","Oklahoma City, OK",dry_van,auto parts,32937,False,2026-10-12T18:30,2026-10-13T02:30,2026-10-14T03:30,2026-10-14T09:30,1187.1,3101.88,standard,tendered,0.01
LD02550,L185,L435,"Newark, NJ","Chicago, IL",dry_van,auto parts,39447,False,2026-10-12T18:30,2026-10-13T00:30,2026-10-13T22:30,2026-10-14T04:30,829.6,1949.2,high,tendered,0.164
LD02617,L242,L308,"Little Rock, AR","Chicago, IL",dry_van,auto parts,22849,False,2026-10-12T18:30,2026-10-12T20:30,2026-10-13T19:30,2026-10-14T01:30,687.5,1913.39,standard,accepted,0.05
LD03179,L224,L189,"Columbus, OH","Harrisburg, PA",dry_van,beverages,31530,False,2026-10-12T18:30,2026-10-13T02:30,2026-10-13T05:30,2026-10-13T09:30,422.3,1358.23,high,accepted,0.067
LD03335,L314,L315,"Charlotte, NC","Harrisburg, PA",dry_van,auto parts,38658,False,2026-10-12T18:30,2026-10-12T20:30,2026-10-13T05:30,2026-10-13T09:30,495.4,1302.32,high,accepted,0.027
LD00589,L043,L195,"Chicago, IL","Little Rock, AR",reefer,frozen food,34738,False,2026-10-12T18:45,2026-10-12T20:45,2026-10-13T20:45,2026-10-14T00:45,688.0,2338.25,standard,tendered,0.11
LD01431,L447,L161,"Miami, FL","Nashville, TN",reefer,frozen food,39361,False,2026-10-12T18:45,2026-10-12T22:45,2026-10-14T01:45,2026-10-14T07:45,983.9,3354.48,standard,accepted,0.076
LD04338,L135,L218,"Dallas, TX","Oklahoma City, OK",reefer,frozen food,36663,False,2026-10-12T18:45,2026-10-13T00:45,2026-10-13T00:45,2026-10-13T12:45,225.1,987.95,standard,tendered,0.047
LD04525,L405,L338,"St. Louis, MO","Dallas, TX",dry_van,consumer goods,21736,False,2026-10-12T18:45,2026-10-12T20:45,2026-10-13T18:45,2026-10-14T00:45,660.4,1847.93,standard,tendered,0.07
LD02741,L337,L364,"Laredo, TX","Kansas City, MO",dry_van,paper products,40709,False,2026-10-12T19:00,2026-10-13T03:00,2026-10-14T04:00,2026-10-14T10:00,1037.4,2339.01,standard,tendered,0.036
LD03338,L485,L189,"Nashville, TN","Harrisburg, PA",dry_van,beverages,34077,False,2026-10-12T19:00,2026-10-12T21:00,2026-10-13T22:00,2026-10-14T04:00,742.2,2114.25,standard,accepted,0.068
LD00241,L086,L464,"Memphis, TN","Louisville, KY",dry_van,consumer goods,40816,True,2026-10-12T19:15,2026-10-12T23:15,2026-10-13T04:15,2026-10-13T10:15,390.6,1246.04,high,tendered,0.11
LD00781,L148,L412,"Houston, TX","Memphis, TN",dry_van,beverages,16928,False,2026-10-12T19:15,2026-10-13T01:15,2026-10-13T09:15,2026-10-13T21:15,594.1,1437.58,standard,tendered,0.067
LD01885,L046,L465,"Louisville, KY","Kansas City, MO",reefer,frozen food,27986,False,2026-10-12T19:15,2026-10-12T23:15,2026-10-13T09:15,2026-10-14T09:15,580.4,1680.87,standard,accepted,0.033
LD03196,L271,L180,"Austin, TX","New Orleans, LA",dry_van,paper products,27199,False,2026-10-12T19:15,2026-10-12T23:15,2026-10-13T08:15,2026-10-14T08:15,547.3,1565.67,high,tendered,0.091
LD04189,L045,L269,"Oklahoma City, OK","Harrisburg, PA",dry_van,auto parts,33425,False,2026-10-12T19:15,2026-10-12T21:15,2026-10-14T20:15,2026-10-15T02:15,1410.3,3131.17,standard,tendered,0.04
LD03272,L097,L243,"Denver, CO","Kansas City, MO",dry_van,beverages,22068,False,2026-10-12T19:30,2026-10-13T01:30,2026-10-13T20:30,2026-10-14T20:30,670.6,2199.99,standard,accepted,0.014
LD00707,L369,L371,"Columbus, OH","Chicago, IL",dry_van,retail,22750,True,2026-10-12T19:45,2026-10-12T23:45,2026-10-13T04:45,2026-10-14T04:45,328.3,1129.02,standard,tendered,0.108
LD00951,L289,L089,"Harrisburg, PA","New Orleans, LA",dry_van,beverages,33607,False,2026-10-12T19:45,2026-10-12T21:45,2026-10-14T17:45,2026-10-14T21:45,1223.7,2861.05,standard,tendered,0.045
LD01143,L342,L336,"Chicago, IL","Columbus, OH",reefer,frozen food,38486,False,2026-10-12T19:45,2026-10-13T01:45,2026-10-13T02:45,2026-10-13T10:45,328.8,1276.64,high,tendered,0.02
LD03458,L375,L111,"Columbus, OH","Newark, NJ",dry_van,beverages,39427,False,2026-10-12T19:45,2026-10-12T21:45,2026-10-13T07:45,2026-10-14T07:45,567.8,1667.66,standard,accepted,0.046
LD01022,L342,L377,"Chicago, IL","Phoenix, AZ",dry_van,electronics,41852,False,2026-10-12T20:00,2026-10-13T02:00,2026-10-15T01:00,2026-10-15T07:00,1728.4,4141.91,standard,accepted,0.012
LD03018,L485,L117,"Nashville, TN","Chicago, IL",dry_van,electronics,28132,False,2026-10-12T20:00,2026-10-12T22:00,2026-10-13T08:00,2026-10-13T20:00,488.0,1251.97,standard,tendered,0.073
LD03720,L369,L399,"Columbus, OH","Minneapolis, MN",dry_van,retail,36326,False,2026-10-12T20:00,2026-10-12T22:00,2026-10-13T23:00,2026-10-14T03:00,740.9,1897.06,standard,tendered,0.019
LD03848,L478,L350,"Little Rock, AR","Dallas, TX",flatbed,steel,22289,False,2026-10-12T20:00,2026-10-13T04:00,2026-10-13T04:00,2026-10-13T16:00,326.5,1199.81,critical,tendered,0.047
LD03676,L241,L316,"Indianapolis, IN","New Orleans, LA",reefer,frozen food,16625,False,2026-10-12T20:15,2026-10-12T22:15,2026-10-14T02:15,2026-10-14T14:15,850.5,2715.47,standard,tendered,0.06
LD04324,L405,L099,"St. Louis, MO","Dallas, TX",dry_van,paper products,17901,False,2026-10-12T20:15,2026-10-12T22:15,2026-10-13T20:15,2026-10-14T00:15,648.5,1637.33,standard,accepted,0.086
LD04821,L227,L370,"Charlotte, NC","Orlando, FL",reefer,frozen food,38119,False,2026-10-12T20:15,2026-10-13T02:15,2026-10-13T09:15,2026-10-13T21:15,554.6,1886.51,standard,accepted,0.069
LD01534,L478,L066,"Little Rock, AR","Chicago, IL",dry_van,electronics,22742,False,2026-10-12T20:30,2026-10-13T04:30,2026-10-13T20:30,2026-10-14T04:30,690.2,1739.73,high,tendered,0.063
LD00100,L478,L068,"Little Rock, AR","San Antonio, TX",dry_van,beverages,19430,False,2026-10-12T20:45,2026-10-13T02:45,2026-10-13T09:45,2026-10-13T15:45,604.3,1597.21,standard,tendered,0.06
LD02542,L369,L410,"Columbus, OH","Louisville, KY",dry_van,electronics,39344,False,2026-10-12T20:45,2026-10-13T02:45,2026-10-13T02:45,2026-10-13T10:45,190.5,719.58,standard,tendered,0.033
LD03088,L483,L384,"St. Louis, MO","Minneapolis, MN",dry_van,beverages,15636,False,2026-10-12T20:45,2026-10-13T00:45,2026-10-13T07:45,2026-10-13T19:45,523.9,1593.13,standard,tendered,0.042
LD03547,L375,L176,"Columbus, OH","Denver, CO",dry_van,paper products,32089,False,2026-10-12T20:45,2026-10-13T04:45,2026-10-14T19:45,2026-10-15T03:45,1380.0,3293.91,standard,accepted,0.129
LD00329,L423,L105,"St. Louis, MO","Kansas City, MO",dry_van,consumer goods,43036,False,2026-10-13T00:15,2026-10-13T06:15,2026-10-13T07:15,2026-10-14T07:15,288.4,1028.6,high,accepted,0.25
LD01686,L361,L252,"Little Rock, AR","Columbus, OH",reefer,frozen food,33463,False,2026-10-13T00:15,2026-10-13T06:15,2026-10-14T02:15,2026-10-14T14:15,740.2,2229.4,standard,tendered,0.237
LD01887,L057,L304,"Oklahoma City, OK","New Orleans, LA",dry_van,consumer goods,20391,False,2026-10-13T00:15,2026-10-13T02:15,2026-10-14T01:15,2026-10-14T13:15,697.5,1828.6,standard,accepted,0.014
LD02713,L450,L237,"Indianapolis, IN","Nashville, TN",reefer,meat,40960,False,2026-10-13T00:15,2026-10-13T02:15,2026-10-13T09:15,2026-10-13T15:15,344.6,1110.99,high,tentative,0.091
LD02965,L378,L185,"Kansas City, MO","Newark, NJ",dry_van,paper products,26828,False,2026-10-13T00:15,2026-10-13T08:15,2026-10-14T21:15,2026-10-15T21:15,1313.5,2820.52,standard,tendered,0.054
LD00213,L148,L207,"Houston, TX","Birmingham, AL",dry_van,beverages,29269,False,2026-10-13T00:45,2026-10-13T06:45,2026-10-14T02:45,2026-10-14T06:45,711.4,1671.23,standard,accepted,0.031
LD00310,L131,L171,"Indianapolis, IN","New Orleans, LA",flatbed,lumber,14028,False,2026-10-13T00:45,2026-10-13T02:45,2026-10-14T03:45,2026-10-14T15:45,821.1,2336.35,standard,tendered,0.197
LD00900,L241,L412,"Indianapolis, IN","Memphis, TN",dry_van,paper products,39665,False,2026-10-13T00:45,2026-10-13T02:45,2026-10-13T12:45,2026-10-14T12:45,427.1,1371.89,standard,tendered,0.102
LD04893,L049,L373,"Memphis, TN","Atlanta, GA",reefer,dairy,20481,False,2026-10-13T00:45,2026-10-13T02:45,2026-10-13T10:45,2026-10-13T22:45,415.7,1290.33,standard,tentative,0.01
LD00076,L453,L304,"Houston, TX","New Orleans, LA",reefer,frozen food,36963,False,2026-10-13T01:00,2026-10-13T03:00,2026-10-13T09:00,2026-10-14T09:00,358.7,1370.52,standard,accepted,0.072
LD00673,L067,L075,"Houston, TX","Chicago, IL",dry_van,consumer goods,30123,False,2026-10-13T01:00,2026-10-13T05:00,2026-10-14T10:00,2026-10-14T18:00,1098.6,2388.1,standard,tendered,0.035
LD03297,L485,L131,"Nashville, TN","Indianapolis, IN",dry_van,consumer goods,42560,False,2026-10-13T01:15,2026-10-13T09:15,2026-10-13T09:15,2026-10-13T17:15,271.3,931.63,standard,accepted,0.004
LD03927,L046,L042,"Louisville, KY","Chicago, IL",reefer,pharmaceuticals,38926,False,2026-10-13T01:15,2026-10-13T05:15,2026-10-13T09:15,2026-10-13T13:15,300.8,1212.7,standard,tendered,0.129
LD01594,L405,L310,"St. Louis, MO","El Paso, TX",reefer,pharmaceuticals,31800,False,2026-10-13T01:30,2026-10-13T09:30,2026-10-14T22:30,2026-10-15T06:30,1229.5,3134.47,standard,tendered,0.061
LD02942,L344,L457,"Laredo, TX","Dallas, TX",reefer,produce,34819,False,2026-10-13T01:30,2026-10-13T03:30,2026-10-13T12:30,2026-10-13T18:30,468.4,1417.24,high,accepted,0.021
LD04516,L368,L105,"Oklahoma City, OK","Kansas City, MO",dry_van,electronics,28777,False,2026-10-13T01:30,2026-10-13T07:30,2026-10-13T11:30,2026-10-13T19:30,357.1,990.02,standard,tendered,0.023
LD00035,L372,L162,"Dallas, TX","Memphis, TN",dry_van,electronics,14819,True,2026-10-13T01:45,2026-10-13T07:45,2026-10-13T12:45,2026-10-13T20:45,467.2,1306.96,standard,tendered,0.014
LD01174,L453,L186,"Houston, TX","Chicago, IL",dry_van,retail,28790,False,2026-10-13T01:45,2026-10-13T03:45,2026-10-14T09:45,2026-10-15T09:45,1114.8,2591.54,standard,accepted,0.045
LD00220,L045,L129,"Oklahoma City, OK","New Orleans, LA",reefer,pharmaceuticals,38963,False,2026-10-13T02:00,2026-10-13T10:00,2026-10-14T05:00,2026-10-14T11:00,727.6,1998.29,standard,tentative,0.125
LD00542,L259,L308,"Minneapolis, MN","Chicago, IL",dry_van,paper products,40383,False,2026-10-13T02:00,2026-10-13T10:00,2026-10-13T12:00,2026-10-14T00:00,456.4,1243.86,standard,accepted,0.038
LD01367,L369,L222,"Columbus, OH","Dallas, TX",reefer,produce,18908,False,2026-10-13T02:00,2026-10-13T04:00,2026-10-14T11:00,2026-10-14T19:00,1074.0,3338.56,standard,tendered,0.035
LD04664,L280,L287,"Kansas City, MO","Atlanta, GA",dry_van,electronics,25521,False,2026-10-13T02:15,2026-10-13T04:15,2026-10-14T06:15,2026-10-15T06:15,810.2,2225.03,standard,tendered,0.009
LD04334,L453,L237,"Houston, TX","Nashville, TN",dry_van,consumer goods,30070,False,2026-10-13T02:30,2026-10-13T10:30,2026-10-14T03:30,2026-10-14T15:30,760.0,1994.35,high,tendered,0.036
LD04942,L045,L297,"Oklahoma City, OK","Jacksonville, FL",dry_van,auto parts,28003,False,2026-10-13T02:30,2026-10-13T10:30,2026-10-14T13:30,2026-10-15T13:30,1181.8,2606.03,standard,accepted,0.266
LD01054,L274,L265,"St. Louis, MO","Harrisburg, PA",flatbed,pipe,37025,False,2026-10-13T02:45,2026-10-13T06:45,2026-10-14T06:45,2026-10-14T12:45,880.3,2427.22,standard,tentative,0.003
LD03236,L352,L171,"Chicago, IL","New Orleans, LA",dry_van,auto parts,38518,False,2026-10-13T03:00,2026-10-13T09:00,2026-10-14T10:00,2026-10-14T14:00,978.7,2686.74,standard,tendered,0.109
LD01742,L086,L443,"Memphis, TN","Minneapolis, MN",dry_van,paper products,27506,False,2026-10-13T03:15,2026-10-13T05:15,2026-10-14T06:15,2026-10-15T06:15,853.5,2120.75,standard,tendered,0.013
LD02821,L131,L253,"Indianapolis, IN","Newark, NJ",dry_van,electronics,25875,False,2026-10-13T03:15,2026-10-13T09:15,2026-10-14T06:15,2026-10-14T18:15,781.6,1817.67,standard,tendered,0.052
LD03336,L135,L271,"Dallas, TX","Austin, TX",reefer,produce,36723,False,2026-10-13T03:30,2026-10-13T11:30,2026-10-13T09:30,2026-10-14T09:30,246.4,959.04,standard,tendered,0.122
LD04202,L337,L485,"Laredo, TX","Nashville, TN",reefer,dairy,23092,False,2026-10-13T03:30,2026-10-13T11:30,2026-10-14T14:30,2026-10-14T22:30,1151.4,3375.96,standard,tendered,0.009
LD02961,L451,L394,"Louisville, KY","Minneapolis, MN",flatbed,pipe,41203,False,2026-10-13T03:45,2026-10-13T05:45,2026-10-14T05:45,2026-10-14T17:45,722.5,2297.01,standard,tendered,0.004
LD03917,L086,L488,"Memphis, TN","Los Angeles, CA",reefer,dairy,35195,False,2026-10-13T03:45,2026-10-13T09:45,2026-10-15T21:45,2026-10-16T21:45,1876.1,5142.8,standard,tendered,0.001
LD00564,L352,L479,"Chicago, IL","San Antonio, TX",dry_van,electronics,35849,False,2026-10-13T04:00,2026-10-13T06:00,2026-10-15T02:00,2026-10-15T06:00,1244.6,3286.26,standard,tendered,0.041
LD00440,L372,L309,"Dallas, TX","Phoenix, AZ",dry_van,electronics,22285,False,2026-10-13T04:15,2026-10-13T06:15,2026-10-14T12:15,2026-10-14T18:15,1091.9,2549.91,standard,accepted,0.024
LD00667,L208,L180,"Oklahoma City, OK","New Orleans, LA",dry_van,auto parts,36528,False,2026-10-13T04:15,2026-10-13T12:15,2026-10-14T04:15,2026-10-14T08:15,679.6,1697.7,standard,tendered,0.04
LD01086,L451,L263,"Louisville, KY","Nashville, TN",reefer,frozen food,23095,False,2026-10-13T04:15,2026-10-13T06:15,2026-10-13T11:15,2026-10-13T19:15,217.5,926.48,critical,tendered,0.048
LD03934,L062,L306,"Laredo, TX","Dallas, TX",reefer,meat,36088,False,2026-10-13T04:15,2026-10-13T08:15,2026-10-13T16:15,2026-10-14T16:15,482.2,1584.78,standard,tendered,0.121
LD04613,L305,L330,"Los Angeles, CA","Kansas City, MO",dry_van,beverages,29493,False,2026-10-13T04:15,2026-10-13T10:15,2026-10-15T07:15,2026-10-15T19:15,1595.4,3821.96,standard,tendered,0.005
LD02262,L062,L377,"Laredo, TX","Phoenix, AZ",dry_van,paper products,44739,False,2026-10-13T04:30,2026-10-13T08:30,2026-10-14T12:30,2026-10-14T18:30,1024.6,2795.3,high,tendered,0.014
LD02466,L375,L443,"Columbus, OH","Minneapolis, MN",flatbed,steel,43800,False,2026-10-13T04:30,2026-10-13T10:30,2026-10-14T05:30,2026-10-15T05:30,752.1,2221.32,standard,tendered,0.06
LD03875,L352,L141,"Chicago, IL","Oklahoma City, OK",dry_van,paper products,29897,False,2026-10-13T04:30,2026-10-13T06:30,2026-10-14T08:30,2026-10-14T14:30,802.1,2254.35,standard,tendered,0.249
LD02417,L456,L487,"Memphis, TN","Dallas, TX",dry_van,paper products,25260,False,2026-10-13T04:45,2026-10-13T10:45,2026-10-13T17:45,2026-10-14T17:45,508.3,1387.34,standard,accepted,0.035
LD04903,L224,L468,"Columbus, OH","Newark, NJ",dry_van,beverages,37771,False,2026-10-13T04:45,2026-10-13T08:45,2026-10-13T18:45,2026-10-14T18:45,593.4,1520.97,standard,tentative,0.056
LD00757,L334,L109,"Chicago, IL","Dallas, TX",dry_van,consumer goods,20201,False,2026-10-13T05:00,2026-10-13T11:00,2026-10-14T12:00,2026-10-14T16:00,955.3,2513.7,high,accepted,0.025
LD03129,L319,L202,"Chicago, IL","Atlanta, GA",dry_van,retail,34568,False,2026-10-13T05:00,2026-10-13T09:00,2026-10-14T06:00,2026-10-14T18:00,707.3,1656.32,standard,tendered,0.067
LD03470,L196,L358,"Indianapolis, IN","Newark, NJ",dry_van,auto parts,35045,False,2026-10-13T05:00,2026-10-13T13:00,2026-10-14T06:00,2026-10-14T10:00,770.0,2155.57,standard,tendered,0.008
LD01071,L290,L096,"New Orleans, LA","Chicago, IL",flatbed,lumber,26603,False,2026-10-13T05:15,2026-10-13T13:15,2026-10-14T11:15,2026-10-14T23:15,992.3,2904.61,high,tentative,0.16
LD03579,L099,L136,"Dallas, TX","San Antonio, TX",dry_van,auto parts,27636,False,2026-10-13T05:15,2026-10-13T07:15,2026-10-13T13:15,2026-10-14T01:15,339.4,1143.71,standard,tendered,0.031
LD03713,L274,L237,"St. Louis, MO","Nashville, TN",dry_van,paper products,27908,False,2026-10-13T05:15,2026-10-13T13:15,2026-10-13T13:15,2026-10-13T17:15,297.6,893.55,standard,tendered,0.013
LD01379,L380,L067,"Birmingham, AL","Houston, TX",dry_van,beverages,38204,False,2026-10-13T05:30,2026-10-13T07:30,2026-10-14T07:30,2026-10-14T13:30,656.8,1922.48,standard,tendered,0.08
LD01748,L069,L047,"Los Angeles, CA","El Paso, TX",dry_van,electronics,22326,False,2026-10-13T05:30,2026-10-13T11:30,2026-10-14T10:30,2026-10-14T18:30,846.3,2310.64,standard,tendered,0.014
LD02074,L438,L170,"Dallas, TX","San Antonio, TX",reefer,produce,33387,False,2026-10-13T05:30,2026-10-13T11:30,2026-10-13T13:30,2026-10-13T21:30,300.4,1207.71,high,tendered,0.006
LD02400,L075,L194,"Chicago, IL","Los Angeles, CA",dry_van,electronics,35894,False,2026-10-13T05:30,2026-10-13T13:30,2026-10-16T04:30,2026-10-16T16:30,2128.2,5227.42,standard,accepted,0.157
LD03156,L334,L255,"Chicago, IL","Detroit, MI",flatbed,steel,21084,False,2026-10-13T05:30,2026-10-13T09:30,2026-10-13T14:30,2026-10-14T14:30,316.4,1162.24,critical,accepted,0.07
LD03953,L093,L058,"Houston, TX","Orlando, FL",flatbed,lumber,45736,False,2026-10-13T05:30,2026-10-13T13:30,2026-10-14T13:30,2026-10-14T21:30,1039.5,2609.44,high,tendered,0.072
LD00371,L337,L395,"Laredo, TX","Austin, TX",reefer,pharmaceuticals,38152,False,2026-10-13T05:45,2026-10-13T07:45,2026-10-13T14:45,2026-10-13T18:45,286.0,1103.99,standard,tendered,0.033
LD00853,L274,L285,"St. Louis, MO","Indianapolis, IN",dry_van,consumer goods,39012,False,2026-10-13T05:45,2026-10-13T11:45,2026-10-13T13:45,2026-10-13T21:45,313.5,981.28,standard,tendered,0.002
LD01759,L136,L494,"San Antonio, TX","Dallas, TX",dry_van,electronics,21820,False,2026-10-13T05:45,2026-10-13T09:45,2026-10-13T14:45,2026-10-13T18:45,348.9,999.43,standard,tendered,0.097
LD02001,L155,L394,"Los Angeles, CA","Minneapolis, MN",dry_van,paper products,29451,False,2026-10-13T05:45,2026-10-13T07:45,2026-10-15T11:45,2026-10-15T19:45,1781.9,3738.57,critical,accepted,0.068
LD02721,L331,L479,"Little Rock, AR","San Antonio, TX",reefer,produce,27493,True,2026-10-13T05:45,2026-10-13T07:45,2026-10-14T05:45,2026-10-14T09:45,617.4,1761.43,standard,tendered,0.141
LD03229,L259,L125,"Minneapolis, MN","Dallas, TX",dry_van,auto parts,37399,False,2026-10-13T05:45,2026-10-13T09:45,2026-10-14T11:45,2026-10-15T11:45,1009.5,2493.1,high,tendered,0.102
LD03308,L414,L443,"Memphis, TN","Minneapolis, MN",dry_van,beverages,32487,False,2026-10-13T05:45,2026-10-13T11:45,2026-10-14T09:45,2026-10-15T09:45,845.5,2216.51,standard,tendered,0.004
LD03613,L220,L243,"Chicago, IL","Kansas City, MO",dry_van,retail,18673,False,2026-10-13T05:45,2026-10-13T07:45,2026-10-13T16:45,2026-10-14T04:45,480.5,1342.96,standard,tendered,0.06
LD04551,L288,L398,"Miami, FL","Jacksonville, FL",dry_van,retail,11388,False,2026-10-13T05:45,2026-10-13T13:45,2026-10-13T15:45,2026-10-13T23:45,370.6,1295.41,high,accepted,0.012
LD00361,L294,L082,"Los Angeles, CA","Phoenix, AZ",dry_van,auto parts,27351,False,2026-10-13T06:00,2026-10-13T12:00,2026-10-13T17:00,2026-10-13T23:00,433.4,1211.63,standard,accepted,0.179
LD01378,L378,L315,"Kansas City, MO","Harrisburg, PA",dry_van,electronics,27606,True,2026-10-13T06:00,2026-10-13T12:00,2026-10-14T14:00,2026-10-14T18:00,1118.5,2474.86,standard,accepted,0.033
LD01527,L067,L434,"Houston, TX","Jacksonville, FL",dry_van,paper products,34605,False,2026-10-13T06:00,2026-10-13T08:00,2026-10-14T13:00,2026-10-15T01:00,973.1,2316.36,standard,tendered,0.058
LD02252,L094,L480,"New Orleans, LA","Birmingham, AL",dry_van,paper products,37927,False,2026-10-13T06:00,2026-10-13T08:00,2026-10-13T16:00,2026-10-13T22:00,399.9,1267.57,standard,accepted,0.037
LD02612,L225,L299,"Chicago, IL","Kansas City, MO",dry_van,beverages,27947,False,2026-10-13T06:00,2026-10-13T14:00,2026-10-13T18:00,2026-10-14T18:00,535.7,1466.69,standard,accepted,0.033
LD02619,L146,L482,"Detroit, MI","Orlando, FL",dry_van,consumer goods,19955,False,2026-10-13T06:00,2026-10-13T10:00,2026-10-14T16:00,2026-10-15T04:00,1142.4,2659.1,standard,tendered,0.065
LD02651,L289,L274,"Harrisburg, PA","St. Louis, MO",reefer,produce,30875,False,2026-10-13T06:00,2026-10-13T14:00,2026-10-14T11:00,2026-10-14T15:00,853.7,2591.12,standard,tendered,0.082
LD02753,L250,L423,"Chicago, IL","St. Louis, MO",dry_van,consumer goods,38426,False,2026-10-13T06:00,2026-10-13T08:00,2026-10-13T14:00,2026-10-14T14:00,322.4,948.47,high,tendered,0.152
LD03063,L104,L392,"Nashville, TN","Detroit, MI",dry_van,retail,42116,False,2026-10-13T06:00,2026-10-13T10:00,2026-10-13T19:00,2026-10-14T07:00,585.7,1589.92,standard,accepted,0.048
LD03998,L143,L142,"Chicago, IL","Atlanta, GA",flatbed,pipe,26272,False,2026-10-13T06:00,2026-10-13T14:00,2026-10-14T08:00,2026-10-14T16:00,694.8,1849.36,high,accepted,0.042
LD04544,L441,L105,"Columbus, OH","Kansas City, MO",flatbed,building materials,32449,False,2026-10-13T06:00,2026-10-13T14:00,2026-10-14T07:00,2026-10-14T13:00,743.9,2123.42,standard,accepted,0.002
LD01038,L376,L380,"Chicago, IL","Birmingham, AL",dry_van,auto parts,16647,False,2026-10-13T06:15,2026-10-13T08:15,2026-10-14T07:15,2026-10-14T19:15,686.0,1744.28,standard,tendered,0.156
LD01101,L137,L340,"Jacksonville, FL","Detroit, MI",dry_van,retail,42482,False,2026-10-13T06:15,2026-10-13T10:15,2026-10-14T12:15,2026-10-14T16:15,1002.0,2661.22,standard,tendered,0.047
LD01393,L414,L240,"Memphis, TN","Harrisburg, PA",dry_van,electronics,24451,False,2026-10-13T06:15,2026-10-13T14:15,2026-10-14T12:15,2026-10-14T20:15,950.9,2603.42,high,tendered,0.066
LD01761,L242,L119,"Little Rock, AR","New Orleans, LA",reefer,dairy,9924,False,2026-10-13T06:15,2026-10-13T08:15,2026-10-13T16:15,2026-10-13T20:15,418.0,1355.13,standard,tendered,0.064
LD03283,L468,L338,"Newark, NJ","Dallas, TX",reefer,pharmaceuticals,23489,False,2026-10-13T06:15,2026-10-13T14:15,2026-10-15T10:15,2026-10-15T22:15,1653.5,4737.17,standard,tendered,0.01
LD03397,L046,L052,"Louisville, KY","Atlanta, GA",dry_van,paper products,22329,False,2026-10-13T06:15,2026-10-13T10:15,2026-10-13T16:15,2026-10-14T04:15,370.9,1199.2,standard,accepted,0.071
LD03532,L148,L334,"Houston, TX","Chicago, IL",dry_van,paper products,26071,False,2026-10-13T06:15,2026-10-13T14:15,2026-10-14T15:15,2026-10-15T03:15,1124.7,2660.94,standard,tendered,0.088
LD03558,L344,L473,"Laredo, TX","Phoenix, AZ",dry_van,paper products,39665,False,2026-10-13T06:15,2026-10-13T12:15,2026-10-14T13:15,2026-10-14T21:15,1001.8,2557.18,high,tentative,0.105
LD04156,L324,L291,"Houston, TX","Houston, TX",reefer,pharmaceuticals,26158,False,2026-10-13T06:15,2026-10-13T10:15,2026-10-13T09:15,2026-10-13T21:15,66.5,437.09,standard,tendered,0.017
LD04496,L378,L217,"Kansas City, MO","Charlotte, NC",dry_van,paper products,30539,False,2026-10-13T06:15,2026-10-13T08:15,2026-10-14T11:15,2026-10-15T11:15,968.7,2228.67,standard,tendered,0.025
LD04534,L166,L386,"Atlanta, GA","Oklahoma City, OK",dry_van,retail,38584,False,2026-10-13T06:15,2026-10-13T08:15,2026-10-14T11:15,2026-10-15T11:15,888.2,2113.85,critical,accepted,0.059
LD04546,L078,L239,"Louisville, KY","Houston, TX",dry_van,auto parts,38245,False,2026-10-13T06:15,2026-10-13T12:15,2026-10-14T12:15,2026-10-14T16:15,954.8,2546.05,standard,tendered,0.035
LD04558,L438,L148,"Dallas, TX","Houston, TX",dry_van,auto parts,30523,False,2026-10-13T06:15,2026-10-13T12:15,2026-10-13T12:15,2026-10-14T00:15,219.7,716.38,high,accepted,0.135
LD04746,L403,L273,"Atlanta, GA","Newark, NJ",dry_van,paper products,31873,False,2026-10-13T06:15,2026-10-13T12:15,2026-10-14T10:15,2026-10-15T10:15,904.2,2448.59,standard,tendered,0.049
LD04780,L068,L431,"San Antonio, TX","Laredo, TX",dry_van,electronics,22511,False,2026-10-13T06:15,2026-10-13T12:15,2026-10-13T12:15,2026-10-13T18:15,178.9,672.0,standard,tendered,0.022
LD00145,L437,L303,"Laredo, TX","Oklahoma City, OK",dry_van,auto parts,38562,False,2026-10-13T06:30,2026-10-13T10:30,2026-10-14T08:30,2026-10-14T20:30,700.1,1688.5,high,tentative,0.031
LD00370,L462,L359,"Indianapolis, IN","Orlando, FL",flatbed,lumber,41508,False,2026-10-13T06:30,2026-10-13T08:30,2026-10-14T12:30,2026-10-14T16:30,967.5,2884.95,standard,tentative,0.012
LD00447,L412,L328,"Memphis, TN","Austin, TX",flatbed,steel,29314,False,2026-10-13T06:30,2026-10-13T08:30,2026-10-14T06:30,2026-10-14T12:30,707.2,2201.0,standard,tendered,0.062
LD01738,L137,L253,"Jacksonville, FL","Newark, NJ",reefer,dairy,33972,False,2026-10-13T06:30,2026-10-13T14:30,2026-10-14T13:30,2026-10-15T13:30,1023.3,2893.57,standard,tendered,0.025
LD01848,L396,L126,"Little Rock, AR","Miami, FL",dry_van,electronics,37801,False,2026-10-13T06:30,2026-10-13T08:30,2026-10-14T16:30,2026-10-15T16:30,1159.7,2881.81,standard,accepted,0.033
LD02206,L075,L134,"Chicago, IL","Denver, CO",dry_van,retail,25153,False,2026-10-13T06:30,2026-10-13T10:30,2026-10-14T14:30,2026-10-14T22:30,1112.6,2945.93,critical,accepted,0.045
LD02567,L359,L279,"Orlando, FL","Columbus, OH",dry_van,electronics,38518,False,2026-10-13T06:30,2026-10-13T10:30,2026-10-14T11:30,2026-10-14T23:30,952.4,2996.07,standard,accepted,0.045
LD02940,L220,L269,"Chicago, IL","Harrisburg, PA",dry_van,electronics,32258,False,2026-10-13T06:30,2026-10-13T08:30,2026-10-14T07:30,2026-10-14T13:30,675.8,1951.94,standard,tendered,0.047
LD03143,L447,L227,"Miami, FL","Charlotte, NC",reefer,produce,25990,False,2026-10-13T06:30,2026-10-13T08:30,2026-10-14T09:30,2026-10-15T09:30,780.4,2674.43,standard,tendered,0.01
LD03265,L157,L473,"Dallas, TX","Phoenix, AZ",dry_van,consumer goods,11378,False,2026-10-13T06:30,2026-10-13T14:30,2026-10-14T14:30,2026-10-14T22:30,1084.7,2679.44,standard,tentative,0.054
LD03357,L385,L047,"Los Angeles, CA","El Paso, TX",reefer,frozen food,28208,False,2026-10-13T06:30,2026-10-13T08:30,2026-10-14T09:30,2026-10-14T13:30,842.9,2358.03,standard,tendered,0.033
LD03778,L496,L484,"Jacksonville, FL","Indianapolis, IN",dry_van,auto parts,24118,False,2026-10-13T06:30,2026-10-13T10:30,2026-10-14T08:30,2026-10-15T08:30,802.2,2140.88,standard,accepted,0.013
LD04059,L437,L368,"Laredo, TX","Oklahoma City, OK",reefer,meat,27653,False,2026-10-13T06:30,2026-10-13T12:30,2026-10-14T08:30,2026-10-14T12:30,685.3,2038.32,standard,accepted,0.177
LD04181,L334,L466,"Chicago, IL","Nashville, TN",dry_van,auto parts,18646,False,2026-10-13T06:30,2026-10-13T10:30,2026-10-13T18:30,2026-10-14T02:30,500.2,1514.73,standard,tendered,0.043
LD04508,L146,L095,"Detroit, MI","Newark, NJ",reefer,frozen food,36429,False,2026-10-13T06:30,2026-10-13T08:30,2026-10-14T06:30,2026-10-14T14:30,607.2,2028.51,standard,tendered,0.016
LD04627,L078,L361,"Louisville, KY","Little Rock, AR",dry_van,retail,14844,False,2026-10-13T06:30,2026-10-13T08:30,2026-10-13T18:30,2026-10-14T18:30,525.1,1615.38,critical,tentative,0.008
LD04648,L462,L163,"Indianapolis, IN","San Antonio, TX",dry_van,auto parts,20874,False,2026-10-13T06:30,2026-10-13T10:30,2026-10-14T16:30,2026-10-14T22:30,1188.8,2983.71,standard,tentative,0.054
LD01319,L437,L380,"Laredo, TX","Birmingham, AL",dry_van,beverages,40179,False,2026-10-13T06:45,2026-10-13T08:45,2026-10-14T14:45,2026-10-14T20:45,1014.5,2755.74,standard,accepted,0.018
LD01616,L131,L415,"Indianapolis, IN","Chicago, IL",dry_van,beverages,40828,False,2026-10-13T06:45,2026-10-13T14:45,2026-10-13T12:45,2026-10-13T16:45,203.5,772.45,standard,accepted,0.017
LD01705,L319,L226,"Chicago, IL","Columbus, OH",dry_van,paper products,27556,True,2026-10-13T06:45,2026-10-13T14:45,2026-10-13T14:45,2026-10-13T20:45,338.6,1133.43,standard,accepted,0.005
LD01768,L468,L279,"Newark, NJ","Columbus, OH",dry_van,auto parts,25304,False,2026-10-13T06:45,2026-10-13T12:45,2026-10-13T18:45,2026-10-14T06:45,567.4,1498.62,standard,tendered,0.017
LD02552,L203,L330,"St. Louis, MO","Kansas City, MO",reefer,pharmaceuticals,32801,False,2026-10-13T06:45,2026-10-13T08:45,2026-10-13T12:45,2026-10-13T16:45,296.5,1014.5,standard,tendered,0.055
LD02678,L336,L304,"Columbus, OH","New Orleans, LA",dry_van,electronics,20500,False,2026-10-13T06:45,2026-10-13T08:45,2026-10-14T11:45,2026-10-14T23:45,942.9,2595.3,standard,accepted,0.053
LD02708,L141,L413,"Oklahoma City, OK","Kansas City, MO",dry_van,paper products,37059,False,2026-10-13T06:45,2026-10-13T14:45,2026-10-13T15:45,2026-10-13T21:45,335.3,971.15,standard,accepted,0.023
LD02723,L099,L141,"Dallas, TX","Oklahoma City, OK",dry_van,retail,31120,False,2026-10-13T06:45,2026-10-13T08:45,2026-10-13T12:45,2026-10-13T20:45,240.0,893.95,standard,tendered,0.018
LD02845,L467,L124,"Miami, FL","Detroit, MI",dry_van,retail,24875,False,2026-10-13T06:45,2026-10-13T08:45,2026-10-15T05:45,2026-10-15T13:45,1396.4,4172.75,standard,accepted,0.009
LD02931,L050,L392,"Atlanta, GA","Detroit, MI",dry_van,paper products,39365,False,2026-10-13T06:45,2026-10-13T14:45,2026-10-14T07:45,2026-10-15T07:45,710.3,1710.82,standard,accepted,0.051
LD03519,L439,L234,"Oklahoma City, OK","Phoenix, AZ",flatbed,steel,46354,False,2026-10-13T06:45,2026-10-13T14:45,2026-10-14T12:45,2026-10-15T00:45,1002.6,2673.31,critical,tendered,0.049
LD04297,L334,L490,"Chicago, IL","Phoenix, AZ",dry_van,electronics,39606,False,2026-10-13T06:45,2026-10-13T08:45,2026-10-15T13:45,2026-10-16T01:45,1747.4,4137.11,standard,tendered,0.034
LD00281,L398,L120,"Jacksonville, FL","Austin, TX",dry_van,auto parts,17639,False,2026-10-13T07:00,2026-10-13T09:00,2026-10-14T18:00,2026-10-15T06:00,1186.3,2773.35,standard,accepted,0.013
LD00991,L467,L415,"Miami, FL","Chicago, IL",dry_van,electronics,25721,False,2026-10-13T07:00,2026-10-13T13:00,2026-10-15T07:00,2026-10-15T11:00,1433.4,3482.79,standard,tendered,0.028
LD01356,L130,L044,"Memphis, TN","Dallas, TX",reefer,meat,35854,False,2026-10-13T07:00,2026-10-13T09:00,2026-10-13T19:00,2026-10-14T03:00,543.2,1877.47,standard,tendered,0.095
LD01676,L163,L121,"San Antonio, TX","Dallas, TX",dry_van,retail,36554,False,2026-10-13T07:00,2026-10-13T09:00,2026-10-13T16:00,2026-10-14T04:00,313.0,1001.69,standard,tendered,0.072
LD01682,L277,L266,"Kansas City, MO","Columbus, OH",dry_van,electronics,32612,False,2026-10-13T07:00,2026-10-13T09:00,2026-10-14T09:00,2026-10-14T17:00,766.1,2082.57,standard,tendered,0.043
LD02087,L400,L482,"Austin, TX","Orlando, FL",dry_van,paper products,33228,False,2026-10-13T07:00,2026-10-13T13:00,2026-10-14T16:00,2026-10-15T16:00,1205.8,3172.23,standard,accepted,0.088
LD02641,L162,L298,"Memphis, TN","Harrisburg, PA",dry_van,auto parts,24103,False,2026-10-13T07:00,2026-10-13T11:00,2026-10-14T14:00,2026-10-14T20:00,994.6,2630.47,standard,tendered,0.033
LD02880,L463,L226,"Indianapolis, IN","Columbus, OH",reefer,dairy,36043,False,2026-10-13T07:00,2026-10-13T09:00,2026-10-13T14:00,2026-10-13T18:00,217.3,876.91,standard,tendered,0.035
LD02951,L479,L110,"San Antonio, TX","Dallas, TX",dry_van,retail,31219,False,2026-10-13T07:00,2026-10-13T13:00,2026-10-13T16:00,2026-10-14T04:00,318.8,1027.74,standard,tendered,0.014
LD03110,L070,L459,"Little Rock, AR","Houston, TX",reefer,dairy,16179,False,2026-10-13T07:00,2026-10-13T09:00,2026-10-13T17:00,2026-10-14T01:00,462.6,1682.85,standard,tentative,0.152
LD03354,L168,L404,"Jacksonville, FL","Kansas City, MO",dry_van,beverages,21651,False,2026-10-13T07:00,2026-10-13T09:00,2026-10-14T16:00,2026-10-15T00:00,1141.9,2720.62,standard,tendered,0.025
LD03375,L493,L227,"Orlando, FL","Charlotte, NC",dry_van,paper products,38116,False,2026-10-13T07:00,2026-10-13T11:00,2026-10-13T20:00,2026-10-14T08:00,576.2,1842.2,standard,accepted,0.028
LD03728,L196,L227,"Indianapolis, IN","Charlotte, NC",dry_van,auto parts,37256,False,2026-10-13T07:00,2026-10-13T13:00,2026-10-13T17:00,2026-10-14T05:00,495.2,1507.02,standard,tendered,0.077
LD03918,L290,L182,"New Orleans, LA","Denver, CO",dry_van,auto parts,33045,False,2026-10-13T07:00,2026-10-13T15:00,2026-10-15T05:00,2026-10-15T11:00,1343.1,3403.02,standard,tendered,0.221
LD04954,L116,L466,"Charlotte, NC","Nashville, TN",flatbed,building materials,31545,False,2026-10-13T07:00,2026-10-13T13:00,2026-10-13T17:00,2026-10-14T17:00,363.4,1171.79,standard,tendered,0.03
LD00152,L130,L058,"Memphis, TN","Orlando, FL",dry_van,electronics,15283,False,2026-10-13T07:15,2026-10-13T09:15,2026-10-14T10:15,2026-10-14T18:15,796.1,1852.87,standard,tendered,0.041
LD00797,L373,L218,"Atlanta, GA","Oklahoma City, OK",reefer,produce,31705,False,2026-10-13T07:15,2026-10-13T11:15,2026-10-14T12:15,2026-10-15T12:15,929.2,2593.71,standard,accepted,0.085
LD01111,L075,L359,"Chicago, IL","Orlando, FL",flatbed,pipe,19595,False,2026-10-13T07:15,2026-10-13T09:15,2026-10-14T17:15,2026-10-14T21:15,1181.3,2901.24,standard,tendered,0.062
LD01195,L360,L100,"Columbus, OH","Charlotte, NC",flatbed,machinery,22994,False,2026-10-13T07:15,2026-10-13T11:15,2026-10-13T18:15,2026-10-14T06:15,445.7,1575.36,high,tendered,0.026
LD02135,L324,L089,"Houston, TX","New Orleans, LA",dry_van,paper products,33571,False,2026-10-13T07:15,2026-10-13T09:15,2026-10-13T15:15,2026-10-13T19:15,330.1,1013.33,standard,tendered,0.118
LD02196,L348,L041,"Los Angeles, CA","Dallas, TX",dry_van,electronics,19560,False,2026-10-13T07:15,2026-10-13T15:15,2026-10-15T08:15,2026-10-15T20:15,1474.4,3724.44,standard,tendered,0.223
LD02727,L489,L261,"Atlanta, GA","Chicago, IL",dry_van,auto parts,34173,False,2026-10-13T07:15,2026-10-13T15:15,2026-10-14T10:15,2026-10-14T18:15,710.9,1752.97,high,accepted,0.108
LD03096,L467,L105,"Miami, FL","Kansas City, MO",dry_van,paper products,30627,False,2026-10-13T07:15,2026-10-13T09:15,2026-10-15T08:15,2026-10-15T20:15,1494.3,3584.63,standard,tendered,0.038
LD03141,L149,L361,"Jacksonville, FL","Little Rock, AR",dry_van,electronics,24457,False,2026-10-13T07:15,2026-10-13T15:15,2026-10-14T10:15,2026-10-14T18:15,819.2,1914.91,standard,tendered,0.006
LD03341,L205,L284,"Oklahoma City, OK","Atlanta, GA",reefer,meat,40241,False,2026-10-13T07:15,2026-10-13T09:15,2026-10-14T12:15,2026-10-14T20:15,918.5,2418.2,standard,tendered,0.102
LD03363,L385,L229,"Los Angeles, CA","Denver, CO",dry_van,consumer goods,35525,False,2026-10-13T07:15,2026-10-13T09:15,2026-10-14T14:15,2026-10-15T14:15,1034.2,2638.76,high,accepted,0.123
LD04133,L426,L109,"St. Louis, MO","Dallas, TX",reefer,pharmaceuticals,23324,False,2026-10-13T07:15,2026-10-13T15:15,2026-10-14T08:15,2026-10-14T16:15,658.0,2234.79,standard,tendered,0.04
LD04588,L179,L354,"Los Angeles, CA","San Antonio, TX",dry_van,electronics,19321,False,2026-10-13T07:15,2026-10-13T15:15,2026-10-15T07:15,2026-10-16T07:15,1432.1,3304.42,high,accepted,0.045
LD04722,L323,L167,"Detroit, MI","Little Rock, AR",dry_van,electronics,35930,False,2026-10-13T07:15,2026-10-13T09:15,2026-10-14T12:15,2026-10-14T20:15,866.5,2201.26,standard,tendered,0.122
LD00017,L175,L409,"Dallas, TX","Columbus, OH",dry_van,electronics,37611,False,2026-10-13T07:30,2026-10-13T11:30,2026-10-14T15:30,2026-10-14T21:30,1102.8,2515.35,standard,tendered,0.03
LD00107,L070,L133,"Little Rock, AR","Dallas, TX",dry_van,paper products,40760,False,2026-10-13T07:30,2026-10-13T09:30,2026-10-13T15:30,2026-10-13T23:30,338.3,1022.58,critical,tendered,0.143
LD01016,L380,L237,"Birmingham, AL","Nashville, TN",dry_van,paper products,35472,False,2026-10-13T07:30,2026-10-13T15:30,2026-10-13T14:30,2026-10-13T20:30,187.1,712.74,high,accepted,0.079
LD01027,L098,L409,"Houston, TX","Columbus, OH",dry_van,paper products,21803,False,2026-10-13T07:30,2026-10-13T11:30,2026-10-15T05:30,2026-10-15T11:30,1221.7,2895.33,standard,tendered,0.083
LD01800,L310,L359,"El Paso, TX","Orlando, FL",dry_van,electronics,40190,False,2026-10-13T07:30,2026-10-13T15:30,2026-10-15T13:30,2026-10-15T17:30,1798.2,3935.08,standard,tentative,0.003
LD01957,L098,L339,"Houston, TX","Denver, CO",reefer,produce,39545,False,2026-10-13T07:30,2026-10-13T13:30,2026-10-14T16:30,2026-10-14T22:30,1063.2,3397.2,high,accepted,0.001
LD02222,L162,L177,"Memphis, TN","Dallas, TX",dry_van,beverages,26045,False,2026-10-13T07:30,2026-10-13T13:30,2026-10-13T19:30,2026-10-14T19:30,500.0,1488.28,standard,accepted,0.134
LD02613,L348,L134,"Los Angeles, CA","Denver, CO",dry_van,consumer goods,40916,False,2026-10-13T07:30,2026-10-13T15:30,2026-10-14T14:30,2026-10-14T22:30,995.9,2298.2,standard,accepted,0.001
LD03005,L215,L354,"Oklahoma City, OK","San Antonio, TX",flatbed,machinery,43821,False,2026-10-13T07:30,2026-10-13T11:30,2026-10-13T20:30,2026-10-14T08:30,501.8,1655.52,standard,accepted,0.083
LD03168,L215,L102,"Oklahoma City, OK","Indianapolis, IN",reefer,frozen food,17375,False,2026-10-13T07:30,2026-10-13T13:30,2026-10-14T12:30,2026-10-14T20:30,833.0,2600.69,standard,tendered,0.042
LD03420,L078,L472,"Louisville, KY","St. Louis, MO",dry_van,consumer goods,34463,False,2026-10-13T07:30,2026-10-13T09:30,2026-10-13T15:30,2026-10-13T23:30,313.9,1004.62,standard,accepted,0.107
LD03818,L418,L338,"Jacksonville, FL","Dallas, TX",dry_van,auto parts,35320,False,2026-10-13T07:30,2026-10-13T15:30,2026-10-14T15:30,2026-10-14T23:30,1092.7,2647.52,high,tendered,0.008
LD03957,L235,L075,"Louisville, KY","Chicago, IL",flatbed,machinery,20065,False,2026-10-13T07:30,2026-10-13T13:30,2026-10-13T16:30,2026-10-14T04:30,325.4,1190.6,standard,tendered,0.031
LD04011,L467,L112,"Miami, FL","Columbus, OH",reefer,produce,31499,False,2026-10-13T07:30,2026-10-13T15:30,2026-10-14T17:30,2026-10-14T23:30,1190.1,4081.87,high,tendered,0.039
LD04614,L294,L180,"Los Angeles, CA","New Orleans, LA",dry_van,auto parts,20879,False,2026-10-13T07:30,2026-10-13T15:30,2026-10-16T04:30,2026-10-16T10:30,1985.5,4856.54,standard,tendered,0.054
LD00359,L278,L257,"Newark, NJ","Columbus, OH",dry_van,electronics,26477,False,2026-10-13T07:45,2026-10-13T11:45,2026-10-13T19:45,2026-10-14T03:45,543.3,1603.21,high,accepted,0.095
LD00982,L458,L042,"Houston, TX","Chicago, IL",dry_van,retail,37007,False,2026-10-13T07:45,2026-10-13T15:45,2026-10-14T15:45,2026-10-14T21:45,1118.3,2851.52,high,tendered,0.002
LD02489,L241,L189,"Indianapolis, IN","Harrisburg, PA",flatbed,building materials,19445,False,2026-10-13T07:45,2026-10-13T09:45,2026-10-14T08:45,2026-10-14T12:45,617.2,1861.25,standard,tendered,0.119
LD02665,L085,L143,"Minneapolis, MN","Chicago, IL",dry_van,retail,14726,False,2026-10-13T07:45,2026-10-13T11:45,2026-10-13T18:45,2026-10-14T00:45,453.9,1287.38,standard,accepted,0.065
LD03226,L070,L426,"Little Rock, AR","St. Louis, MO",dry_van,auto parts,33399,False,2026-10-13T07:45,2026-10-13T13:45,2026-10-13T16:45,2026-10-14T16:45,366.2,1187.94,critical,tendered,0.048
LD03326,L414,L295,"Memphis, TN","New Orleans, LA",dry_van,auto parts,35285,False,2026-10-13T07:45,2026-10-13T09:45,2026-10-13T17:45,2026-10-13T21:45,431.0,1131.22,standard,tendered,0.084
LD03327,L118,L309,"Houston, TX","Phoenix, AZ",dry_van,paper products,34514,False,2026-10-13T07:45,2026-10-13T09:45,2026-10-15T04:45,2026-10-16T04:45,1239.9,2699.66,standard,tentative,0.068
LD03460,L375,L471,"Columbus, OH","Charlotte, NC",reefer,meat,36718,False,2026-10-13T07:45,2026-10-13T09:45,2026-10-13T16:45,2026-10-14T00:45,419.1,1546.45,standard,accepted,0.046
LD03843,L482,L195,"Orlando, FL","Little Rock, AR",dry_van,consumer goods,39964,False,2026-10-13T07:45,2026-10-13T15:45,2026-10-14T13:45,2026-10-14T19:45,927.2,2356.87,high,tendered,0.022
LD04013,L482,L183,"Orlando, FL","Louisville, KY",dry_van,auto parts,37164,False,2026-10-13T07:45,2026-10-13T13:45,2026-10-14T12:45,2026-10-14T20:45,881.6,2401.51,standard,tendered,0.103
LD04294,L374,L340,"Newark, NJ","Detroit, MI",dry_van,electronics,31318,False,2026-10-13T07:45,2026-10-13T09:45,2026-10-13T20:45,2026-10-14T02:45,572.6,1606.59,standard,accepted,0.072
LD04685,L278,L269,"Newark, NJ","Harrisburg, PA",dry_van,paper products,27243,False,2026-10-13T07:45,2026-10-13T09:45,2026-10-13T12:45,2026-10-13T18:45,147.0,647.37,standard,tendered,0.034
LD04801,L314,L176,"Charlotte, NC","Denver, CO",dry_van,paper products,13306,False,2026-10-13T07:45,2026-10-13T13:45,2026-10-15T10:45,2026-10-16T10:45,1590.7,3648.05,standard,tendered,0.025
LD00513,L324,L063,"Houston, TX","San Antonio, TX",dry_van,paper products,18589,False,2026-10-13T08:00,2026-10-13T12:00,2026-10-13T14:00,2026-10-13T20:00,268.1,845.67,standard,tendered,0.02
LD00657,L289,L392,"Harrisburg, PA","Detroit, MI",dry_van,beverages,22685,False,2026-10-13T08:00,2026-10-13T14:00,2026-10-13T20:00,2026-10-14T02:00,434.2,1145.03,standard,tendered,0.094
LD01100,L307,L404,"Chicago, IL","Kansas City, MO",dry_van,consumer goods,28762,True,2026-10-13T08:00,2026-10-13T12:00,2026-10-13T20:00,2026-10-14T02:00,505.2,1370.99,standard,accepted,0.0
LD01486,L454,L351,"Houston, TX","Chicago, IL",dry_van,paper products,37038,False,2026-10-13T08:00,2026-10-13T12:00,2026-10-14T17:00,2026-10-14T23:00,1145.2,2891.29,standard,accepted,0.066
LD01505,L099,L433,"Dallas, TX","Charlotte, NC",dry_van,beverages,30176,False,2026-10-13T08:00,2026-10-13T16:00,2026-10-14T16:00,2026-10-14T22:00,1109.0,3004.96,standard,tendered,0.102
LD01609,L355,L402,"Houston, TX","Miami, FL",flatbed,steel,30036,True,2026-10-13T08:00,2026-10-13T10:00,2026-10-14T17:00,2026-10-15T05:00,1174.9,2886.44,standard,tendered,0.056
LD02137,L358,L365,"Newark, NJ","Birmingham, AL",dry_van,electronics,36207,False,2026-10-13T08:00,2026-10-13T12:00,2026-10-14T16:00,2026-10-15T04:00,1041.7,2499.13,critical,tendered,0.045
LD02452,L451,L313,"Louisville, KY","Miami, FL",dry_van,auto parts,19868,False,2026-10-13T08:00,2026-10-13T10:00,2026-10-14T17:00,2026-10-15T17:00,1118.0,2843.47,standard,accepted,0.069
LD02497,L348,L182,"Los Angeles, CA","Denver, CO",flatbed,lumber,42092,False,2026-10-13T08:00,2026-10-13T14:00,2026-10-14T14:00,2026-10-15T02:00,983.3,2528.23,standard,accepted,0.142
LD02565,L101,L055,"Birmingham, AL","Louisville, KY",reefer,pharmaceuticals,28302,False,2026-10-13T08:00,2026-10-13T10:00,2026-10-13T18:00,2026-10-13T22:00,402.0,1387.86,standard,tendered,0.032
LD02746,L438,L267,"Dallas, TX","Indianapolis, IN",dry_van,auto parts,20995,False,2026-10-13T08:00,2026-10-13T10:00,2026-10-14T13:00,2026-10-14T21:00,900.7,2103.46,standard,tendered,0.048
LD03070,L250,L299,"Chicago, IL","Kansas City, MO",dry_van,paper products,19600,False,2026-10-13T08:00,2026-10-13T10:00,2026-10-13T19:00,2026-10-13T23:00,520.9,1484.62,standard,accepted,0.237
LD03194,L355,L463,"Houston, TX","Indianapolis, IN",flatbed,steel,29092,False,2026-10-13T08:00,2026-10-13T10:00,2026-10-14T14:00,2026-10-14T18:00,1014.1,2950.39,standard,accepted,0.132
LD03296,L319,L484,"Chicago, IL","Indianapolis, IN",reefer,meat,32475,False,2026-10-13T08:00,2026-10-13T16:00,2026-10-13T14:00,2026-10-14T14:00,218.8,815.74,standard,tendered,0.176
LD03376,L418,L052,"Jacksonville, FL","Atlanta, GA",reefer,meat,28623,False,2026-10-13T08:00,2026-10-13T16:00,2026-10-13T16:00,2026-10-14T04:00,338.0,1250.03,standard,accepted,0.004
LD03608,L137,L383,"Jacksonville, FL","Charlotte, NC",flatbed,steel,31668,False,2026-10-13T08:00,2026-10-13T12:00,2026-10-13T17:00,2026-10-14T05:00,399.2,1240.77,standard,tendered,0.096
LD03630,L163,L231,"San Antonio, TX","El Paso, TX",dry_van,consumer goods,24776,False,2026-10-13T08:00,2026-10-13T10:00,2026-10-13T22:00,2026-10-14T02:00,591.0,1645.8,high,tendered,0.01
LD03881,L213,L298,"Jacksonville, FL","Harrisburg, PA",dry_van,auto parts,35809,False,2026-10-13T08:00,2026-10-13T12:00,2026-10-14T12:00,2026-10-14T16:00,885.7,2141.57,standard,tendered,0.105
LD03890,L475,L339,"Indianapolis, IN","Denver, CO",dry_van,consumer goods,23038,False,2026-10-13T08:00,2026-10-13T10:00,2026-10-14T17:00,2026-10-15T01:00,1179.0,2707.85,standard,accepted,0.004
LD04367,L360,L231,"Columbus, OH","El Paso, TX",reefer,pharmaceuticals,26415,False,2026-10-13T08:00,2026-10-13T16:00,2026-10-15T14:00,2026-10-16T14:00,1678.0,4577.31,high,tendered,0.039
LD04396,L064,L266,"Harrisburg, PA","Columbus, OH",dry_van,paper products,24277,False,2026-10-13T08:00,2026-10-13T10:00,2026-10-13T17:00,2026-10-14T17:00,400.1,1169.46,standard,accepted,0.032
LD04742,L136,L051,"San Antonio, TX","Indianapolis, IN",dry_van,electronics,39330,False,2026-10-13T08:00,2026-10-13T14:00,2026-10-14T18:00,2026-10-15T06:00,1196.9,3102.48,standard,tentative,0.146
LD00629,L103,L089,"Chicago, IL","New Orleans, LA",dry_van,consumer goods,31992,False,2026-10-13T08:15,2026-10-13T10:15,2026-10-14T15:15,2026-10-14T23:15,1021.5,2511.36,standard,accepted,0.144
LD01346,L290,L096,"New Orleans, LA","Chicago, IL",reefer,meat,20742,False,2026-10-13T08:15,2026-10-13T10:15,2026-10-14T14:15,2026-10-15T02:15,992.3,2711.63,standard,accepted,0.048
LD01468,L306,L473,"Dallas, TX","Phoenix, AZ",dry_van,electronics,43547,False,2026-10-13T08:15,2026-10-13T10:15,2026-10-14T16:15,2026-10-14T22:15,1058.8,2371.82,high,accepted,0.017
LD01559,L152,L236,"Memphis, TN","New Orleans, LA",flatbed,pipe,20401,False,2026-10-13T08:15,2026-10-13T16:15,2026-10-13T17:15,2026-10-13T23:15,442.5,1497.51,standard,tendered,0.02
LD01760,L065,L205,"Miami, FL","Oklahoma City, OK",flatbed,machinery,35596,False,2026-10-13T08:15,2026-10-13T10:15,2026-10-15T09:15,2026-10-15T21:15,1484.9,4436.07,standard,accepted,0.023
LD02073,L491,L202,"Minneapolis, MN","Atlanta, GA",dry_van,consumer goods,27972,False,2026-10-13T08:15,2026-10-13T16:15,2026-10-14T15:15,2026-10-14T21:15,1083.6,2700.04,standard,tendered,0.059
LD02433,L123,L309,"Los Angeles, CA","Phoenix, AZ",dry_van,consumer goods,39082,False,2026-10-13T08:15,2026-10-13T16:15,2026-10-13T18:15,2026-10-14T00:15,435.9,1214.27,standard,tendered,0.067
LD02758,L059,L066,"Austin, TX","Chicago, IL",reefer,meat,39124,False,2026-10-13T08:15,2026-10-13T14:15,2026-10-15T05:15,2026-10-15T11:15,1218.5,3397.12,standard,accepted,0.064
LD03176,L059,L245,"Austin, TX","Nashville, TN",reefer,produce,26640,False,2026-10-13T08:15,2026-10-13T10:15,2026-10-14T13:15,2026-10-14T21:15,914.8,2565.77,standard,tendered,0.025
LD03373,L130,L061,"Memphis, TN","Charlotte, NC",reefer,meat,24090,False,2026-10-13T08:15,2026-10-13T10:15,2026-10-14T08:15,2026-10-14T16:15,621.4,1845.48,high,accepted,0.027
LD04134,L245,L350,"Nashville, TN","Dallas, TX",flatbed,pipe,33660,False,2026-10-13T08:15,2026-10-13T10:15,2026-10-14T09:15,2026-10-14T15:15,703.8,2022.54,standard,accepted,0.019
LD04208,L245,L128,"Nashville, TN","Miami, FL",flatbed,lumber,27574,False,2026-10-13T08:15,2026-10-13T10:15,2026-10-14T14:15,2026-10-14T18:15,985.0,2982.45,standard,tendered,0.137
LD04422,L307,L236,"Chicago, IL","New Orleans, LA",dry_van,consumer goods,22041,False,2026-10-13T08:15,2026-10-13T14:15,2026-10-14T15:15,2026-10-14T19:15,1011.0,2244.11,standard,tendered,0.035
LD04702,L075,L058,"Chicago, IL","Orlando, FL",dry_van,auto parts,23071,False,2026-10-13T08:15,2026-10-13T12:15,2026-10-14T18:15,2026-10-15T18:15,1168.6,3103.29,standard,tendered,0.045
LD04908,L418,L119,"Jacksonville, FL","New Orleans, LA",dry_van,retail,27344,False,2026-10-13T08:15,2026-10-13T10:15,2026-10-14T07:15,2026-10-14T13:15,619.7,1640.46,standard,tendered,0.005
LD00230,L167,L315,"Little Rock, AR","Harrisburg, PA",dry_van,consumer goods,39473,False,2026-10-13T08:30,2026-10-13T10:30,2026-10-14T17:30,2026-10-15T05:30,1111.3,2488.37,critical,tendered,0.117
LD00233,L346,L204,"Houston, TX","Kansas City, MO",dry_van,consumer goods,24351,False,2026-10-13T08:30,2026-10-13T10:30,2026-10-14T10:30,2026-10-14T14:30,794.2,2179.98,standard,accepted,0.046
LD00397,L245,L466,"Nashville, TN","Nashville, TN",dry_van,paper products,36684,False,2026-10-13T08:30,2026-10-13T16:30,2026-10-13T11:30,2026-10-13T17:30,51.5,337.31,standard,tendered,0.101
LD01059,L152,L370,"Memphis, TN","Orlando, FL",dry_van,consumer goods,15066,False,2026-10-13T08:30,2026-10-13T14:30,2026-10-14T10:30,2026-10-14T18:30,819.6,1891.65,standard,tendered,0.127
LD01060,L183,L384,"Louisville, KY","Minneapolis, MN",dry_van,paper products,19915,False,2026-10-13T08:30,2026-10-13T14:30,2026-10-14T09:30,2026-10-14T15:30,701.0,1915.82,standard,accepted,0.102
LD01475,L306,L077,"Dallas, TX","Jacksonville, FL",dry_van,auto parts,31697,False,2026-10-13T08:30,2026-10-13T16:30,2026-10-14T17:30,2026-10-14T23:30,1109.5,2662.4,standard,tentative,0.073
LD01572,L213,L431,"Jacksonville, FL","Laredo, TX",dry_van,paper products,39054,False,2026-10-13T08:30,2026-10-13T10:30,2026-10-15T06:30,2026-10-15T18:30,1299.7,3003.8,standard,accepted,0.013
LD01796,L343,L070,"Louisville, KY","Little Rock, AR",dry_van,paper products,34784,False,2026-10-13T08:30,2026-10-13T10:30,2026-10-13T22:30,2026-10-14T04:30,544.6,1507.95,standard,tendered,0.091
LD02102,L219,L105,"Nashville, TN","Kansas City, MO",reefer,dairy,27899,False,2026-10-13T08:30,2026-10-13T16:30,2026-10-13T21:30,2026-10-14T05:30,543.2,1871.04,standard,accepted,0.06
LD02122,L043,L361,"Chicago, IL","Little Rock, AR",dry_van,consumer goods,17540,False,2026-10-13T08:30,2026-10-13T12:30,2026-10-14T09:30,2026-10-14T17:30,663.5,1757.17,standard,accepted,0.013
LD02349,L495,L479,"Phoenix, AZ","San Antonio, TX",reefer,produce,20619,False,2026-10-13T08:30,2026-10-13T16:30,2026-10-14T15:30,2026-10-14T21:30,1013.1,2996.69,standard,tendered,0.023
LD02990,L335,L134,"Los Angeles, CA","Denver, CO",dry_van,beverages,42838,False,2026-10-13T08:30,2026-10-13T10:30,2026-10-14T16:30,2026-10-14T22:30,1014.6,2301.7,standard,tendered,0.101
LD04209,L301,L234,"Denver, CO","Phoenix, AZ",dry_van,electronics,31134,False,2026-10-13T08:30,2026-10-13T10:30,2026-10-14T09:30,2026-10-14T17:30,701.0,1942.46,standard,tendered,0.035
LD04232,L142,L051,"Atlanta, GA","Indianapolis, IN",dry_van,electronics,25357,False,2026-10-13T08:30,2026-10-13T12:30,2026-10-13T21:30,2026-10-14T03:30,498.5,1347.83,standard,tendered,0.016
LD04553,L319,L089,"Chicago, IL","New Orleans, LA",reefer,pharmaceuticals,40123,False,2026-10-13T08:30,2026-10-13T16:30,2026-10-14T14:30,2026-10-14T20:30,990.5,2812.36,standard,tendered,0.008
LD04729,L184,L330,"Newark, NJ","Kansas City, MO",reefer,pharmaceuticals,20392,False,2026-10-13T08:30,2026-10-13T14:30,2026-10-15T06:30,2026-10-15T10:30,1311.6,4067.6,standard,accepted,0.068
LD04798,L405,L105,"St. Louis, MO","Kansas City, MO",dry_van,paper products,35789,True,2026-10-13T08:30,2026-10-13T10:30,2026-10-13T16:30,2026-10-14T04:30,284.0,962.73,high,accepted,0.032
LD04853,L258,L359,"Charlotte, NC","Orlando, FL",dry_van,consumer goods,20948,False,2026-10-13T08:30,2026-10-13T10:30,2026-10-13T20:30,2026-10-14T08:30,556.3,1508.38,standard,tendered,0.035
LD00053,L396,L201,"Little Rock, AR","Dallas, TX",dry_van,auto parts,36374,False,2026-10-13T08:45,2026-10-13T10:45,2026-10-13T17:45,2026-10-14T17:45,306.6,1071.26,standard,tendered,0.016
LD00133,L482,L296,"Orlando, FL","Louisville, KY",dry_van,auto parts,34204,False,2026-10-13T08:45,2026-10-13T16:45,2026-10-14T13:45,2026-10-14T17:45,859.3,2385.01,high,accepted,0.051
LD01141,L332,L150,"Indianapolis, IN","Columbus, OH",dry_van,retail,28938,False,2026-10-13T08:45,2026-10-13T10:45,2026-10-13T15:45,2026-10-13T21:45,213.0,813.91,standard,accepted,0.107
LD01651,L161,L107,"Nashville, TN","Chicago, IL",reefer,produce,30088,False,2026-10-13T08:45,2026-10-13T10:45,2026-10-13T19:45,2026-10-14T01:45,462.7,1440.97,standard,tendered,0.032
LD01667,L167,L125,"Little Rock, AR","Dallas, TX",dry_van,retail,28749,True,2026-10-13T08:45,2026-10-13T10:45,2026-10-13T16:45,2026-10-14T00:45,316.9,1069.37,standard,accepted,0.015
LD01806,L163,L134,"San Antonio, TX","Denver, CO",dry_van,beverages,37699,False,2026-10-13T08:45,2026-10-13T10:45,2026-10-14T15:45,2026-10-14T19:45,1008.3,2279.62,standard,accepted,0.215
LD01821,L225,L246,"Chicago, IL","Columbus, OH",dry_van,retail,27909,False,2026-10-13T08:45,2026-10-13T14:45,2026-10-13T16:45,2026-10-14T16:45,325.2,1024.02,standard,tendered,0.039
LD02062,L490,L163,"Phoenix, AZ","San Antonio, TX",dry_van,consumer goods,35621,False,2026-10-13T08:45,2026-10-13T16:45,2026-10-14T15:45,2026-10-14T23:45,1011.7,3047.5,standard,tendered,0.042
LD02244,L172,L168,"New Orleans, LA","Jacksonville, FL",reefer,frozen food,38638,False,2026-10-13T08:45,2026-10-13T14:45,2026-10-13T21:45,2026-10-14T01:45,594.2,1921.76,standard,tentative,0.078
LD02420,L314,L371,"Charlotte, NC","Chicago, IL",dry_van,retail,10458,False,2026-10-13T08:45,2026-10-13T10:45,2026-10-14T09:45,2026-10-14T21:45,701.2,1874.55,standard,tendered,0.136
LD02434,L104,L058,"Nashville, TN","Orlando, FL",reefer,meat,16492,False,2026-10-13T08:45,2026-10-13T10:45,2026-10-14T10:45,2026-10-14T16:45,729.3,2162.17,standard,tendered,0.153
LD02539,L278,L269,"Newark, NJ","Harrisburg, PA",dry_van,auto parts,12448,False,2026-10-13T08:45,2026-10-13T10:45,2026-10-13T13:45,2026-10-14T01:45,147.0,588.77,standard,tendered,0.016
LD02596,L461,L306,"Indianapolis, IN","Dallas, TX",flatbed,machinery,35617,False,2026-10-13T08:45,2026-10-13T16:45,2026-10-14T11:45,2026-10-14T17:45,893.0,2299.28,high,tentative,0.018
LD03182,L073,L176,"Laredo, TX","Denver, CO",dry_van,beverages,34485,False,2026-10-13T08:45,2026-10-13T16:45,2026-10-14T18:45,2026-10-15T06:45,1102.3,2583.65,standard,accepted,0.08
LD03484,L150,L189,"Columbus, OH","Harrisburg, PA",dry_van,retail,28749,False,2026-10-13T08:45,2026-10-13T14:45,2026-10-13T18:45,2026-10-13T22:45,400.0,1137.28,standard,tendered,0.021
LD03618,L146,L403,"Detroit, MI","Atlanta, GA",dry_van,retail,28343,False,2026-10-13T08:45,2026-10-13T12:45,2026-10-14T10:45,2026-10-15T10:45,715.8,2039.54,high,tendered,0.043
LD03740,L183,L358,"Louisville, KY","Newark, NJ",dry_van,beverages,32837,False,2026-10-13T08:45,2026-10-13T10:45,2026-10-14T10:45,2026-10-14T22:45,758.5,1961.68,high,accepted,0.111
LD04229,L051,L097,"Indianapolis, IN","Denver, CO",dry_van,retail,34354,False,2026-10-13T08:45,2026-10-13T14:45,2026-10-14T19:45,2026-10-14T23:45,1179.2,3047.14,standard,tentative,0.092
LD04629,L260,L465,"Los Angeles, CA","Kansas City, MO",reefer,dairy,37986,False,2026-10-13T08:45,2026-10-13T16:45,2026-10-15T12:45,2026-10-15T18:45,1614.8,3948.42,standard,tendered,0.038
LD04882,L437,L315,"Laredo, TX","Harrisburg, PA",dry_van,retail,38318,False,2026-10-13T08:45,2026-10-13T14:45,2026-10-16T03:45,2026-10-16T07:45,1839.2,4455.21,standard,tendered,0.131
LD00081,L075,L370,"Chicago, IL","Orlando, FL",dry_van,electronics,20872,False,2026-10-13T09:00,2026-10-13T17:00,2026-10-14T19:00,2026-10-14T23:00,1190.3,2707.14,critical,tendered,0.007
LD00147,L296,L285,"Louisville, KY","Indianapolis, IN",dry_van,paper products,39616,True,2026-10-13T09:00,2026-10-13T11:00,2026-10-13T14:00,2026-10-13T22:00,168.7,715.4,critical,tentative,0.063
LD00258,L053,L151,"Dallas, TX","Minneapolis, MN",dry_van,auto parts,42458,False,2026-10-13T09:00,2026-10-13T11:00,2026-10-14T16:00,2026-10-15T16:00,1026.0,2669.12,standard,tendered,0.008
LD00317,L321,L457,"Miami, FL","Dallas, TX",reefer,meat,38972,False,2026-10-13T09:00,2026-10-13T17:00,2026-10-15T07:00,2026-10-15T13:00,1341.8,4427.84,standard,tentative,0.16
LD00511,L051,L186,"Indianapolis, IN","Chicago, IL",reefer,meat,20691,False,2026-10-13T09:00,2026-10-13T11:00,2026-10-13T16:00,2026-10-13T20:00,200.6,808.85,standard,tendered,0.025
LD00815,L463,L464,"Indianapolis, IN","Louisville, KY",reefer,frozen food,34654,False,2026-10-13T09:00,2026-10-13T15:00,2026-10-13T14:00,2026-10-14T14:00,123.6,662.37,standard,tentative,0.081
LD00953,L437,L158,"Laredo, TX","Atlanta, GA",dry_van,beverages,10035,False,2026-10-13T09:00,2026-10-13T15:00,2026-10-14T19:00,2026-10-15T03:00,1147.5,2727.76,standard,tendered,0.01
LD01372,L190,L328,"Oklahoma City, OK","Austin, TX",dry_van,beverages,16469,False,2026-10-13T09:00,2026-10-13T15:00,2026-10-13T20:00,2026-10-14T08:00,455.0,1259.93,standard,tendered,0.048
LD01521,L315,L367,"Harrisburg, PA","Atlanta, GA",dry_van,electronics,35710,False,2026-10-13T09:00,2026-10-13T11:00,2026-10-14T11:00,2026-10-14T23:00,729.9,1842.43,standard,tendered,0.022
LD01568,L362,L087,"Houston, TX","Jacksonville, FL",dry_van,electronics,27084,False,2026-10-13T09:00,2026-10-13T15:00,2026-10-14T15:00,2026-10-15T15:00,985.8,2709.09,standard,tendered,0.003
LD01584,L335,L186,"Los Angeles, CA","Chicago, IL",dry_van,paper products,18170,False,2026-10-13T09:00,2026-10-13T17:00,2026-10-16T09:00,2026-10-16T21:00,2115.0,5364.95,high,accepted,0.024
LD01726,L280,L356,"Kansas City, MO","New Orleans, LA",flatbed,machinery,40298,False,2026-10-13T09:00,2026-10-13T15:00,2026-10-14T14:00,2026-10-14T20:00,837.4,2326.73,standard,tendered,0.136
LD02291,L468,L134,"Newark, NJ","Denver, CO",dry_van,electronics,33766,False,2026-10-13T09:00,2026-10-13T15:00,2026-10-16T05:00,2026-10-16T13:00,1972.3,4149.95,standard,tendered,0.037
LD02623,L380,L486,"Birmingham, AL","Louisville, KY",dry_van,electronics,36772,False,2026-10-13T09:00,2026-10-13T17:00,2026-10-13T20:00,2026-10-14T04:00,389.9,1224.03,high,accepted,0.175
LD03159,L157,L256,"Dallas, TX","Harrisburg, PA",dry_van,beverages,24227,False,2026-10-13T09:00,2026-10-13T11:00,2026-10-15T10:00,2026-10-16T10:00,1460.4,3426.17,high,tendered,0.029
LD03386,L273,L427,"Newark, NJ","Atlanta, GA",reefer,meat,34250,False,2026-10-13T09:00,2026-10-13T15:00,2026-10-14T13:00,2026-10-14T21:00,873.8,2489.9,standard,tendered,0.012
LD04188,L414,L261,"Memphis, TN","Chicago, IL",reefer,frozen food,30222,False,2026-10-13T09:00,2026-10-13T11:00,2026-10-13T22:00,2026-10-14T10:00,559.5,1721.52,standard,tendered,0.002
LD04385,L061,L134,"Charlotte, NC","Denver, CO",reefer,frozen food,24714,False,2026-10-13T09:00,2026-10-13T15:00,2026-10-15T14:00,2026-10-16T14:00,1667.6,4464.96,standard,tendered,0.001
LD04643,L369,L485,"Columbus, OH","Nashville, TN",dry_van,consumer goods,20808,False,2026-10-13T09:00,2026-10-13T15:00,2026-10-13T19:00,2026-10-13T23:00,376.0,1081.17,high,accepted,0.028
LD00043,L398,L429,"Jacksonville, FL","Chicago, IL",dry_van,consumer goods,16075,False,2026-10-13T09:15,2026-10-13T11:15,2026-10-14T17:15,2026-10-14T23:15,1050.6,2313.89,critical,tendered,0.144
LD00116,L381,L056,"Los Angeles, CA","Minneapolis, MN",dry_van,auto parts,31024,False,2026-10-13T09:15,2026-10-13T17:15,2026-10-15T16:15,2026-10-16T04:15,1813.1,4143.56,standard,tendered,0.074
LD00266,L140,L286,"Kansas City, MO","Detroit, MI",dry_van,retail,21225,False,2026-10-13T09:15,2026-10-13T11:15,2026-10-14T10:15,2026-10-14T16:15,764.9,2121.59,standard,tendered,0.039
LD00458,L479,L474,"San Antonio, TX","Chicago, IL",dry_van,electronics,22705,False,2026-10-13T09:15,2026-10-13T15:15,2026-10-15T07:15,2026-10-15T11:15,1285.3,3118.88,standard,accepted,0.077
LD00566,L479,L287,"San Antonio, TX","Atlanta, GA",dry_van,auto parts,41294,False,2026-10-13T09:15,2026-10-13T15:15,2026-10-14T17:15,2026-10-15T17:15,1040.3,2493.81,critical,tendered,0.042
LD00733,L136,L309,"San Antonio, TX","Phoenix, AZ",dry_van,auto parts,31179,False,2026-10-13T09:15,2026-10-13T15:15,2026-10-14T16:15,2026-10-15T16:15,1034.2,2563.88,high,accepted,0.029
LD00905,L459,L227,"Houston, TX","Charlotte, NC",flatbed,lumber,25591,False,2026-10-13T09:15,2026-10-13T15:15,2026-10-14T18:15,2026-10-15T00:15,1079.5,2755.46,standard,tendered,0.187
LD01258,L059,L239,"Austin, TX","Houston, TX",dry_van,consumer goods,26620,False,2026-10-13T09:15,2026-10-13T11:15,2026-10-13T15:15,2026-10-13T19:15,194.9,755.76,critical,tendered,0.105
LD01479,L220,L109,"Chicago, IL","Dallas, TX",dry_van,paper products,39276,False,2026-10-13T09:15,2026-10-13T11:15,2026-10-14T15:15,2026-10-14T23:15,958.3,2503.68,standard,tendered,0.068
LD01834,L426,L353,"St. Louis, MO","Atlanta, GA",dry_van,paper products,35240,False,2026-10-13T09:15,2026-10-13T15:15,2026-10-13T23:15,2026-10-14T23:15,593.2,1548.63,standard,tendered,0.03
LD01876,L418,L187,"Jacksonville, FL","Oklahoma City, OK",flatbed,machinery,25150,False,2026-10-13T09:15,2026-10-13T13:15,2026-10-14T18:15,2026-10-15T00:15,1179.1,3122.37,standard,tendered,0.034
LD01972,L291,L130,"Houston, TX","Memphis, TN",dry_van,retail,28913,False,2026-10-13T09:15,2026-10-13T11:15,2026-10-14T07:15,2026-10-14T19:15,621.9,1552.63,high,tendered,0.026
LD02321,L417,L409,"Nashville, TN","Columbus, OH",dry_van,beverages,18434,False,2026-10-13T09:15,2026-10-13T11:15,2026-10-13T20:15,2026-10-14T08:15,408.4,1109.96,standard,accepted,0.006
LD03516,L334,L070,"Chicago, IL","Little Rock, AR",dry_van,consumer goods,38754,False,2026-10-13T09:15,2026-10-13T17:15,2026-10-14T10:15,2026-10-14T16:15,664.4,1572.59,standard,tendered,0.01
LD03554,L461,L473,"Indianapolis, IN","Phoenix, AZ",reefer,pharmaceuticals,37811,False,2026-10-13T09:15,2026-10-13T13:15,2026-10-15T15:15,2026-10-16T03:15,1803.6,5141.76,high,accepted,0.138
LD03600,L274,L159,"St. Louis, MO","Houston, TX",reefer,frozen food,34302,False,2026-10-13T09:15,2026-10-13T11:15,2026-10-14T12:15,2026-10-14T16:15,813.4,2357.39,standard,tendered,0.154
LD04165,L458,L380,"Houston, TX","Birmingham, AL",dry_van,auto parts,38170,False,2026-10-13T09:15,2026-10-13T13:15,2026-10-14T10:15,2026-10-14T16:15,712.9,1913.39,standard,tendered,0.08
LD04178,L230,L182,"San Antonio, TX","Denver, CO",dry_van,beverages,34701,False,2026-10-13T09:15,2026-10-13T11:15,2026-10-14T16:15,2026-10-14T20:15,993.9,2705.26,standard,tendered,0.005
LD04975,L251,L265,"Chicago, IL","Harrisburg, PA",dry_van,electronics,20079,False,2026-10-13T09:15,2026-10-13T17:15,2026-10-14T10:15,2026-10-14T16:15,699.0,1883.17,high,tendered,0.042
LD00074,L106,L097,"Chicago, IL","Denver, CO",dry_van,auto parts,32274,False,2026-10-13T09:30,2026-10-13T17:30,2026-10-14T17:30,2026-10-15T17:30,1104.4,2933.25,high,tentative,0.081
LD00515,L251,L349,"Chicago, IL","Charlotte, NC",dry_van,auto parts,28004,False,2026-10-13T09:30,2026-10-13T17:30,2026-10-14T10:30,2026-10-15T10:30,722.5,1943.95,standard,tendered,0.02
LD00546,L167,L399,"Little Rock, AR","Minneapolis, MN",dry_van,retail,22298,False,2026-10-13T09:30,2026-10-13T11:30,2026-10-14T12:30,2026-10-15T12:30,811.5,1975.91,standard,tendered,0.076
LD00755,L312,L119,"Los Angeles, CA","New Orleans, LA",reefer,produce,36446,False,2026-10-13T09:30,2026-10-13T17:30,2026-10-16T07:30,2026-10-16T11:30,1987.4,5907.09,high,accepted,0.097
LD01069,L092,L248,"Chicago, IL","Laredo, TX",dry_van,consumer goods,23772,False,2026-10-13T09:30,2026-10-13T11:30,2026-10-15T09:30,2026-10-15T17:30,1447.6,3549.22,standard,accepted,0.1
LD01321,L437,L115,"Laredo, TX","Miami, FL",dry_van,beverages,40802,False,2026-10-13T09:30,2026-10-13T15:30,2026-10-15T10:30,2026-10-15T16:30,1405.9,2989.74,standard,tendered,0.027
LD01857,L129,L131,"New Orleans, LA","Indianapolis, IN",reefer,produce,34399,False,2026-10-13T09:30,2026-10-13T11:30,2026-10-14T13:30,2026-10-14T17:30,844.4,2302.24,standard,accepted,0.017
LD01894,L437,L128,"Laredo, TX","Miami, FL",dry_van,paper products,38118,False,2026-10-13T09:30,2026-10-13T15:30,2026-10-15T09:30,2026-10-15T15:30,1375.4,2975.87,standard,accepted,0.017
LD02778,L462,L494,"Indianapolis, IN","Dallas, TX",flatbed,pipe,20165,False,2026-10-13T09:30,2026-10-13T11:30,2026-10-14T13:30,2026-10-14T17:30,885.7,2659.36,high,tentative,0.114
LD03006,L343,L430,"Louisville, KY","Minneapolis, MN",flatbed,lumber,34723,False,2026-10-13T09:30,2026-10-13T17:30,2026-10-14T12:30,2026-10-14T20:30,723.2,2076.1,high,accepted,0.032
LD03146,L327,L433,"Atlanta, GA","Charlotte, NC",dry_van,electronics,33154,False,2026-10-13T09:30,2026-10-13T17:30,2026-10-13T15:30,2026-10-13T23:30,249.5,875.54,standard,accepted,0.097
LD03756,L332,L395,"Indianapolis, IN","Austin, TX",dry_van,beverages,38538,False,2026-10-13T09:30,2026-10-13T17:30,2026-10-14T18:30,2026-10-15T06:30,1080.1,2839.14,standard,accepted,0.027
LD04464,L071,L141,"Dallas, TX","Oklahoma City, OK",dry_van,paper products,15824,False,2026-10-13T09:30,2026-10-13T17:30,2026-10-13T17:30,2026-10-14T05:30,237.2,797.62,standard,accepted,0.074
LD04604,L355,L151,"Houston, TX","Minneapolis, MN",dry_van,paper products,31254,False,2026-10-13T09:30,2026-10-13T13:30,2026-10-15T06:30,2026-10-15T18:30,1240.3,2949.74,standard,tentative,0.092
LD00069,L450,L146,"Indianapolis, IN","Detroit, MI",reefer,pharmaceuticals,41662,False,2026-10-13T09:45,2026-10-13T17:45,2026-10-13T16:45,2026-10-13T20:45,233.1,859.28,standard,accepted,0.028
LD00390,L149,L125,"Jacksonville, FL","Dallas, TX",flatbed,machinery,41863,False,2026-10-13T09:45,2026-10-13T11:45,2026-10-14T16:45,2026-10-14T22:45,1088.9,3176.89,critical,tendered,0.031
LD00912,L391,L353,"Austin, TX","Atlanta, GA",reefer,pharmaceuticals,39064,False,2026-10-13T09:45,2026-10-13T15:45,2026-10-14T16:45,2026-10-15T04:45,1011.4,2881.02,standard,tendered,0.114
LD01001,L100,L459,"Charlotte, NC","Houston, TX",dry_van,retail,28720,False,2026-10-13T09:45,2026-10-13T17:45,2026-10-14T16:45,2026-10-15T00:45,1070.0,2360.19,standard,tendered,0.031
LD01243,L462,L487,"Indianapolis, IN","Dallas, TX",dry_van,auto parts,33723,False,2026-10-13T09:45,2026-10-13T15:45,2026-10-14T14:45,2026-10-14T22:45,919.6,2180.81,high,accepted,0.049
LD01416,L101,L479,"Birmingham, AL","San Antonio, TX",dry_van,electronics,21960,False,2026-10-13T09:45,2026-10-13T15:45,2026-10-14T14:45,2026-10-15T14:45,908.0,2466.44,standard,tendered,0.109
LD01550,L291,L310,"Houston, TX","El Paso, TX",dry_van,auto parts,34801,False,2026-10-13T09:45,2026-10-13T11:45,2026-10-14T10:45,2026-10-14T14:45,779.6,2029.01,standard,tendered,0.032
LD01775,L344,L063,"Laredo, TX","San Antonio, TX",dry_van,retail,19169,False,2026-10-13T09:45,2026-10-13T11:45,2026-10-13T15:45,2026-10-14T03:45,157.9,675.4,high,tendered,0.083
LD01878,L380,L292,"Birmingham, AL","Houston, TX",dry_van,retail,23991,False,2026-10-13T09:45,2026-10-13T11:45,2026-10-14T11:45,2026-10-14T19:45,691.1,1864.65,standard,tendered,0.068
LD02285,L277,L061,"Kansas City, MO","Charlotte, NC",reefer,frozen food,32440,False,2026-10-13T09:45,2026-10-13T13:45,2026-10-14T15:45,2026-10-15T03:45,981.7,3066.53,standard,accepted,0.135
LD02712,L140,L146,"Kansas City, MO","Detroit, MI",flatbed,machinery,20119,False,2026-10-13T09:45,2026-10-13T11:45,2026-10-14T09:45,2026-10-14T17:45,729.6,2035.39,standard,accepted,0.005
LD02763,L046,L435,"Louisville, KY","Chicago, IL",dry_van,auto parts,38054,False,2026-10-13T09:45,2026-10-13T13:45,2026-10-13T18:45,2026-10-14T06:45,310.4,1078.16,standard,tendered,0.1
LD03097,L327,L213,"Atlanta, GA","Jacksonville, FL",reefer,meat,37281,False,2026-10-13T09:45,2026-10-13T15:45,2026-10-13T17:45,2026-10-14T05:45,350.0,1219.56,standard,tendered,0.017
LD03234,L190,L133,"Oklahoma City, OK","Dallas, TX",reefer,pharmaceuticals,34166,False,2026-10-13T09:45,2026-10-13T17:45,2026-10-13T16:45,2026-10-13T22:45,258.4,1081.61,standard,accepted,0.008
LD03390,L106,L285,"Chicago, IL","Indianapolis, IN",dry_van,paper products,26841,False,2026-10-13T09:45,2026-10-13T13:45,2026-10-13T14:45,2026-10-13T20:45,170.9,667.72,standard,accepted,0.095
LD04768,L279,L105,"Columbus, OH","Kansas City, MO",reefer,meat,25234,False,2026-10-13T09:45,2026-10-13T17:45,2026-10-14T11:45,2026-10-14T15:45,753.7,2040.6,standard,tendered,0.014
LD04776,L282,L139,"Little Rock, AR","Jacksonville, FL",flatbed,building materials,24222,False,2026-10-13T09:45,2026-10-13T11:45,2026-10-14T14:45,2026-10-15T14:45,840.2,2635.44,standard,tendered,0.006
LD04986,L461,L419,"Indianapolis, IN","Charlotte, NC",dry_van,beverages,19560,False,2026-10-13T09:45,2026-10-13T11:45,2026-10-13T20:45,2026-10-14T20:45,522.2,1534.77,standard,accepted,0.028
LD00225,L425,L107,"Houston, TX","Chicago, IL",reefer,pharmaceuticals,36235,False,2026-10-13T10:00,2026-10-13T12:00,2026-10-14T19:00,2026-10-14T23:00,1113.0,3468.37,standard,tendered,0.023
LD00981,L476,L419,"Chicago, IL","Charlotte, NC",dry_van,paper products,9889,True,2026-10-13T10:00,2026-10-13T16:00,2026-10-14T11:00,2026-10-14T19:00,687.1,1717.35,standard,accepted,0.024
LD01389,L094,L270,"New Orleans, LA","Detroit, MI",dry_van,paper products,16020,False,2026-10-13T10:00,2026-10-13T12:00,2026-10-14T19:00,2026-10-15T19:00,1128.0,3055.54,standard,tendered,0.107
LD01510,L198,L269,"Minneapolis, MN","Harrisburg, PA",dry_van,retail,32448,False,2026-10-13T10:00,2026-10-13T18:00,2026-10-14T19:00,2026-10-14T23:00,1058.8,2523.75,standard,tendered,0.051
LD01624,L080,L350,"Denver, CO","Dallas, TX",dry_van,retail,31709,False,2026-10-13T10:00,2026-10-13T12:00,2026-10-14T12:00,2026-10-14T18:00,797.2,2502.52,high,tendered,0.025
LD01914,L142,L084,"Atlanta, GA","St. Louis, MO",dry_van,consumer goods,38388,False,2026-10-13T10:00,2026-10-13T18:00,2026-10-14T11:00,2026-10-14T17:00,605.5,1551.81,standard,accepted,0.014
LD02146,L491,L486,"Minneapolis, MN","Louisville, KY",dry_van,retail,26972,False,2026-10-13T10:00,2026-10-13T12:00,2026-10-14T11:00,2026-10-14T15:00,742.1,1737.27,standard,tentative,0.147
LD02216,L150,L233,"Columbus, OH","Miami, FL",flatbed,pipe,32983,True,2026-10-13T10:00,2026-10-13T16:00,2026-10-14T20:00,2026-10-15T08:00,1179.1,3302.83,standard,accepted,0.049
LD02534,L450,L274,"Indianapolis, IN","St. Louis, MO",reefer,dairy,38215,False,2026-10-13T10:00,2026-10-13T14:00,2026-10-13T18:00,2026-10-14T00:00,310.7,1148.7,standard,accepted,0.026
LD02699,L094,L325,"New Orleans, LA","Indianapolis, IN",dry_van,auto parts,27442,False,2026-10-13T10:00,2026-10-13T18:00,2026-10-14T14:00,2026-10-15T02:00,859.3,2276.45,standard,tendered,0.01
LD02718,L459,L409,"Houston, TX","Columbus, OH",dry_van,auto parts,33697,False,2026-10-13T10:00,2026-10-13T16:00,2026-10-14T21:00,2026-10-15T05:00,1194.1,3168.99,standard,tendered,0.002
LD02923,L100,L402,"Charlotte, NC","Miami, FL",reefer,meat,35920,False,2026-10-13T10:00,2026-10-13T18:00,2026-10-14T12:00,2026-10-15T12:00,784.0,2613.81,standard,accepted,0.057
LD02971,L162,L443,"Memphis, TN","Minneapolis, MN",dry_van,consumer goods,39316,False,2026-10-13T10:00,2026-10-13T18:00,2026-10-14T14:00,2026-10-15T02:00,843.6,2262.09,standard,tendered,0.133
LD03106,L324,L402,"Houston, TX","Miami, FL",dry_van,auto parts,36835,False,2026-10-13T10:00,2026-10-13T12:00,2026-10-14T19:00,2026-10-15T19:00,1164.8,2698.45,standard,tendered,0.005
LD03426,L074,L192,"Dallas, TX","Chicago, IL",reefer,meat,32934,False,2026-10-13T10:00,2026-10-13T12:00,2026-10-14T16:00,2026-10-14T20:00,971.0,2575.89,high,accepted,0.116
LD03839,L310,L423,"El Paso, TX","St. Louis, MO",dry_van,paper products,32383,False,2026-10-13T10:00,2026-10-13T18:00,2026-10-15T06:00,2026-10-15T10:00,1230.6,2970.99,standard,tendered,0.175
LD03869,L382,L142,"Memphis, TN","Atlanta, GA",dry_van,consumer goods,27739,False,2026-10-13T10:00,2026-10-13T14:00,2026-10-13T20:00,2026-10-14T08:00,398.4,1231.98,standard,tendered,0.079
LD04630,L346,L264,"Houston, TX","Birmingham, AL",dry_van,retail,38431,False,2026-10-13T10:00,2026-10-13T16:00,2026-10-14T09:00,2026-10-14T13:00,663.2,1790.27,standard,tendered,0.011
LD04749,L466,L266,"Nashville, TN","Columbus, OH",dry_van,retail,11432,False,2026-10-13T10:00,2026-10-13T12:00,2026-10-13T21:00,2026-10-14T03:00,408.9,1103.15,standard,tendered,0.077
LD00246,L476,L394,"Chicago, IL","Minneapolis, MN",reefer,produce,20797,False,2026-10-13T10:15,2026-10-13T12:15,2026-10-13T21:15,2026-10-14T01:15,447.3,1496.72,high,accepted,0.071
LD00484,L459,L147,"Houston, TX","Columbus, OH",dry_van,auto parts,31619,True,2026-10-13T10:15,2026-10-13T16:15,2026-10-14T20:15,2026-10-15T00:15,1172.7,2810.91,standard,tendered,0.089
LD00976,L362,L485,"Houston, TX","Nashville, TN",flatbed,pipe,42226,False,2026-10-13T10:15,2026-10-13T18:15,2026-10-14T12:15,2026-10-15T00:15,801.2,2031.95,standard,accepted,0.127
LD01079,L378,L246,"Kansas City, MO","Columbus, OH",reefer,pharmaceuticals,37263,False,2026-10-13T10:15,2026-10-13T18:15,2026-10-14T11:15,2026-10-14T17:15,754.2,2425.1,standard,tendered,0.067
LD01803,L327,L169,"Atlanta, GA","Charlotte, NC",dry_van,consumer goods,14807,False,2026-10-13T10:15,2026-10-13T16:15,2026-10-13T17:15,2026-10-13T21:15,277.4,891.02,standard,tendered,0.018
LD02082,L461,L144,"Indianapolis, IN","San Antonio, TX",dry_van,retail,28757,False,2026-10-13T10:15,2026-10-13T18:15,2026-10-15T05:15,2026-10-15T13:15,1215.6,2783.18,standard,tendered,0.078
LD02109,L388,L075,"Louisville, KY","Chicago, IL",reefer,dairy,24696,False,2026-10-13T10:15,2026-10-13T12:15,2026-10-13T17:15,2026-10-14T17:15,321.9,1054.27,standard,tendered,0.003
LD02304,L409,L351,"Columbus, OH","Chicago, IL",reefer,dairy,21905,False,2026-10-13T10:15,2026-10-13T14:15,2026-10-13T18:15,2026-10-13T22:15,315.5,1086.37,standard,tendered,0.058
LD02350,L498,L227,"Louisville, KY","Charlotte, NC",dry_van,paper products,31648,False,2026-10-13T10:15,2026-10-13T12:15,2026-10-13T19:15,2026-10-13T23:15,379.8,1124.01,standard,tendered,0.042
LD02410,L150,L477,"Columbus, OH","Miami, FL",dry_van,auto parts,32851,False,2026-10-13T10:15,2026-10-13T12:15,2026-10-14T20:15,2026-10-15T02:15,1176.8,2769.36,standard,tentative,0.002
LD02546,L141,L248,"Oklahoma City, OK","Laredo, TX",reefer,meat,25296,False,2026-10-13T10:15,2026-10-13T12:15,2026-10-14T12:15,2026-10-14T18:15,705.1,2078.27,critical,tentative,0.013
LD02648,L101,L433,"Birmingham, AL","Charlotte, NC",dry_van,paper products,34837,False,2026-10-13T10:15,2026-10-13T18:15,2026-10-13T20:15,2026-10-14T02:15,400.5,1177.64,standard,accepted,0.084
LD02866,L355,L428,"Houston, TX","Newark, NJ",reefer,pharmaceuticals,17038,False,2026-10-13T10:15,2026-10-13T14:15,2026-10-15T14:15,2026-10-16T02:15,1673.3,4782.1,high,accepted,0.041
LD03195,L223,L207,"Kansas City, MO","Birmingham, AL",reefer,produce,13060,False,2026-10-13T10:15,2026-10-13T12:15,2026-10-14T10:15,2026-10-14T18:15,703.3,2327.38,standard,accepted,0.041
LD03249,L196,L245,"Indianapolis, IN","Nashville, TN",reefer,frozen food,36179,False,2026-10-13T10:15,2026-10-13T12:15,2026-10-13T17:15,2026-10-14T17:15,284.8,1148.94,standard,tendered,0.103
LD03683,L074,L061,"Dallas, TX","Charlotte, NC",dry_van,auto parts,33266,True,2026-10-13T10:15,2026-10-13T12:15,2026-10-14T19:15,2026-10-15T19:15,1122.5,2707.61,critical,accepted,0.068
LD03913,L075,L411,"Chicago, IL","Austin, TX",dry_van,auto parts,33992,False,2026-10-13T10:15,2026-10-13T18:15,2026-10-14T19:15,2026-10-14T23:15,1143.4,2838.95,standard,accepted,0.074
LD04254,L230,L283,"San Antonio, TX","Newark, NJ",dry_van,beverages,36762,False,2026-10-13T10:15,2026-10-13T14:15,2026-10-16T05:15,2026-10-16T13:15,1891.6,4095.96,standard,tendered,0.046
LD04263,L381,L430,"Los Angeles, CA","Minneapolis, MN",dry_van,electronics,26515,False,2026-10-13T10:15,2026-10-13T14:15,2026-10-15T17:15,2026-10-15T23:15,1795.2,3848.07,standard,accepted,0.029
LD04391,L148,L480,"Houston, TX","Birmingham, AL",dry_van,retail,9317,False,2026-10-13T10:15,2026-10-13T12:15,2026-10-14T12:15,2026-10-14T20:15,711.7,1878.17,standard,accepted,0.014
LD04404,L075,L148,"Chicago, IL","Houston, TX",dry_van,beverages,12711,False,2026-10-13T10:15,2026-10-13T16:15,2026-10-14T19:15,2026-10-15T19:15,1122.8,2450.63,standard,tendered,0.021
LD04548,L334,L095,"Chicago, IL","Newark, NJ",dry_van,auto parts,27853,False,2026-10-13T10:15,2026-10-13T14:15,2026-10-14T15:15,2026-10-15T03:15,851.8,2337.21,standard,tendered,0.042
LD00271,L406,L154,"Oklahoma City, OK","Laredo, TX",reefer,frozen food,39802,False,2026-10-13T10:30,2026-10-13T14:30,2026-10-14T10:30,2026-10-14T16:30,643.8,1803.49,standard,accepted,0.032
LD01006,L312,L368,"Los Angeles, CA","Oklahoma City, OK",dry_van,auto parts,42823,False,2026-10-13T10:30,2026-10-13T12:30,2026-10-15T11:30,2026-10-15T23:30,1397.6,2968.91,standard,accepted,0.007
LD01555,L273,L227,"Newark, NJ","Charlotte, NC",dry_van,consumer goods,30475,False,2026-10-13T10:30,2026-10-13T12:30,2026-10-14T10:30,2026-10-14T22:30,641.6,1810.93,standard,accepted,0.077
LD01822,L139,L361,"Jacksonville, FL","Little Rock, AR",reefer,meat,20220,False,2026-10-13T10:30,2026-10-13T12:30,2026-10-14T13:30,2026-10-14T21:30,831.7,2252.39,high,accepted,0.022
LD02148,L389,L160,"Newark, NJ","San Antonio, TX",reefer,pharmaceuticals,20554,False,2026-10-13T10:30,2026-10-13T18:30,2026-10-16T04:30,2026-10-16T10:30,1854.5,4569.91,standard,tendered,0.178
LD02450,L055,L482,"Louisville, KY","Orlando, FL",flatbed,building materials,31770,False,2026-10-13T10:30,2026-10-13T18:30,2026-10-14T15:30,2026-10-14T23:30,895.7,2778.26,standard,tendered,0.08
LD02576,L166,L126,"Atlanta, GA","Miami, FL",reefer,meat,24068,False,2026-10-13T10:30,2026-10-13T18:30,2026-10-14T13:30,2026-10-14T17:30,744.1,2399.83,standard,tendered,0.018
LD03276,L146,L296,"Detroit, MI","Louisville, KY",flatbed,pipe,23636,False,2026-10-13T10:30,2026-10-13T12:30,2026-10-13T20:30,2026-10-14T00:30,368.6,1146.62,standard,tendered,0.002
LD03653,L129,L404,"New Orleans, LA","Kansas City, MO",dry_van,paper products,41275,False,2026-10-13T10:30,2026-10-13T14:30,2026-10-14T14:30,2026-10-15T14:30,858.1,2338.09,standard,tentative,0.065
LD03674,L475,L097,"Indianapolis, IN","Denver, CO",reefer,dairy,29996,False,2026-10-13T10:30,2026-10-13T16:30,2026-10-14T19:30,2026-10-15T03:30,1165.9,3432.48,standard,accepted,0.022
LD03773,L277,L256,"Kansas City, MO","Harrisburg, PA",dry_van,paper products,32792,False,2026-10-13T10:30,2026-10-13T14:30,2026-10-14T19:30,2026-10-15T07:30,1146.6,2762.03,standard,tendered,0.053
LD04037,L098,L357,"Houston, TX","Indianapolis, IN",dry_van,retail,41955,False,2026-10-13T10:30,2026-10-13T14:30,2026-10-14T19:30,2026-10-15T19:30,1081.1,2664.6,standard,tendered,0.129
LD04091,L242,L316,"Little Rock, AR","New Orleans, LA",dry_van,retail,28541,False,2026-10-13T10:30,2026-10-13T16:30,2026-10-13T20:30,2026-10-14T20:30,435.3,1247.19,standard,accepted,0.014
LD04264,L152,L383,"Memphis, TN","Charlotte, NC",reefer,meat,28546,False,2026-10-13T10:30,2026-10-13T12:30,2026-10-14T09:30,2026-10-14T17:30,611.9,2101.96,standard,tendered,0.0
LD04379,L242,L479,"Little Rock, AR","San Antonio, TX",dry_van,consumer goods,32515,False,2026-10-13T10:30,2026-10-13T14:30,2026-10-13T23:30,2026-10-14T07:30,595.8,1581.64,standard,tendered,0.088
LD04775,L168,L083,"Jacksonville, FL","Indianapolis, IN",dry_van,consumer goods,35502,False,2026-10-13T10:30,2026-10-13T12:30,2026-10-14T13:30,2026-10-14T19:30,838.3,2179.35,standard,tendered,0.009
LD04880,L411,L310,"Austin, TX","El Paso, TX",dry_van,paper products,30246,False,2026-10-13T10:30,2026-10-13T12:30,2026-10-14T09:30,2026-10-14T21:30,612.3,1740.19,standard,tendered,0.103
LD04900,L489,L150,"Atlanta, GA","Columbus, OH",reefer,pharmaceuticals,41118,False,2026-10-13T10:30,2026-10-13T12:30,2026-10-13T23:30,2026-10-14T23:30,540.0,1769.04,standard,accepted,0.012
LD04923,L100,L089,"Charlotte, NC","New Orleans, LA",dry_van,consumer goods,28899,False,2026-10-13T10:30,2026-10-13T14:30,2026-10-14T12:30,2026-10-14T16:30,759.6,1830.48,standard,tendered,0.078
LD00163,L448,L350,"St. Louis, MO","Dallas, TX",dry_van,retail,20922,False,2026-10-13T10:45,2026-10-13T16:45,2026-10-14T10:45,2026-10-15T10:45,659.7,1907.76,standard,tentative,0.091
LD00537,L441,L342,"Columbus, OH","Chicago, IL",dry_van,auto parts,25752,False,2026-10-13T10:45,2026-10-13T12:45,2026-10-13T18:45,2026-10-14T00:45,328.8,1044.05,standard,tendered,0.018
LD01166,L292,L353,"Houston, TX","Atlanta, GA",flatbed,steel,35536,False,2026-10-13T10:45,2026-10-13T12:45,2026-10-14T15:45,2026-10-14T19:45,852.5,2633.55,standard,accepted,0.032
LD01532,L348,L463,"Los Angeles, CA","Indianapolis, IN",dry_van,retail,39419,False,2026-10-13T10:45,2026-10-13T16:45,2026-10-16T10:45,2026-10-16T18:45,2164.9,4849.09,standard,tendered,0.046
LD01798,L104,L188,"Nashville, TN","Phoenix, AZ",flatbed,building materials,22558,False,2026-10-13T10:45,2026-10-13T16:45,2026-10-15T16:45,2026-10-15T22:45,1687.1,4302.08,standard,tendered,0.02
LD01960,L065,L089,"Miami, FL","New Orleans, LA",dry_van,consumer goods,32927,False,2026-10-13T10:45,2026-10-13T14:45,2026-10-14T13:45,2026-10-15T01:45,857.1,2499.96,standard,tentative,0.086
LD02012,L362,L419,"Houston, TX","Charlotte, NC",dry_van,consumer goods,20781,False,2026-10-13T10:45,2026-10-13T12:45,2026-10-14T18:45,2026-10-14T22:45,1125.4,2720.97,standard,accepted,0.015
LD02078,L137,L476,"Jacksonville, FL","Chicago, IL",dry_van,beverages,12374,False,2026-10-13T10:45,2026-10-13T14:45,2026-10-14T17:45,2026-10-15T05:45,1037.4,2690.36,high,tendered,0.016
LD02666,L413,L328,"Kansas City, MO","Austin, TX",dry_van,consumer goods,19902,False,2026-10-13T10:45,2026-10-13T12:45,2026-10-14T13:45,2026-10-15T01:45,789.2,1961.63,standard,accepted,0.021
LD02962,L250,L236,"Chicago, IL","New Orleans, LA",dry_van,beverages,24963,False,2026-10-13T10:45,2026-10-13T12:45,2026-10-14T16:45,2026-10-14T20:45,1008.9,2620.09,standard,tendered,0.049
LD03021,L045,L384,"Oklahoma City, OK","Minneapolis, MN",flatbed,building materials,38135,False,2026-10-13T10:45,2026-10-13T12:45,2026-10-14T14:45,2026-10-15T02:45,812.8,2567.31,standard,accepted,0.006
LD03264,L291,L168,"Houston, TX","Jacksonville, FL",reefer,meat,20427,False,2026-10-13T10:45,2026-10-13T12:45,2026-10-14T16:45,2026-10-15T00:45,1017.6,2886.13,standard,accepted,0.072
LD03294,L212,L354,"Austin, TX","San Antonio, TX",dry_van,retail,42524,False,2026-10-13T10:45,2026-10-13T12:45,2026-10-13T14:45,2026-10-14T02:45,95.1,492.85,standard,accepted,0.047
LD03481,L319,L139,"Chicago, IL","Jacksonville, FL",dry_van,consumer goods,37578,False,2026-10-13T10:45,2026-10-13T16:45,2026-10-14T17:45,2026-10-15T17:45,1056.0,2323.59,high,tendered,0.011
LD03791,L241,L479,"Indianapolis, IN","San Antonio, TX",reefer,pharmaceuticals,28822,True,2026-10-13T10:45,2026-10-13T18:45,2026-10-14T21:45,2026-10-15T03:45,1178.8,3135.77,standard,tendered,0.062
LD03795,L156,L099,"Charlotte, NC","Dallas, TX",dry_van,beverages,22157,True,2026-10-13T10:45,2026-10-13T12:45,2026-10-14T18:45,2026-10-15T06:45,1115.0,2686.83,high,tendered,0.166
LD04445,L332,L304,"Indianapolis, IN","New Orleans, LA",dry_van,beverages,21555,False,2026-10-13T10:45,2026-10-13T12:45,2026-10-14T14:45,2026-10-14T18:45,831.5,2218.66,standard,tendered,0.035
LD04856,L346,L063,"Houston, TX","San Antonio, TX",flatbed,machinery,36897,False,2026-10-13T10:45,2026-10-13T12:45,2026-10-13T16:45,2026-10-14T04:45,247.7,926.28,standard,tendered,0.152
LD04913,L082,L201,"Phoenix, AZ","Dallas, TX",reefer,meat,37284,False,2026-10-13T10:45,2026-10-13T12:45,2026-10-14T17:45,2026-10-15T17:45,1071.2,3855.9,high,tendered,0.024
LD00130,L103,L484,"Chicago, IL","Indianapolis, IN",dry_van,consumer goods,20890,False,2026-10-13T11:00,2026-10-13T17:00,2026-10-13T18:00,2026-10-14T02:00,243.9,863.18,high,tentative,0.139
LD00139,L279,L298,"Columbus, OH","Harrisburg, PA",dry_van,auto parts,24212,False,2026-10-13T11:00,2026-10-13T15:00,2026-10-13T21:00,2026-10-14T21:00,411.4,1178.6,standard,accepted,0.121
LD00240,L448,L265,"St. Louis, MO","Harrisburg, PA",dry_van,electronics,29357,False,2026-10-13T11:00,2026-10-13T13:00,2026-10-14T15:00,2026-10-14T19:00,857.3,2267.25,high,tendered,0.05
LD00521,L297,L365,"Jacksonville, FL","Birmingham, AL",dry_van,consumer goods,20096,False,2026-10-13T11:00,2026-10-13T15:00,2026-10-13T22:00,2026-10-14T22:00,449.4,1217.77,standard,tendered,0.16
LD00789,L072,L078,"Atlanta, GA","Louisville, KY",dry_van,consumer goods,17534,False,2026-10-13T11:00,2026-10-13T15:00,2026-10-13T21:00,2026-10-14T21:00,384.2,1185.78,standard,accepted,0.062
LD01156,L476,L180,"Chicago, IL","New Orleans, LA",dry_van,consumer goods,36437,False,2026-10-13T11:00,2026-10-13T13:00,2026-10-14T18:00,2026-10-15T02:00,999.8,2679.03,standard,accepted,0.114
LD01173,L185,L412,"Newark, NJ","Memphis, TN",reefer,meat,40484,False,2026-10-13T11:00,2026-10-13T19:00,2026-10-14T20:00,2026-10-15T08:00,1124.9,3295.75,high,tendered,0.027
LD01252,L437,L303,"Laredo, TX","Oklahoma City, OK",flatbed,machinery,38477,True,2026-10-13T11:00,2026-10-13T13:00,2026-10-14T13:00,2026-10-14T17:00,700.1,2115.79,standard,tentative,0.039
LD01812,L268,L274,"Orlando, FL","St. Louis, MO",dry_van,consumer goods,37466,True,2026-10-13T11:00,2026-10-13T13:00,2026-10-14T19:00,2026-10-15T19:00,1014.9,3156.17,high,tendered,0.029
LD01933,L454,L097,"Houston, TX","Denver, CO",dry_van,paper products,17186,False,2026-10-13T11:00,2026-10-13T17:00,2026-10-14T18:00,2026-10-15T02:00,1039.0,2281.78,standard,tendered,0.127
LD02017,L439,L169,"Oklahoma City, OK","Charlotte, NC",reefer,produce,38549,False,2026-10-13T11:00,2026-10-13T19:00,2026-10-14T20:00,2026-10-15T02:00,1139.8,3297.92,standard,tentative,0.138
LD02115,L276,L390,"Charlotte, NC","Houston, TX",dry_van,paper products,32395,False,2026-10-13T11:00,2026-10-13T19:00,2026-10-14T20:00,2026-10-15T20:00,1122.9,2534.69,standard,tendered,0.031
LD02151,L213,L306,"Jacksonville, FL","Dallas, TX",reefer,produce,18370,False,2026-10-13T11:00,2026-10-13T17:00,2026-10-14T19:00,2026-10-15T07:00,1114.6,3425.27,standard,tendered,0.035
LD02197,L142,L477,"Atlanta, GA","Miami, FL",flatbed,building materials,42399,False,2026-10-13T11:00,2026-10-13T15:00,2026-10-14T13:00,2026-10-14T19:00,708.6,1880.94,standard,tentative,0.133
LD02463,L479,L497,"San Antonio, TX","Memphis, TN",reefer,produce,37133,False,2026-10-13T11:00,2026-10-13T15:00,2026-10-14T14:00,2026-10-15T02:00,751.7,2330.12,standard,tentative,0.073
LD03092,L458,L449,"Houston, TX","Indianapolis, IN",dry_van,auto parts,36133,False,2026-10-13T11:00,2026-10-13T17:00,2026-10-14T18:00,2026-10-15T00:00,1039.0,2599.52,standard,tendered,0.11
LD03185,L319,L491,"Chicago, IL","Minneapolis, MN",dry_van,beverages,32071,False,2026-10-13T11:00,2026-10-13T17:00,2026-10-13T21:00,2026-10-14T21:00,412.1,1122.79,standard,tentative,0.133
LD03340,L371,L256,"Chicago, IL","Harrisburg, PA",dry_van,paper products,29506,False,2026-10-13T11:00,2026-10-13T15:00,2026-10-14T13:00,2026-10-15T01:00,681.7,1846.32,high,tendered,0.063
LD03418,L235,L348,"Louisville, KY","Los Angeles, CA",dry_van,beverages,38997,False,2026-10-13T11:00,2026-10-13T17:00,2026-10-16T12:00,2026-10-17T12:00,2183.9,5347.54,standard,tendered,0.041
LD03518,L406,L433,"Oklahoma City, OK","Charlotte, NC",dry_van,beverages,37494,False,2026-10-13T11:00,2026-10-13T19:00,2026-10-14T19:00,2026-10-15T19:00,1120.1,2796.89,standard,tendered,0.012
LD03741,L380,L303,"Birmingham, AL","Oklahoma City, OK",reefer,dairy,31685,False,2026-10-13T11:00,2026-10-13T17:00,2026-10-14T14:00,2026-10-14T20:00,738.4,2346.3,high,tendered,0.137
LD03994,L327,L414,"Atlanta, GA","Memphis, TN",dry_van,electronics,35927,False,2026-10-13T11:00,2026-10-13T19:00,2026-10-13T20:00,2026-10-14T02:00,397.6,1261.03,standard,tendered,0.033
LD04061,L282,L202,"Little Rock, AR","Atlanta, GA",dry_van,electronics,20226,False,2026-10-13T11:00,2026-10-13T13:00,2026-10-14T01:00,2026-10-14T07:00,564.0,1672.53,standard,accepted,0.109
LD04387,L061,L479,"Charlotte, NC","San Antonio, TX",dry_van,consumer goods,17845,False,2026-10-13T11:00,2026-10-13T13:00,2026-10-15T09:00,2026-10-16T09:00,1326.0,3108.82,high,accepted,0.036
LD04528,L296,L315,"Louisville, KY","Harrisburg, PA",reefer,frozen food,21800,False,2026-10-13T11:00,2026-10-13T13:00,2026-10-14T00:00,2026-10-14T06:00,588.8,1668.65,standard,tentative,0.041
LD04530,L414,L413,"Memphis, TN","Kansas City, MO",dry_van,beverages,37896,False,2026-10-13T11:00,2026-10-13T13:00,2026-10-13T22:00,2026-10-14T02:00,463.1,1461.96,standard,accepted,0.002
LD04565,L155,L044,"Los Angeles, CA","Dallas, TX",flatbed,lumber,17586,False,2026-10-13T11:00,2026-10-13T13:00,2026-10-15T11:00,2026-10-15T15:00,1441.8,3387.38,high,accepted,0.186
LD04950,L461,L474,"Indianapolis, IN","Chicago, IL",reefer,produce,21308,False,2026-10-13T11:00,2026-10-13T13:00,2026-10-13T17:00,2026-10-14T17:00,239.5,1018.06,standard,accepted,0.055
LD00001,L462,L347,"Indianapolis, IN","Dallas, TX",dry_van,electronics,36501,False,2026-10-13T11:15,2026-10-13T15:15,2026-10-14T16:15,2026-10-15T04:15,913.1,2095.82,standard,accepted,0.037
LD00556,L292,L308,"Houston, TX","Chicago, IL",dry_van,paper products,28200,False,2026-10-13T11:15,2026-10-13T19:15,2026-10-14T21:15,2026-10-15T05:15,1152.0,2892.77,standard,tendered,0.013
LD00666,L326,L167,"Denver, CO","Little Rock, AR",dry_van,beverages,22366,False,2026-10-13T11:15,2026-10-13T13:15,2026-10-14T16:15,2026-10-14T22:15,915.3,2663.64,high,tendered,0.068
LD00788,L217,L481,"Charlotte, NC","Little Rock, AR",dry_van,electronics,34828,True,2026-10-13T11:15,2026-10-13T13:15,2026-10-14T15:15,2026-10-15T15:15,764.8,2123.53,high,tendered,0.007
LD00881,L448,L464,"St. Louis, MO","Louisville, KY",reefer,produce,27335,False,2026-10-13T11:15,2026-10-13T19:15,2026-10-13T18:15,2026-10-14T02:15,275.9,1102.64,standard,accepted,0.056
LD00910,L346,L236,"Houston, TX","New Orleans, LA",dry_van,auto parts,43457,False,2026-10-13T11:15,2026-10-13T17:15,2026-10-13T19:15,2026-10-14T01:15,392.5,1209.77,standard,accepted,0.027
LD01012,L146,L410,"Detroit, MI","Louisville, KY",dry_van,auto parts,28281,False,2026-10-13T11:15,2026-10-13T13:15,2026-10-13T20:15,2026-10-14T00:15,338.1,1081.04,standard,tendered,0.01
LD01126,L245,L368,"Nashville, TN","Oklahoma City, OK",dry_van,auto parts,40450,False,2026-10-13T11:15,2026-10-13T13:15,2026-10-14T12:15,2026-10-15T12:15,723.8,2057.66,standard,tendered,0.001
LD01130,L458,L466,"Houston, TX","Nashville, TN",dry_van,retail,38623,False,2026-10-13T11:15,2026-10-13T15:15,2026-10-14T14:15,2026-10-14T20:15,835.7,1977.43,standard,tendered,0.011
LD01987,L191,L163,"Los Angeles, CA","San Antonio, TX",dry_van,electronics,39341,False,2026-10-13T11:15,2026-10-13T19:15,2026-10-15T13:15,2026-10-15T19:15,1429.5,3064.55,standard,tendered,0.022
LD02042,L170,L291,"San Antonio, TX","Houston, TX",reefer,dairy,28246,False,2026-10-13T11:15,2026-10-13T13:15,2026-10-13T18:15,2026-10-14T02:15,184.4,723.02,standard,accepted,0.183
LD02681,L142,L297,"Atlanta, GA","Jacksonville, FL",dry_van,electronics,33611,False,2026-10-13T11:15,2026-10-13T13:15,2026-10-13T21:15,2026-10-14T01:15,335.4,964.24,high,tentative,0.077
LD03530,L362,L077,"Houston, TX","Jacksonville, FL",reefer,pharmaceuticals,31872,False,2026-10-13T11:15,2026-10-13T13:15,2026-10-14T17:15,2026-10-15T01:15,988.1,2637.9,high,accepted,0.17
LD03573,L173,L303,"Atlanta, GA","Oklahoma City, OK",dry_van,paper products,36169,False,2026-10-13T11:15,2026-10-13T13:15,2026-10-14T15:15,2026-10-14T21:15,893.7,2113.86,standard,tendered,0.112
LD03867,L294,L215,"Los Angeles, CA","Oklahoma City, OK",flatbed,steel,37012,False,2026-10-13T11:15,2026-10-13T13:15,2026-10-15T11:15,2026-10-15T17:15,1407.2,3347.22,high,tendered,0.036
LD03956,L205,L464,"Oklahoma City, OK","Louisville, KY",dry_van,beverages,33212,False,2026-10-13T11:15,2026-10-13T19:15,2026-10-14T14:15,2026-10-14T22:15,814.7,2206.33,standard,tendered,0.072
LD04104,L475,L087,"Indianapolis, IN","Jacksonville, FL",dry_van,auto parts,26493,False,2026-10-13T11:15,2026-10-13T19:15,2026-10-14T14:15,2026-10-14T22:15,854.6,2099.74,standard,tendered,0.041
LD04499,L108,L304,"Houston, TX","New Orleans, LA",dry_van,auto parts,9481,False,2026-10-13T11:15,2026-10-13T15:15,2026-10-13T21:15,2026-10-14T05:15,389.3,1161.5,standard,accepted,0.052
LD04795,L449,L160,"Indianapolis, IN","San Antonio, TX",dry_van,consumer goods,29633,True,2026-10-13T11:15,2026-10-13T13:15,2026-10-14T20:15,2026-10-15T00:15,1153.3,2872.59,standard,tendered,0.009
LD04958,L219,L274,"Nashville, TN","St. Louis, MO",dry_van,auto parts,26196,False,2026-10-13T11:15,2026-10-13T15:15,2026-10-13T19:15,2026-10-14T03:15,269.8,892.36,standard,tentative,0.152
LD00303,L336,L056,"Columbus, OH","Minneapolis, MN",dry_van,electronics,40417,False,2026-10-13T11:30,2026-10-13T13:30,2026-10-14T13:30,2026-10-14T17:30,752.8,1835.22,standard,accepted,0.03
LD00550,L136,L432,"San Antonio, TX","Miami, FL",dry_van,paper products,23999,False,2026-10-13T11:30,2026-10-13T13:30,2026-10-15T10:30,2026-10-15T16:30,1359.9,2957.8,standard,accepted,0.014
LD00706,L223,L263,"Kansas City, MO","Nashville, TN",dry_van,paper products,42078,False,2026-10-13T11:30,2026-10-13T13:30,2026-10-13T23:30,2026-10-14T07:30,595.2,1712.02,high,accepted,0.111
LD00716,L307,L129,"Chicago, IL","New Orleans, LA",flatbed,machinery,22497,False,2026-10-13T11:30,2026-10-13T17:30,2026-10-14T18:30,2026-10-14T22:30,1023.8,2789.01,standard,tendered,0.023
LD00731,L152,L202,"Memphis, TN","Atlanta, GA",flatbed,machinery,31084,False,2026-10-13T11:30,2026-10-13T13:30,2026-10-13T20:30,2026-10-14T04:30,395.6,1234.05,standard,accepted,0.054
LD01018,L312,L399,"Los Angeles, CA","Minneapolis, MN",dry_van,beverages,43864,False,2026-10-13T11:30,2026-10-13T13:30,2026-10-16T06:30,2026-10-16T18:30,1818.7,4292.74,standard,tendered,0.143
LD01030,L137,L336,"Jacksonville, FL","Columbus, OH",dry_van,consumer goods,31439,False,2026-10-13T11:30,2026-10-13T13:30,2026-10-14T14:30,2026-10-14T18:30,816.4,2175.46,standard,tentative,0.016
LD01040,L296,L297,"Louisville, KY","Jacksonville, FL",reefer,pharmaceuticals,17482,False,2026-10-13T11:30,2026-10-13T15:30,2026-10-14T12:30,2026-10-15T12:30,718.8,2032.63,standard,tendered,0.041
LD01119,L273,L206,"Newark, NJ","Oklahoma City, OK",reefer,pharmaceuticals,37961,False,2026-10-13T11:30,2026-10-13T13:30,2026-10-15T13:30,2026-10-15T19:30,1559.7,4307.56,standard,tendered,0.023
LD01148,L127,L218,"Indianapolis, IN","Oklahoma City, OK",dry_van,auto parts,14729,False,2026-10-13T11:30,2026-10-13T13:30,2026-10-14T14:30,2026-10-14T18:30,826.8,1954.43,standard,accepted,0.135
LD01192,L166,L384,"Atlanta, GA","Minneapolis, MN",dry_van,electronics,27711,False,2026-10-13T11:30,2026-10-13T13:30,2026-10-14T20:30,2026-10-15T08:30,1075.1,2866.33,standard,tendered,0.012
LD01607,L290,L190,"New Orleans, LA","Oklahoma City, OK",dry_van,auto parts,37970,False,2026-10-13T11:30,2026-10-13T13:30,2026-10-14T12:30,2026-10-14T16:30,741.7,1796.64,standard,tentative,0.111
LD01700,L074,L336,"Dallas, TX","Columbus, OH",dry_van,retail,28476,False,2026-10-13T11:30,2026-10-13T13:30,2026-10-14T19:30,2026-10-15T07:30,1092.6,2918.17,standard,accepted,0.079
LD02164,L437,L310,"Laredo, TX","El Paso, TX",dry_van,paper products,36845,False,2026-10-13T11:30,2026-10-13T13:30,2026-10-14T12:30,2026-10-14T20:30,657.3,1655.16,standard,tendered,0.072
LD02638,L466,L354,"Nashville, TN","San Antonio, TX",dry_van,retail,23792,False,2026-10-13T11:30,2026-10-13T13:30,2026-10-14T18:30,2026-10-15T18:30,1006.0,2707.28,standard,accepted,0.069
LD02943,L085,L494,"Minneapolis, MN","Dallas, TX",flatbed,steel,40977,False,2026-10-13T11:30,2026-10-13T17:30,2026-10-14T18:30,2026-10-15T06:30,1006.3,2779.37,high,tentative,0.084
LD02947,L127,L185,"Indianapolis, IN","Newark, NJ",dry_van,consumer goods,35588,False,2026-10-13T11:30,2026-10-13T17:30,2026-10-14T13:30,2026-10-14T19:30,785.9,1844.21,standard,accepted,0.085
LD03024,L071,L271,"Dallas, TX","Austin, TX",reefer,dairy,29216,False,2026-10-13T11:30,2026-10-13T17:30,2026-10-13T19:30,2026-10-14T07:30,251.2,893.93,standard,accepted,0.125
LD03082,L454,L188,"Houston, TX","Phoenix, AZ",dry_van,beverages,41211,False,2026-10-13T11:30,2026-10-13T17:30,2026-10-14T20:30,2026-10-15T02:30,1165.5,2716.93,standard,tendered,0.031
LD03441,L461,L043,"Indianapolis, IN","Chicago, IL",flatbed,steel,45654,False,2026-10-13T11:30,2026-10-13T13:30,2026-10-13T16:30,2026-10-13T22:30,200.9,770.43,standard,tendered,0.087
LD03627,L235,L207,"Louisville, KY","Birmingham, AL",flatbed,steel,36973,False,2026-10-13T11:30,2026-10-13T17:30,2026-10-13T21:30,2026-10-14T01:30,376.4,1162.71,standard,tendered,0.074
LD03673,L118,L055,"Houston, TX","Louisville, KY",dry_van,consumer goods,34276,False,2026-10-13T11:30,2026-10-13T17:30,2026-10-14T18:30,2026-10-15T06:30,989.0,2723.26,standard,tendered,0.058
LD03734,L070,L240,"Little Rock, AR","Harrisburg, PA",dry_van,consumer goods,32365,False,2026-10-13T11:30,2026-10-13T17:30,2026-10-14T19:30,2026-10-15T03:30,1120.8,2579.94,standard,accepted,0.01
LD03820,L062,L222,"Laredo, TX","Dallas, TX",reefer,pharmaceuticals,30343,False,2026-10-13T11:30,2026-10-13T17:30,2026-10-13T23:30,2026-10-14T03:30,467.5,1716.78,standard,tendered,0.064
LD03902,L258,L190,"Charlotte, NC","Oklahoma City, OK",dry_van,consumer goods,16271,False,2026-10-13T11:30,2026-10-13T17:30,2026-10-14T20:30,2026-10-15T20:30,1144.2,2817.91,high,tendered,0.108
LD04243,L074,L261,"Dallas, TX","Chicago, IL",dry_van,paper products,12446,False,2026-10-13T11:30,2026-10-13T19:30,2026-10-14T17:30,2026-10-15T17:30,977.6,2284.04,standard,tendered,0.046
LD00162,L444,L201,"Phoenix, AZ","Dallas, TX",dry_van,auto parts,40819,False,2026-10-13T11:45,2026-10-13T17:45,2026-10-14T19:45,2026-10-15T19:45,1065.6,2900.35,high,tendered,0.005
LD00251,L067,L403,"Houston, TX","Atlanta, GA",dry_van,electronics,26664,False,2026-10-13T11:45,2026-10-13T17:45,2026-10-14T15:45,2026-10-14T23:45,791.7,1983.03,standard,tendered,0.051
LD00272,L371,L480,"Chicago, IL","Birmingham, AL",dry_van,retail,37791,False,2026-10-13T11:45,2026-10-13T17:45,2026-10-14T13:45,2026-10-14T17:45,683.0,1979.46,high,tendered,0.07
LD00354,L372,L384,"Dallas, TX","Minneapolis, MN",dry_van,retail,19783,False,2026-10-13T11:45,2026-10-13T17:45,2026-10-14T17:45,2026-10-14T21:45,993.5,2380.67,high,accepted,0.002
LD00744,L140,L273,"Kansas City, MO","Newark, NJ",dry_van,auto parts,23852,False,2026-10-13T11:45,2026-10-13T19:45,2026-10-15T08:45,2026-10-15T12:45,1293.2,3283.77,standard,tendered,0.049
LD00920,L242,L466,"Little Rock, AR","Nashville, TN",dry_van,auto parts,33664,False,2026-10-13T11:45,2026-10-13T15:45,2026-10-13T21:45,2026-10-14T09:45,431.5,1243.82,critical,tendered,0.098
LD01392,L073,L249,"Laredo, TX","Little Rock, AR",reefer,pharmaceuticals,37176,False,2026-10-13T11:45,2026-10-13T13:45,2026-10-14T16:45,2026-10-14T20:45,822.7,2404.27,standard,tendered,0.01
LD01556,L311,L229,"Los Angeles, CA","Denver, CO",dry_van,retail,23676,False,2026-10-13T11:45,2026-10-13T13:45,2026-10-14T18:45,2026-10-15T06:45,1042.7,2631.38,high,accepted,0.098
LD01595,L269,L371,"Harrisburg, PA","Chicago, IL",reefer,pharmaceuticals,37943,False,2026-10-13T11:45,2026-10-13T19:45,2026-10-14T14:45,2026-10-14T20:45,682.2,1869.71,standard,tendered,0.088
LD01632,L282,L143,"Little Rock, AR","Chicago, IL",dry_van,auto parts,17519,True,2026-10-13T11:45,2026-10-13T19:45,2026-10-14T13:45,2026-10-14T17:45,673.5,1933.8,standard,tentative,0.053
LD01982,L289,L328,"Harrisburg, PA","Austin, TX",reefer,frozen food,38186,True,2026-10-13T11:45,2026-10-13T13:45,2026-10-15T17:45,2026-10-16T01:45,1641.9,4132.29,high,tentative,0.128
LD02079,L293,L143,"Dallas, TX","Chicago, IL",dry_van,consumer goods,25265,False,2026-10-13T11:45,2026-10-13T13:45,2026-10-14T16:45,2026-10-14T22:45,947.8,2483.91,standard,tendered,0.048
LD02470,L385,L463,"Los Angeles, CA","Indianapolis, IN",dry_van,electronics,13702,False,2026-10-13T11:45,2026-10-13T19:45,2026-10-16T10:45,2026-10-17T10:45,2171.3,5271.85,standard,tendered,0.114
LD02579,L223,L492,"Kansas City, MO","Charlotte, NC",dry_van,auto parts,30069,False,2026-10-13T11:45,2026-10-13T15:45,2026-10-14T16:45,2026-10-15T00:45,927.1,2252.81,standard,accepted,0.001
LD02642,L152,L167,"Memphis, TN","Little Rock, AR",dry_van,electronics,11740,False,2026-10-13T11:45,2026-10-13T17:45,2026-10-13T16:45,2026-10-13T20:45,199.8,779.19,high,tendered,0.004
LD02756,L323,L297,"Detroit, MI","Jacksonville, FL",dry_van,auto parts,32479,False,2026-10-13T11:45,2026-10-13T17:45,2026-10-14T18:45,2026-10-14T22:45,994.2,2651.8,high,accepted,0.015
LD02816,L458,L181,"Houston, TX","Harrisburg, PA",dry_van,paper products,29927,False,2026-10-13T11:45,2026-10-13T15:45,2026-10-15T13:45,2026-10-15T17:45,1535.7,3479.0,standard,tendered,0.083
LD02906,L205,L192,"Oklahoma City, OK","Chicago, IL",reefer,frozen food,19431,False,2026-10-13T11:45,2026-10-13T13:45,2026-10-14T14:45,2026-10-15T02:45,823.3,2546.33,standard,tendered,0.072
LD03044,L188,L058,"Phoenix, AZ","Orlando, FL",dry_van,electronics,18318,False,2026-10-13T11:45,2026-10-13T15:45,2026-10-16T10:45,2026-10-16T14:45,2182.2,6097.3,high,accepted,0.109
LD03051,L483,L325,"St. Louis, MO","Indianapolis, IN",dry_van,retail,18600,False,2026-10-13T11:45,2026-10-13T19:45,2026-10-13T18:45,2026-10-13T22:45,309.4,1060.54,standard,accepted,0.016
LD03279,L127,L458,"Indianapolis, IN","Houston, TX",dry_van,electronics,28661,False,2026-10-13T11:45,2026-10-13T13:45,2026-10-14T18:45,2026-10-14T22:45,1068.6,2769.2,standard,tentative,0.065
LD04019,L153,L167,"El Paso, TX","Little Rock, AR",dry_van,paper products,28208,False,2026-10-13T11:45,2026-10-13T13:45,2026-10-14T16:45,2026-10-15T04:45,985.9,2277.67,standard,tendered,0.04
LD04217,L078,L205,"Louisville, KY","Oklahoma City, OK",reefer,produce,35240,False,2026-10-13T11:45,2026-10-13T15:45,2026-10-14T14:45,2026-10-15T14:45,822.3,2372.57,standard,tendered,0.05
LD04369,L070,L176,"Little Rock, AR","Denver, CO",dry_van,retail,41593,False,2026-10-13T11:45,2026-10-13T15:45,2026-10-14T16:45,2026-10-14T20:45,916.1,2151.58,standard,accepted,0.033
LD04388,L448,L058,"St. Louis, MO","Orlando, FL",dry_van,beverages,23103,False,2026-10-13T11:45,2026-10-13T13:45,2026-10-14T18:45,2026-10-14T22:45,1024.2,2270.56,high,tentative,0.02
LD04594,L409,L416,"Columbus, OH","Chicago, IL",dry_van,auto parts,15873,False,2026-10-13T11:45,2026-10-13T19:45,2026-10-13T19:45,2026-10-14T07:45,308.5,929.43,standard,tendered,0.164
LD04667,L278,L395,"Newark, NJ","Austin, TX",dry_van,electronics,38538,False,2026-10-13T11:45,2026-10-13T13:45,2026-10-15T17:45,2026-10-15T23:45,1766.1,3948.29,high,accepted,0.174
LD04969,L152,L091,"Memphis, TN","Columbus, OH",dry_van,paper products,34875,False,2026-10-13T11:45,2026-10-13T13:45,2026-10-13T23:45,2026-10-14T07:45,602.8,1775.45,standard,accepted,0.088
LD00062,L221,L130,"Atlanta, GA","Memphis, TN",dry_van,retail,24617,False,2026-10-13T12:00,2026-10-13T20:00,2026-10-13T22:00,2026-10-14T02:00,402.2,1311.99,critical,accepted,0.176
LD00087,L122,L491,"Chicago, IL","Minneapolis, MN",dry_van,consumer goods,35611,False,2026-10-13T12:00,2026-10-13T14:00,2026-10-13T22:00,2026-10-14T06:00,417.7,1109.13,standard,tendered,0.017
LD00125,L387,L084,"Chicago, IL","St. Louis, MO",reefer,pharmaceuticals,19318,False,2026-10-13T12:00,2026-10-13T20:00,2026-10-13T19:00,2026-10-14T19:00,290.5,1190.3,standard,accepted,0.243
LD00381,L314,L248,"Charlotte, NC","Laredo, TX",dry_van,auto parts,13537,False,2026-10-13T12:00,2026-10-13T14:00,2026-10-15T13:00,2026-10-16T13:00,1456.5,3604.16,high,tendered,0.017
LD00674,L255,L380,"Detroit, MI","Birmingham, AL",reefer,pharmaceuticals,25853,False,2026-10-13T12:00,2026-10-13T16:00,2026-10-14T16:00,2026-10-15T00:00,788.6,2625.46,standard,accepted,0.011
LD00929,L388,L162,"Louisville, KY","Memphis, TN",dry_van,electronics,32074,False,2026-10-13T12:00,2026-10-13T14:00,2026-10-13T21:00,2026-10-14T09:00,407.9,1206.36,standard,tendered,0.002
LD01055,L118,L330,"Houston, TX","Kansas City, MO",dry_van,auto parts,39269,False,2026-10-13T12:00,2026-10-13T18:00,2026-10-14T15:00,2026-10-14T19:00,778.5,2178.74,standard,tendered,0.044
LD01057,L448,L350,"St. Louis, MO","Dallas, TX",dry_van,retail,12557,False,2026-10-13T12:00,2026-10-13T20:00,2026-10-14T12:00,2026-10-14T16:00,659.7,1756.09,standard,tendered,0.027
LD01234,L106,L395,"Chicago, IL","Austin, TX",dry_van,electronics,31922,False,2026-10-13T12:00,2026-10-13T18:00,2026-10-14T21:00,2026-10-15T05:00,1171.4,2910.44,standard,tendered,0.135
LD01251,L251,L187,"Chicago, IL","Oklahoma City, OK",reefer,pharmaceuticals,36264,True,2026-10-13T12:00,2026-10-13T18:00,2026-10-14T15:00,2026-10-15T03:00,825.9,2203.03,critical,tendered,0.006
LD01744,L381,L161,"Los Angeles, CA","Nashville, TN",dry_van,consumer goods,34100,False,2026-10-13T12:00,2026-10-13T20:00,2026-10-16T11:00,2026-10-16T15:00,2120.1,4663.9,high,accepted,0.043
LD01745,L122,L052,"Chicago, IL","Atlanta, GA",dry_van,consumer goods,28339,False,2026-10-13T12:00,2026-10-13T14:00,2026-10-14T13:00,2026-10-14T17:00,710.0,1996.68,high,accepted,0.2
LD01835,L278,L398,"Newark, NJ","Jacksonville, FL",dry_van,retail,38596,False,2026-10-13T12:00,2026-10-13T18:00,2026-10-14T18:00,2026-10-15T18:00,981.0,2517.04,standard,tendered,0.205
LD01858,L251,L176,"Chicago, IL","Denver, CO",reefer,meat,26501,False,2026-10-13T12:00,2026-10-13T14:00,2026-10-14T20:00,2026-10-15T02:00,1084.6,3161.51,high,accepted,0.023
LD02360,L366,L330,"Newark, NJ","Kansas City, MO",dry_van,paper products,24434,False,2026-10-13T12:00,2026-10-13T14:00,2026-10-15T11:00,2026-10-15T15:00,1322.0,3019.73,standard,tendered,0.018
LD02501,L400,L216,"Austin, TX","San Antonio, TX",dry_van,consumer goods,23982,False,2026-10-13T12:00,2026-10-13T14:00,2026-10-13T16:00,2026-10-14T16:00,126.6,575.34,standard,tendered,0.108
LD02545,L070,L210,"Little Rock, AR","Detroit, MI",dry_van,beverages,22635,False,2026-10-13T12:00,2026-10-13T20:00,2026-10-14T16:00,2026-10-15T16:00,868.8,2164.75,standard,tendered,0.008
LD02790,L225,L180,"Chicago, IL","New Orleans, LA",dry_van,consumer goods,32818,False,2026-10-13T12:00,2026-10-13T20:00,2026-10-14T19:00,2026-10-15T01:00,1032.2,2313.18,standard,accepted,0.032
LD03048,L312,L490,"Los Angeles, CA","Phoenix, AZ",flatbed,machinery,36996,False,2026-10-13T12:00,2026-10-13T14:00,2026-10-14T00:00,2026-10-14T12:00,432.3,1507.91,standard,accepted,0.146
LD03262,L397,L111,"Laredo, TX","Newark, NJ",reefer,produce,21667,False,2026-10-13T12:00,2026-10-13T20:00,2026-10-16T08:00,2026-10-16T20:00,2018.4,5349.65,standard,tentative,0.178
LD03328,L153,L188,"El Paso, TX","Phoenix, AZ",dry_van,auto parts,35460,False,2026-10-13T12:00,2026-10-13T14:00,2026-10-13T20:00,2026-10-14T08:00,367.9,1038.79,standard,tendered,0.115
LD03451,L355,L426,"Houston, TX","St. Louis, MO",dry_van,beverages,32833,False,2026-10-13T12:00,2026-10-13T14:00,2026-10-14T15:00,2026-10-15T03:00,820.5,2243.49,standard,accepted,0.032
LD03522,L212,L206,"Austin, TX","Oklahoma City, OK",flatbed,steel,46500,False,2026-10-13T12:00,2026-10-13T20:00,2026-10-13T22:00,2026-10-14T02:00,420.4,1482.1,standard,accepted,0.002
LD03563,L251,L347,"Chicago, IL","Dallas, TX",dry_van,retail,43181,False,2026-10-13T12:00,2026-10-13T14:00,2026-10-14T17:00,2026-10-14T23:00,953.8,2122.62,standard,tendered,0.005
LD03686,L381,L082,"Los Angeles, CA","Phoenix, AZ",dry_van,electronics,35264,False,2026-10-13T12:00,2026-10-13T18:00,2026-10-13T22:00,2026-10-14T02:00,441.5,1173.63,standard,tendered,0.033
LD04081,L073,L291,"Laredo, TX","Houston, TX",reefer,meat,26660,False,2026-10-13T12:00,2026-10-13T20:00,2026-10-13T22:00,2026-10-14T06:00,342.3,1150.24,high,accepted,0.006
LD04690,L301,L295,"Denver, CO","New Orleans, LA",reefer,pharmaceuticals,25104,False,2026-10-13T12:00,2026-10-13T14:00,2026-10-15T10:00,2026-10-15T14:00,1309.3,4224.96,standard,tendered,0.03
LD04860,L278,L298,"Newark, NJ","Harrisburg, PA",flatbed,steel,14280,True,2026-10-13T12:00,2026-10-13T16:00,2026-10-13T16:00,2026-10-13T22:00,124.3,626.08,standard,tendered,0.065
LD04907,L459,L272,"Houston, TX","Nashville, TN",dry_van,beverages,40898,False,2026-10-13T12:00,2026-10-13T14:00,2026-10-14T15:00,2026-10-15T03:00,775.8,2161.52,standard,tendered,0.018
LD04955,L193,L291,"Denver, CO","Houston, TX",flatbed,building materials,30343,False,2026-10-13T12:00,2026-10-13T14:00,2026-10-14T20:00,2026-10-15T00:00,1054.1,3614.85,high,accepted,0.082
LD00064,L127,L347,"Indianapolis, IN","Dallas, TX",flatbed,building materials,9915,False,2026-10-13T12:15,2026-10-13T16:15,2026-10-14T17:15,2026-10-15T05:15,917.0,2298.44,standard,accepted,0.174
LD00322,L161,L070,"Nashville, TN","Little Rock, AR",dry_van,retail,27519,False,2026-10-13T12:15,2026-10-13T14:15,2026-10-13T21:15,2026-10-14T09:15,386.0,1054.94,standard,tendered,0.057
LD00656,L419,L051,"Charlotte, NC","Indianapolis, IN",dry_van,auto parts,17659,False,2026-10-13T12:15,2026-10-13T20:15,2026-10-14T01:15,2026-10-14T13:15,505.3,1450.63,standard,tendered,0.013
LD01094,L183,L176,"Louisville, KY","Denver, CO",dry_van,paper products,19916,False,2026-10-13T12:15,2026-10-13T20:15,2026-10-15T09:15,2026-10-15T17:15,1237.1,3099.5,critical,tendered,0.157
LD01327,L297,L402,"Jacksonville, FL","Miami, FL",reefer,pharmaceuticals,32446,False,2026-10-13T12:15,2026-10-13T20:15,2026-10-13T22:15,2026-10-14T06:15,406.8,1312.5,standard,tentative,0.009
LD01565,L331,L136,"Little Rock, AR","San Antonio, TX",dry_van,auto parts,37693,False,2026-10-13T12:15,2026-10-13T14:15,2026-10-14T12:15,2026-10-14T18:15,640.0,1776.21,standard,tendered,0.054
LD02041,L141,L299,"Oklahoma City, OK","Kansas City, MO",flatbed,steel,39948,False,2026-10-13T12:15,2026-10-13T14:15,2026-10-13T21:15,2026-10-14T09:15,334.8,1254.39,standard,tendered,0.026
LD02100,L489,L491,"Atlanta, GA","Minneapolis, MN",reefer,meat,38242,False,2026-10-13T12:15,2026-10-13T16:15,2026-10-14T22:15,2026-10-15T06:15,1093.5,3328.24,standard,tendered,0.063
LD02212,L138,L494,"Little Rock, AR","Dallas, TX",dry_van,retail,26341,False,2026-10-13T12:15,2026-10-13T20:15,2026-10-13T20:15,2026-10-14T04:15,327.5,1035.7,standard,tendered,0.099
LD02284,L326,L409,"Denver, CO","Columbus, OH",reefer,pharmaceuticals,23570,False,2026-10-13T12:15,2026-10-13T16:15,2026-10-15T12:15,2026-10-15T18:15,1408.1,4060.51,critical,tendered,0.065
LD02652,L362,L246,"Houston, TX","Columbus, OH",dry_van,electronics,26814,True,2026-10-13T12:15,2026-10-13T18:15,2026-10-14T22:15,2026-10-15T02:15,1195.1,2806.52,high,accepted,0.076
LD02735,L175,L435,"Dallas, TX","Chicago, IL",flatbed,machinery,16807,False,2026-10-13T12:15,2026-10-13T16:15,2026-10-14T18:15,2026-10-15T00:15,976.8,2875.84,standard,accepted,0.05
LD02846,L213,L410,"Jacksonville, FL","Louisville, KY",reefer,meat,37545,False,2026-10-13T12:15,2026-10-13T16:15,2026-10-14T13:15,2026-10-15T01:15,733.5,2146.76,standard,tendered,0.014
LD03118,L443,L254,"Minneapolis, MN","Chicago, IL",reefer,meat,12611,False,2026-10-13T12:15,2026-10-13T20:15,2026-10-14T00:15,2026-10-14T06:15,425.6,1558.96,standard,tendered,0.001
LD03250,L297,L105,"Jacksonville, FL","Kansas City, MO",dry_van,electronics,36180,False,2026-10-13T12:15,2026-10-13T14:15,2026-10-14T21:15,2026-10-15T09:15,1130.6,2987.47,standard,tendered,0.017
LD03483,L196,L443,"Indianapolis, IN","Minneapolis, MN",dry_van,retail,29481,False,2026-10-13T12:15,2026-10-13T18:15,2026-10-14T11:15,2026-10-14T17:15,631.0,1527.66,standard,tendered,0.003
LD03526,L480,L231,"Birmingham, AL","El Paso, TX",dry_van,retail,32475,False,2026-10-13T12:15,2026-10-13T20:15,2026-10-15T11:15,2026-10-15T23:15,1386.4,3130.06,standard,accepted,0.054
LD04090,L335,L473,"Los Angeles, CA","Phoenix, AZ",dry_van,electronics,17717,False,2026-10-13T12:15,2026-10-13T20:15,2026-10-13T23:15,2026-10-14T07:15,434.1,1272.17,standard,accepted,0.076
LD04271,L045,L415,"Oklahoma City, OK","Chicago, IL",flatbed,lumber,35946,False,2026-10-13T12:15,2026-10-13T18:15,2026-10-14T17:15,2026-10-15T01:15,821.3,2151.64,standard,tendered,0.013
LD04350,L348,L234,"Los Angeles, CA","Phoenix, AZ",dry_van,retail,23807,False,2026-10-13T12:15,2026-10-13T14:15,2026-10-13T22:15,2026-10-14T22:15,439.1,1322.79,high,tendered,0.008
LD04517,L097,L109,"Denver, CO","Dallas, TX",dry_van,paper products,42039,False,2026-10-13T12:15,2026-10-13T20:15,2026-10-14T16:15,2026-10-15T00:15,790.4,2488.63,high,tentative,0.11
LD04557,L157,L361,"Dallas, TX","Little Rock, AR",dry_van,beverages,19842,False,2026-10-13T12:15,2026-10-13T14:15,2026-10-13T21:15,2026-10-14T09:15,355.6,994.5,standard,tentative,0.02
LD04592,L221,L245,"Atlanta, GA","Nashville, TN",dry_van,electronics,29845,False,2026-10-13T12:15,2026-10-13T14:15,2026-10-13T19:15,2026-10-14T03:15,281.9,936.44,standard,accepted,0.038
LD04760,L163,L486,"San Antonio, TX","Louisville, KY",flatbed,building materials,47094,False,2026-10-13T12:15,2026-10-13T20:15,2026-10-14T22:15,2026-10-15T22:15,1153.7,3355.27,critical,accepted,0.087
LD00061,L068,L140,"San Antonio, TX","Kansas City, MO",dry_van,beverages,42391,False,2026-10-13T12:30,2026-10-13T16:30,2026-10-14T16:30,2026-10-15T00:30,846.1,1975.73,standard,tendered,0.048
LD00274,L154,L215,"Laredo, TX","Oklahoma City, OK",dry_van,paper products,30820,False,2026-10-13T12:30,2026-10-13T18:30,2026-10-14T12:30,2026-10-14T18:30,678.2,1905.84,high,tendered,0.012
LD00405,L246,L233,"Columbus, OH","Miami, FL",dry_van,retail,19281,False,2026-10-13T12:30,2026-10-13T14:30,2026-10-14T22:30,2026-10-15T04:30,1186.5,3059.4,standard,tendered,0.013
LD01272,L495,L232,"Phoenix, AZ","San Antonio, TX",dry_van,consumer goods,35539,False,2026-10-13T12:30,2026-10-13T18:30,2026-10-14T19:30,2026-10-14T23:30,999.8,2759.54,high,accepted,0.066
LD01432,L281,L229,"Dallas, TX","Denver, CO",reefer,dairy,29597,False,2026-10-13T12:30,2026-10-13T16:30,2026-10-14T13:30,2026-10-15T13:30,759.0,2521.38,standard,accepted,0.036
LD01728,L324,L126,"Houston, TX","Miami, FL",dry_van,auto parts,35142,False,2026-10-13T12:30,2026-10-13T16:30,2026-10-14T21:30,2026-10-15T01:30,1162.5,2777.12,standard,accepted,0.028
LD03134,L374,L075,"Newark, NJ","Chicago, IL",dry_van,paper products,21762,False,2026-10-13T12:30,2026-10-13T14:30,2026-10-14T16:30,2026-10-14T20:30,858.1,2280.27,standard,tendered,0.024
LD03189,L074,L328,"Dallas, TX","Austin, TX",dry_van,retail,28326,False,2026-10-13T12:30,2026-10-13T14:30,2026-10-13T18:30,2026-10-14T06:30,222.3,802.28,standard,tendered,0.008
LD03270,L208,L339,"Oklahoma City, OK","Denver, CO",dry_van,consumer goods,29435,False,2026-10-13T12:30,2026-10-13T18:30,2026-10-14T11:30,2026-10-14T15:30,609.1,1526.93,standard,tentative,0.045
LD03411,L173,L433,"Atlanta, GA","Charlotte, NC",dry_van,retail,18166,False,2026-10-13T12:30,2026-10-13T16:30,2026-10-13T19:30,2026-10-14T01:30,261.2,915.38,high,tendered,0.051
LD03615,L417,L090,"Nashville, TN","Chicago, IL",dry_van,paper products,20827,False,2026-10-13T12:30,2026-10-13T18:30,2026-10-14T00:30,2026-10-15T00:30,466.0,1459.65,critical,accepted,0.114
LD03827,L406,L340,"Oklahoma City, OK","Detroit, MI",dry_van,beverages,38736,False,2026-10-13T12:30,2026-10-13T20:30,2026-10-14T20:30,2026-10-15T00:30,1101.1,2461.14,critical,tendered,0.008
LD04157,L401,L206,"Los Angeles, CA","Oklahoma City, OK",dry_van,paper products,24719,False,2026-10-13T12:30,2026-10-13T16:30,2026-10-15T15:30,2026-10-16T15:30,1453.0,3565.43,high,accepted,0.156
LD04401,L384,L162,"Minneapolis, MN","Memphis, TN",flatbed,lumber,27377,False,2026-10-13T12:30,2026-10-13T18:30,2026-10-14T15:30,2026-10-15T03:30,810.9,2401.98,standard,accepted,0.022
LD04486,L185,L096,"Newark, NJ","Chicago, IL",flatbed,steel,35883,False,2026-10-13T12:30,2026-10-13T14:30,2026-10-14T16:30,2026-10-14T22:30,869.1,2704.04,standard,tentative,0.013
LD00442,L392,L201,"Detroit, MI","Dallas, TX",dry_van,electronics,17332,False,2026-10-13T12:45,2026-10-13T14:45,2026-10-14T22:45,2026-10-15T22:45,1185.4,2930.66,critical,tendered,0.032
LD00764,L346,L408,"Houston, TX","Charlotte, NC",reefer,meat,39168,False,2026-10-13T12:45,2026-10-13T14:45,2026-10-14T20:45,2026-10-15T00:45,1124.5,3210.19,high,tendered,0.003
LD00772,L161,L177,"Nashville, TN","Dallas, TX",dry_van,beverages,32407,False,2026-10-13T12:45,2026-10-13T16:45,2026-10-14T14:45,2026-10-15T14:45,739.9,1774.66,standard,accepted,0.061
LD01009,L412,L097,"Memphis, TN","Denver, CO",flatbed,lumber,17961,False,2026-10-13T12:45,2026-10-13T14:45,2026-10-14T18:45,2026-10-14T22:45,1035.6,2701.19,standard,tendered,0.051
LD01106,L053,L247,"Dallas, TX","Jacksonville, FL",reefer,pharmaceuticals,24933,False,2026-10-13T12:45,2026-10-13T14:45,2026-10-14T20:45,2026-10-15T00:45,1066.3,2914.86,standard,tendered,0.047
LD01157,L392,L202,"Detroit, MI","Atlanta, GA",dry_van,paper products,41387,False,2026-10-13T12:45,2026-10-13T14:45,2026-10-14T13:45,2026-10-15T13:45,721.5,1929.55,standard,tendered,0.087
LD01751,L334,L108,"Chicago, IL","Houston, TX",dry_van,retail,20571,False,2026-10-13T12:45,2026-10-13T18:45,2026-10-14T22:45,2026-10-15T02:45,1143.6,2928.12,standard,tendered,0.123
LD01784,L459,L433,"Houston, TX","Charlotte, NC",reefer,meat,36760,False,2026-10-13T12:45,2026-10-13T20:45,2026-10-14T21:45,2026-10-15T05:45,1091.4,3479.48,standard,tendered,0.133
LD02240,L108,L416,"Houston, TX","Chicago, IL",reefer,dairy,36697,False,2026-10-13T12:45,2026-10-13T16:45,2026-10-14T22:45,2026-10-15T02:45,1160.4,3240.89,standard,tentative,0.008
LD02334,L291,L133,"Houston, TX","Dallas, TX",dry_van,consumer goods,33327,False,2026-10-13T12:45,2026-10-13T20:45,2026-10-13T18:45,2026-10-14T02:45,267.7,809.4,standard,accepted,0.052
LD02561,L220,L480,"Chicago, IL","Birmingham, AL",dry_van,auto parts,40207,False,2026-10-13T12:45,2026-10-13T20:45,2026-10-14T13:45,2026-10-14T17:45,669.5,1826.19,high,tentative,0.043
LD02796,L311,L188,"Los Angeles, CA","Phoenix, AZ",flatbed,building materials,30558,False,2026-10-13T12:45,2026-10-13T16:45,2026-10-13T23:45,2026-10-14T03:45,478.8,1398.45,critical,tendered,0.08
LD03022,L366,L147,"Newark, NJ","Columbus, OH",reefer,frozen food,17837,False,2026-10-13T12:45,2026-10-13T14:45,2026-10-14T01:45,2026-10-14T07:45,567.8,1986.73,standard,tendered,0.145
LD03120,L278,L474,"Newark, NJ","Chicago, IL",dry_van,paper products,39686,False,2026-10-13T12:45,2026-10-13T18:45,2026-10-14T15:45,2026-10-14T21:45,835.2,1950.93,standard,accepted,0.132
LD03478,L274,L051,"St. Louis, MO","Indianapolis, IN",dry_van,consumer goods,19582,False,2026-10-13T12:45,2026-10-13T14:45,2026-10-13T19:45,2026-10-14T01:45,264.6,891.77,high,tendered,0.012
LD03629,L475,L427,"Indianapolis, IN","Atlanta, GA",dry_van,paper products,34967,False,2026-10-13T12:45,2026-10-13T14:45,2026-10-14T00:45,2026-10-14T04:45,536.6,1440.18,standard,tendered,0.038
LD03748,L307,L370,"Chicago, IL","Orlando, FL",dry_van,paper products,27618,False,2026-10-13T12:45,2026-10-13T18:45,2026-10-14T22:45,2026-10-15T10:45,1186.3,3066.22,standard,accepted,0.05
LD04240,L212,L356,"Austin, TX","New Orleans, LA",reefer,meat,39488,False,2026-10-13T12:45,2026-10-13T14:45,2026-10-14T01:45,2026-10-14T05:45,552.2,1904.06,standard,tentative,0.043
LD04377,L163,L351,"San Antonio, TX","Chicago, IL",dry_van,consumer goods,31281,False,2026-10-13T12:45,2026-10-13T18:45,2026-10-15T10:45,2026-10-16T10:45,1279.1,2721.27,standard,accepted,0.162
LD04567,L162,L388,"Memphis, TN","Louisville, KY",flatbed,building materials,24256,False,2026-10-13T12:45,2026-10-13T14:45,2026-10-13T22:45,2026-10-14T22:45,407.9,1270.61,standard,tendered,0.012
LD00311,L060,L254,"Dallas, TX","Chicago, IL",dry_van,auto parts,21901,False,2026-10-13T13:00,2026-10-13T21:00,2026-10-14T19:00,2026-10-14T23:00,1007.3,2409.89,standard,accepted,0.078
LD01044,L082,L222,"Phoenix, AZ","Dallas, TX",reefer,produce,24224,False,2026-10-13T13:00,2026-10-13T15:00,2026-10-14T20:00,2026-10-15T04:00,1037.9,3168.6,standard,accepted,0.013
LD01089,L491,L066,"Minneapolis, MN","Chicago, IL",dry_van,paper products,34070,False,2026-10-13T13:00,2026-10-13T15:00,2026-10-13T21:00,2026-10-14T01:00,401.9,1315.07,standard,tendered,0.023
LD02002,L137,L310,"Jacksonville, FL","El Paso, TX",dry_van,beverages,17189,False,2026-10-13T13:00,2026-10-13T17:00,2026-10-15T19:00,2026-10-16T19:00,1757.4,3716.57,standard,accepted,0.052
LD02492,L075,L347,"Chicago, IL","Dallas, TX",dry_van,retail,24828,False,2026-10-13T13:00,2026-10-13T15:00,2026-10-14T19:00,2026-10-15T01:00,963.9,2298.23,standard,tendered,0.059
LD03170,L301,L294,"Denver, CO","Los Angeles, CA",dry_van,consumer goods,30961,False,2026-10-13T13:00,2026-10-13T19:00,2026-10-14T19:00,2026-10-14T23:00,983.2,2755.42,high,tendered,0.009
LD03501,L251,L325,"Chicago, IL","Indianapolis, IN",dry_van,retail,31424,False,2026-10-13T13:00,2026-10-13T15:00,2026-10-13T18:00,2026-10-14T02:00,178.0,725.39,standard,tendered,0.085
LD03512,L374,L055,"Newark, NJ","Louisville, KY",reefer,frozen food,23366,False,2026-10-13T13:00,2026-10-13T15:00,2026-10-14T16:00,2026-10-15T04:00,785.2,2609.0,standard,tentative,0.044
LD04199,L185,L484,"Newark, NJ","Indianapolis, IN",dry_van,retail,24284,False,2026-10-13T13:00,2026-10-13T15:00,2026-10-14T15:00,2026-10-14T23:00,761.0,2039.1,standard,tendered,0.131
LD04587,L398,L128,"Jacksonville, FL","Miami, FL",dry_van,paper products,35698,False,2026-10-13T13:00,2026-10-13T15:00,2026-10-13T23:00,2026-10-14T05:00,359.4,1158.38,standard,tentative,0.024
LD00245,L162,L431,"Memphis, TN","Laredo, TX",dry_van,auto parts,29766,False,2026-10-13T13:15,2026-10-13T15:15,2026-10-14T18:15,2026-10-15T00:15,902.3,2130.81,standard,tendered,0.059
LD00668,L161,L047,"Nashville, TN","El Paso, TX",reefer,dairy,23392,False,2026-10-13T13:15,2026-10-13T15:15,2026-10-15T13:15,2026-10-16T13:15,1400.1,3877.57,standard,accepted,0.126
LD01872,L104,L112,"Nashville, TN","Columbus, OH",reefer,produce,39867,False,2026-10-13T13:15,2026-10-13T21:15,2026-10-13T23:15,2026-10-14T05:15,404.3,1499.5,high,tendered,0.108
LD02692,L227,L286,"Charlotte, NC","Detroit, MI",dry_van,beverages,23449,False,2026-10-13T13:15,2026-10-13T21:15,2026-10-14T13:15,2026-10-14T17:15,605.6,1687.89,high,tendered,0.047
LD02827,L108,L439,"Houston, TX","Oklahoma City, OK",dry_van,electronics,29832,False,2026-10-13T13:15,2026-10-13T15:15,2026-10-14T01:15,2026-10-14T13:15,500.9,1342.53,standard,tendered,0.038
LD03324,L155,L089,"Los Angeles, CA","New Orleans, LA",reefer,produce,33760,False,2026-10-13T13:15,2026-10-13T17:15,2026-10-16T08:15,2026-10-16T16:15,1941.7,5402.66,standard,tendered,0.038
LD03646,L262,L126,"Minneapolis, MN","Miami, FL",dry_van,retail,29961,False,2026-10-13T13:15,2026-10-13T17:15,2026-10-16T06:15,2026-10-16T14:15,1837.3,4424.04,standard,tendered,0.023
LD03695,L278,L416,"Newark, NJ","Chicago, IL",reefer,pharmaceuticals,35884,False,2026-10-13T13:15,2026-10-13T19:15,2026-10-14T16:15,2026-10-15T04:15,810.4,2196.05,standard,tendered,0.087
LD03771,L173,L395,"Atlanta, GA","Austin, TX",dry_van,consumer goods,22233,False,2026-10-13T13:15,2026-10-13T15:15,2026-10-14T19:15,2026-10-15T19:15,973.5,2232.02,high,tendered,0.091
LD03785,L154,L380,"Laredo, TX","Birmingham, AL",dry_van,beverages,37036,False,2026-10-13T13:15,2026-10-13T15:15,2026-10-14T20:15,2026-10-15T00:15,1042.5,2799.86,standard,accepted,0.004
LD04389,L106,L140,"Chicago, IL","Kansas City, MO",dry_van,paper products,33616,False,2026-10-13T13:15,2026-10-13T15:15,2026-10-14T00:15,2026-10-14T12:15,510.2,1549.03,standard,tendered,0.049
LD04779,L220,L187,"Chicago, IL","Oklahoma City, OK",dry_van,electronics,36519,False,2026-10-13T13:15,2026-10-13T19:15,2026-10-14T17:15,2026-10-15T17:15,840.2,2168.46,standard,tendered,0.011
LD04943,L307,L279,"Chicago, IL","Columbus, OH",reefer,dairy,31019,False,2026-10-13T13:15,2026-10-13T17:15,2026-10-13T21:15,2026-10-14T05:15,332.0,1314.16,high,tendered,0.17
LD00785,L156,L265,"Charlotte, NC","Harrisburg, PA",reefer,dairy,27872,False,2026-10-13T13:30,2026-10-13T21:30,2026-10-14T00:30,2026-10-14T08:30,516.6,1804.04,standard,accepted,0.063
LD00936,L338,L463,"Dallas, TX","Indianapolis, IN",dry_van,auto parts,36905,False,2026-10-13T13:30,2026-10-13T21:30,2026-10-14T17:30,2026-10-15T01:30,906.3,2254.96,standard,tendered,0.004
LD01522,L396,L047,"Little Rock, AR","El Paso, TX",dry_van,consumer goods,32739,False,2026-10-13T13:30,2026-10-13T19:30,2026-10-14T20:30,2026-10-15T04:30,1001.7,2495.36,standard,tendered,0.056
LD01529,L062,L367,"Laredo, TX","Atlanta, GA",dry_van,consumer goods,41992,False,2026-10-13T13:30,2026-10-13T17:30,2026-10-15T00:30,2026-10-15T12:30,1174.2,2757.37,standard,accepted,0.034
LD01840,L334,L229,"Chicago, IL","Denver, CO",dry_van,retail,38557,False,2026-10-13T13:30,2026-10-13T15:30,2026-10-14T22:30,2026-10-15T06:30,1067.3,2329.37,standard,accepted,0.039
LD01954,L441,L202,"Columbus, OH","Atlanta, GA",reefer,dairy,28358,False,2026-10-13T13:30,2026-10-13T15:30,2026-10-14T00:30,2026-10-14T08:30,515.3,1510.34,standard,tendered,0.191
LD01955,L233,L257,"Miami, FL","Columbus, OH",reefer,produce,24158,False,2026-10-13T13:30,2026-10-13T19:30,2026-10-14T23:30,2026-10-15T23:30,1198.5,4057.05,standard,tendered,0.07
LD02849,L331,L124,"Little Rock, AR","Detroit, MI",reefer,pharmaceuticals,33048,False,2026-10-13T13:30,2026-10-13T19:30,2026-10-14T17:30,2026-10-15T05:30,862.1,2746.24,standard,tendered,0.019
LD03015,L355,L100,"Houston, TX","Charlotte, NC",dry_van,retail,32190,False,2026-10-13T13:30,2026-10-13T15:30,2026-10-14T20:30,2026-10-15T04:30,1072.5,2369.49,standard,accepted,0.091
LD03095,L169,L288,"Charlotte, NC","Miami, FL",dry_van,paper products,28809,False,2026-10-13T13:30,2026-10-13T21:30,2026-10-14T16:30,2026-10-15T04:30,808.7,2034.77,standard,accepted,0.046
LD04333,L193,L151,"Denver, CO","Minneapolis, MN",dry_van,electronics,28905,True,2026-10-13T13:30,2026-10-13T21:30,2026-10-14T17:30,2026-10-14T21:30,820.6,2230.35,high,tendered,0.077
LD04408,L288,L247,"Miami, FL","Jacksonville, FL",reefer,pharmaceuticals,38014,True,2026-10-13T13:30,2026-10-13T15:30,2026-10-13T23:30,2026-10-14T11:30,397.1,1392.78,standard,accepted,0.068
LD04538,L064,L334,"Harrisburg, PA","Chicago, IL",dry_van,auto parts,31092,False,2026-10-13T13:30,2026-10-13T19:30,2026-10-14T14:30,2026-10-14T22:30,700.4,1878.12,standard,accepted,0.018
LD04628,L217,L186,"Charlotte, NC","Chicago, IL",reefer,meat,13355,False,2026-10-13T13:30,2026-10-13T21:30,2026-10-14T15:30,2026-10-14T19:30,694.6,2297.6,standard,accepted,0.002
LD04934,L339,L402,"Denver, CO","Miami, FL",dry_van,paper products,32953,False,2026-10-13T13:30,2026-10-13T19:30,2026-10-16T12:30,2026-10-17T12:30,2085.5,5477.76,standard,tendered,0.111
LD04953,L183,L236,"Louisville, KY","New Orleans, LA",dry_van,paper products,23483,False,2026-10-13T13:30,2026-10-13T19:30,2026-10-14T15:30,2026-10-15T15:30,783.3,1894.28,standard,accepted,0.01
LD04968,L119,L100,"New Orleans, LA","Charlotte, NC",reefer,produce,27056,False,2026-10-13T13:30,2026-10-13T15:30,2026-10-14T16:30,2026-10-14T22:30,757.0,2536.99,standard,tendered,0.05
LD00591,L079,L265,"Indianapolis, IN","Harrisburg, PA",dry_van,auto parts,24191,False,2026-10-13T13:45,2026-10-13T21:45,2026-10-14T13:45,2026-10-14T19:45,640.4,1677.04,standard,tendered,0.007
LD00694,L106,L266,"Chicago, IL","Columbus, OH",reefer,frozen food,37871,False,2026-10-13T13:45,2026-10-13T17:45,2026-10-13T21:45,2026-10-14T05:45,314.7,1207.33,high,accepted,0.052
LD01145,L057,L158,"Oklahoma City, OK","Atlanta, GA",dry_van,retail,32602,False,2026-10-13T13:45,2026-10-13T21:45,2026-10-14T18:45,2026-10-14T22:45,908.5,2467.89,standard,accepted,0.015
LD01264,L223,L218,"Kansas City, MO","Oklahoma City, OK",flatbed,lumber,28427,False,2026-10-13T13:45,2026-10-13T19:45,2026-10-13T22:45,2026-10-14T02:45,378.4,1166.46,standard,tentative,0.075
LD01412,L468,L292,"Newark, NJ","Houston, TX",reefer,meat,28742,False,2026-10-13T13:45,2026-10-13T19:45,2026-10-15T18:45,2026-10-16T06:45,1714.5,4158.83,standard,accepted,0.017
LD01712,L445,L243,"Los Angeles, CA","Kansas City, MO",dry_van,retail,37755,False,2026-10-13T13:45,2026-10-13T15:45,2026-10-15T16:45,2026-10-16T04:45,1647.6,4128.11,critical,tendered,0.023
LD02215,L184,L154,"Newark, NJ","Laredo, TX",dry_van,electronics,25282,False,2026-10-13T13:45,2026-10-13T15:45,2026-10-16T11:45,2026-10-16T23:45,2044.9,4322.28,standard,tendered,0.126
LD02445,L161,L310,"Nashville, TN","El Paso, TX",reefer,frozen food,39116,False,2026-10-13T13:45,2026-10-13T21:45,2026-10-15T12:45,2026-10-15T16:45,1383.3,3488.88,standard,tendered,0.058
LD03446,L106,L296,"Chicago, IL","Louisville, KY",dry_van,beverages,34761,False,2026-10-13T13:45,2026-10-13T19:45,2026-10-13T21:45,2026-10-14T05:45,323.9,1098.18,standard,accepted,0.008
LD03448,L068,L236,"San Antonio, TX","New Orleans, LA",dry_van,retail,38877,False,2026-10-13T13:45,2026-10-13T15:45,2026-10-14T13:45,2026-10-14T21:45,609.1,1769.77,standard,tentative,0.01
LD03638,L255,L245,"Detroit, MI","Nashville, TN",dry_van,retail,29121,False,2026-10-13T13:45,2026-10-13T19:45,2026-10-14T03:45,2026-10-14T11:45,586.7,1751.59,standard,tendered,0.023
LD04482,L339,L070,"Denver, CO","Little Rock, AR",reefer,frozen food,29210,False,2026-10-13T13:45,2026-10-13T21:45,2026-10-14T19:45,2026-10-14T23:45,925.2,2949.46,critical,tendered,0.002
LD04494,L199,L364,"Phoenix, AZ","Kansas City, MO",dry_van,electronics,23817,False,2026-10-13T13:45,2026-10-13T15:45,2026-10-15T10:45,2026-10-16T10:45,1247.0,3078.43,standard,tendered,0.014
LD00268,L158,L388,"Atlanta, GA","Louisville, KY",flatbed,building materials,26527,False,2026-10-13T14:00,2026-10-13T16:00,2026-10-14T00:00,2026-10-14T12:00,404.3,1307.94,critical,tendered,0.018
LD00835,L152,L236,"Memphis, TN","New Orleans, LA",dry_van,beverages,14077,False,2026-10-13T14:00,2026-10-13T16:00,2026-10-13T23:00,2026-10-14T23:00,442.5,1403.24,standard,tendered,0.046
LD01333,L297,L056,"Jacksonville, FL","Minneapolis, MN",dry_van,retail,33168,True,2026-10-13T14:00,2026-10-13T16:00,2026-10-15T15:00,2026-10-16T03:00,1437.7,3695.0,standard,tendered,0.187
LD02624,L112,L414,"Columbus, OH","Memphis, TN",reefer,frozen food,29775,False,2026-10-13T14:00,2026-10-13T20:00,2026-10-14T03:00,2026-10-15T03:00,585.5,1789.97,standard,tentative,0.037
LD02806,L215,L434,"Oklahoma City, OK","Jacksonville, FL",dry_van,paper products,18376,True,2026-10-13T14:00,2026-10-13T18:00,2026-10-15T01:00,2026-10-15T05:00,1188.9,2585.85,standard,tendered,0.03
LD02938,L359,L272,"Orlando, FL","Nashville, TN",dry_van,paper products,31042,False,2026-10-13T14:00,2026-10-13T22:00,2026-10-14T15:00,2026-10-15T15:00,738.1,1963.59,standard,tendered,0.064
LD02989,L141,L198,"Oklahoma City, OK","Minneapolis, MN",dry_van,paper products,37308,False,2026-10-13T14:00,2026-10-13T18:00,2026-10-14T18:00,2026-10-15T18:00,816.7,1934.85,standard,tendered,0.043
LD03899,L180,L204,"New Orleans, LA","Kansas City, MO",dry_van,auto parts,20898,False,2026-10-13T14:00,2026-10-13T20:00,2026-10-14T18:00,2026-10-14T22:00,821.2,1920.51,standard,accepted,0.035
LD04289,L101,L254,"Birmingham, AL","Chicago, IL",dry_van,electronics,24921,False,2026-10-13T14:00,2026-10-13T16:00,2026-10-14T15:00,2026-10-14T23:00,693.2,1787.58,standard,tendered,0.085
LD04645,L413,L359,"Kansas City, MO","Orlando, FL",dry_van,auto parts,38437,False,2026-10-13T14:00,2026-10-13T20:00,2026-10-15T12:00,2026-10-16T12:00,1272.0,2958.27,standard,tendered,0.057
LD04680,L157,L120,"Dallas, TX","Austin, TX",reefer,dairy,37329,False,2026-10-13T14:00,2026-10-13T22:00,2026-10-13T21:00,2026-10-14T21:00,234.5,1016.1,standard,tentative,0.023
LD04873,L212,L182,"Austin, TX","Denver, CO",dry_van,retail,24187,False,2026-10-13T14:00,2026-10-13T20:00,2026-10-14T20:00,2026-10-15T00:00,946.2,2244.04,standard,accepted,0.011
LD04951,L463,L120,"Indianapolis, IN","Austin, TX",dry_van,beverages,17280,False,2026-10-13T14:00,2026-10-13T16:00,2026-10-15T00:00,2026-10-15T06:00,1119.9,2446.5,standard,tendered,0.125
LD00307,L441,L472,"Columbus, OH","St. Louis, MO",reefer,dairy,29139,False,2026-10-13T14:15,2026-10-13T16:15,2026-10-14T00:15,2026-10-14T12:15,480.5,1583.02,standard,tendered,0.033
LD00450,L458,L204,"Houston, TX","Kansas City, MO",flatbed,building materials,20477,False,2026-10-13T14:15,2026-10-13T16:15,2026-10-14T16:15,2026-10-15T16:15,800.7,2180.43,high,tendered,0.009
LD00618,L301,L292,"Denver, CO","Houston, TX",dry_van,electronics,21740,False,2026-10-13T14:15,2026-10-13T18:15,2026-10-14T21:15,2026-10-15T05:15,1074.8,3269.72,standard,tendered,0.029
LD00857,L468,L274,"Newark, NJ","St. Louis, MO",flatbed,pipe,30648,False,2026-10-13T14:15,2026-10-13T20:15,2026-10-14T21:15,2026-10-15T21:15,1050.6,2804.17,standard,tendered,0.016
LD01402,L409,L325,"Columbus, OH","Indianapolis, IN",dry_van,beverages,30561,False,2026-10-13T14:15,2026-10-13T16:15,2026-10-13T20:15,2026-10-14T02:15,200.1,683.61,standard,tentative,0.01
LD01561,L476,L229,"Chicago, IL","Denver, CO",flatbed,pipe,18136,False,2026-10-13T14:15,2026-10-13T20:15,2026-10-14T22:15,2026-10-15T06:15,1087.2,2907.12,standard,tendered,0.058
LD01888,L417,L275,"Nashville, TN","Atlanta, GA",dry_van,retail,23850,False,2026-10-13T14:15,2026-10-13T20:15,2026-10-13T22:15,2026-10-14T10:15,242.4,822.39,standard,tendered,0.005
LD01906,L213,L141,"Jacksonville, FL","Oklahoma City, OK",dry_van,auto parts,33073,False,2026-10-13T14:15,2026-10-13T22:15,2026-10-15T00:15,2026-10-15T06:15,1201.0,2887.53,high,accepted,0.227
LD02106,L403,L128,"Atlanta, GA","Miami, FL",dry_van,electronics,29463,False,2026-10-13T14:15,2026-10-13T18:15,2026-10-14T15:15,2026-10-14T23:15,714.2,1905.01,standard,accepted,0.058
LD02780,L338,L108,"Dallas, TX","Houston, TX",dry_van,consumer goods,30838,False,2026-10-13T14:15,2026-10-13T22:15,2026-10-13T21:15,2026-10-14T09:15,290.3,1017.43,standard,accepted,0.011
LD03291,L384,L487,"Minneapolis, MN","Dallas, TX",dry_van,consumer goods,34631,False,2026-10-13T14:15,2026-10-13T18:15,2026-10-14T21:15,2026-10-15T03:15,1031.0,2649.31,standard,tendered,0.02
LD03637,L139,L233,"Jacksonville, FL","Miami, FL",dry_van,beverages,26938,False,2026-10-13T14:15,2026-10-13T16:15,2026-10-13T23:15,2026-10-14T05:15,380.6,1108.76,standard,accepted,0.072
LD03892,L381,L140,"Los Angeles, CA","Kansas City, MO",flatbed,building materials,43010,False,2026-10-13T14:15,2026-10-13T22:15,2026-10-15T18:15,2026-10-16T00:15,1615.9,4594.22,standard,accepted,0.063
LD03904,L449,L497,"Indianapolis, IN","Memphis, TN",dry_van,paper products,28966,False,2026-10-13T14:15,2026-10-13T22:15,2026-10-14T00:15,2026-10-14T08:15,443.2,1149.31,standard,tendered,0.031
LD04004,L217,L129,"Charlotte, NC","New Orleans, LA",reefer,produce,26659,False,2026-10-13T14:15,2026-10-13T16:15,2026-10-14T18:15,2026-10-15T02:15,779.8,2544.06,standard,tentative,0.036
LD00223,L119,L140,"New Orleans, LA","Kansas City, MO",dry_van,electronics,21137,False,2026-10-13T14:30,2026-10-13T16:30,2026-10-14T18:30,2026-10-15T00:30,815.8,2161.37,standard,tentative,0.07
LD00395,L456,L156,"Memphis, TN","Charlotte, NC",dry_van,paper products,37960,True,2026-10-13T14:30,2026-10-13T22:30,2026-10-14T16:30,2026-10-15T04:30,629.7,1548.01,standard,tendered,0.162
LD00741,L319,L239,"Chicago, IL","Houston, TX",dry_van,retail,30583,False,2026-10-13T14:30,2026-10-13T20:30,2026-10-14T22:30,2026-10-15T06:30,1121.4,2939.47,critical,tentative,0.177
LD01110,L314,L284,"Charlotte, NC","Atlanta, GA",reefer,meat,27972,False,2026-10-13T14:30,2026-10-13T20:30,2026-10-13T21:30,2026-10-14T05:30,239.4,861.83,standard,tentative,0.02
LD01300,L203,L232,"St. Louis, MO","San Antonio, TX",dry_van,beverages,36990,False,2026-10-13T14:30,2026-10-13T16:30,2026-10-14T18:30,2026-10-15T00:30,931.8,2151.12,high,accepted,0.141
LD01536,L116,L204,"Charlotte, NC","Kansas City, MO",dry_van,beverages,18176,False,2026-10-13T14:30,2026-10-13T16:30,2026-10-14T20:30,2026-10-15T02:30,922.0,2184.42,standard,tendered,0.118
LD01611,L419,L233,"Charlotte, NC","Miami, FL",dry_van,beverages,26773,False,2026-10-13T14:30,2026-10-13T18:30,2026-10-14T18:30,2026-10-15T00:30,787.1,1954.0,standard,accepted,0.099
LD02298,L129,L291,"New Orleans, LA","Houston, TX",dry_van,consumer goods,36818,True,2026-10-13T14:30,2026-10-13T16:30,2026-10-14T00:30,2026-10-14T04:30,436.2,1193.05,standard,tendered,0.057
LD02389,L071,L320,"Dallas, TX","Atlanta, GA",flatbed,building materials,26740,False,2026-10-13T14:30,2026-10-13T22:30,2026-10-14T19:30,2026-10-15T03:30,884.2,2585.11,standard,accepted,0.108
LD02725,L092,L420,"Chicago, IL","Indianapolis, IN",dry_van,auto parts,10559,False,2026-10-13T14:30,2026-10-13T22:30,2026-10-13T19:30,2026-10-14T19:30,183.2,702.38,standard,tendered,0.018
LD04119,L155,L295,"Los Angeles, CA","New Orleans, LA",dry_van,electronics,39108,False,2026-10-13T14:30,2026-10-13T22:30,2026-10-16T10:30,2026-10-16T14:30,1982.5,4362.3,standard,tendered,0.055
LD00389,L422,L125,"Phoenix, AZ","Dallas, TX",dry_van,consumer goods,24260,False,2026-10-13T14:45,2026-10-13T18:45,2026-10-14T21:45,2026-10-15T05:45,1065.5,3246.1,standard,tentative,0.106
LD00460,L103,L363,"Chicago, IL","Houston, TX",dry_van,electronics,38991,False,2026-10-13T14:45,2026-10-13T16:45,2026-10-15T00:45,2026-10-15T06:45,1160.2,2858.51,standard,accepted,0.018
LD00539,L480,L477,"Birmingham, AL","Miami, FL",flatbed,building materials,39648,False,2026-10-13T14:45,2026-10-13T22:45,2026-10-14T16:45,2026-10-15T16:45,795.8,2082.8,standard,tentative,0.04
LD00612,L469,L480,"Miami, FL","Birmingham, AL",dry_van,auto parts,14535,False,2026-10-13T14:45,2026-10-13T22:45,2026-10-14T18:45,2026-10-15T18:45,802.5,2359.79,high,accepted,0.043
LD00637,L452,L097,"Chicago, IL","Denver, CO",reefer,frozen food,31855,False,2026-10-13T14:45,2026-10-13T20:45,2026-10-14T22:45,2026-10-15T02:45,1123.3,2926.97,standard,tendered,0.192
LD02377,L215,L486,"Oklahoma City, OK","Louisville, KY",reefer,dairy,37913,False,2026-10-13T14:45,2026-10-13T22:45,2026-10-14T19:45,2026-10-15T01:45,831.6,2487.79,standard,tentative,0.065
LD02584,L459,L286,"Houston, TX","Detroit, MI",flatbed,steel,36726,False,2026-10-13T14:45,2026-10-13T16:45,2026-10-15T13:45,2026-10-16T13:45,1318.0,3629.27,standard,tentative,0.17
LD02924,L104,L440,"Nashville, TN","Memphis, TN",dry_van,retail,38313,False,2026-10-13T14:45,2026-10-13T20:45,2026-10-13T21:45,2026-10-14T01:45,220.0,804.01,standard,accepted,0.006
LD03238,L481,L041,"Little Rock, AR","Dallas, TX",dry_van,beverages,20475,False,2026-10-13T14:45,2026-10-13T16:45,2026-10-14T01:45,2026-10-14T07:45,394.2,1146.94,standard,accepted,0.107
LD03632,L072,L265,"Atlanta, GA","Harrisburg, PA",dry_van,beverages,43097,False,2026-10-13T14:45,2026-10-13T16:45,2026-10-14T17:45,2026-10-14T21:45,775.5,2113.02,standard,tendered,0.062
LD03817,L338,L404,"Dallas, TX","Kansas City, MO",dry_van,paper products,29716,False,2026-10-13T14:45,2026-10-13T22:45,2026-10-14T02:45,2026-10-14T08:45,542.2,1608.11,standard,tendered,0.033
LD04392,L212,L140,"Austin, TX","Kansas City, MO",dry_van,electronics,24439,False,2026-10-13T14:45,2026-10-13T18:45,2026-10-14T17:45,2026-10-14T23:45,774.8,1940.57,standard,tendered,0.203
LD01170,L336,L143,"Columbus, OH","Chicago, IL",dry_van,auto parts,42710,False,2026-10-13T15:00,2026-10-13T23:00,2026-10-13T23:00,2026-10-14T11:00,316.2,915.36,standard,tentative,0.025
LD04373,L217,L112,"Charlotte, NC","Columbus, OH",dry_van,paper products,35039,False,2026-10-13T15:00,2026-10-13T19:00,2026-10-14T02:00,2026-10-15T02:00,403.5,1097.8,standard,tendered,0.135
LD00124,L085,L421,"Minneapolis, MN","Louisville, KY",dry_van,beverages,38125,False,2026-10-13T15:15,2026-10-13T19:15,2026-10-14T17:15,2026-10-15T17:15,725.1,2053.87,critical,tendered,0.119
LD00176,L203,L409,"St. Louis, MO","Columbus, OH",reefer,produce,25425,False,2026-10-13T15:15,2026-10-13T17:15,2026-10-14T01:15,2026-10-14T13:15,468.2,1498.22,standard,accepted,0.15
LD00512,L489,L222,"Atlanta, GA","Dallas, TX",reefer,dairy,37925,True,2026-10-13T15:15,2026-10-13T23:15,2026-10-14T20:15,2026-10-15T02:15,839.8,2285.71,critical,tendered,0.06
LD02449,L449,L265,"Indianapolis, IN","Harrisburg, PA",flatbed,steel,35224,False,2026-10-13T15:15,2026-10-13T23:15,2026-10-14T14:15,2026-10-15T14:15,626.7,1909.89,high,tendered,0.006
LD04358,L423,L160,"St. Louis, MO","San Antonio, TX",dry_van,retail,37467,False,2026-10-13T15:15,2026-10-13T21:15,2026-10-14T20:15,2026-10-15T02:15,931.0,2147.51,standard,accepted,0.058
LD04415,L138,L384,"Little Rock, AR","Minneapolis, MN",dry_van,auto parts,29973,False,2026-10-13T15:15,2026-10-13T23:15,2026-10-14T18:15,2026-10-14T22:15,810.9,2154.4,standard,tendered,0.043
LD04589,L381,L190,"Los Angeles, CA","Oklahoma City, OK",dry_van,paper products,28198,False,2026-10-13T15:15,2026-10-13T19:15,2026-10-15T15:15,2026-10-16T03:15,1385.8,3353.42,standard,accepted,0.061
LD01074,L438,L403,"Dallas, TX","Atlanta, GA",dry_van,electronics,35266,False,2026-10-13T15:30,2026-10-13T19:30,2026-10-14T18:30,2026-10-15T00:30,805.1,2090.88,standard,accepted,0.01
LD01292,L371,L384,"Chicago, IL","Minneapolis, MN",dry_van,electronics,37429,False,2026-10-13T15:30,2026-10-13T19:30,2026-10-14T03:30,2026-10-15T03:30,412.7,1273.95,standard,accepted,0.008
LD01308,L315,L119,"Harrisburg, PA","New Orleans, LA",dry_van,beverages,13354,False,2026-10-13T15:30,2026-10-13T19:30,2026-10-15T12:30,2026-10-16T12:30,1224.9,2946.86,standard,tendered,0.013
LD02171,L375,L055,"Columbus, OH","Louisville, KY",dry_van,consumer goods,39155,False,2026-10-13T15:30,2026-10-13T21:30,2026-10-13T20:30,2026-10-14T00:30,216.2,842.24,standard,tentative,0.114
LD02787,L419,L174,"Charlotte, NC","Indianapolis, IN",dry_van,beverages,25442,False,2026-10-13T15:30,2026-10-13T17:30,2026-10-14T04:30,2026-10-14T10:30,510.0,1424.41,high,tendered,0.006
LD03725,L459,L377,"Houston, TX","Phoenix, AZ",flatbed,lumber,30635,False,2026-10-13T15:30,2026-10-13T19:30,2026-10-15T12:30,2026-10-15T18:30,1228.4,3461.52,standard,tendered,0.012
LD04247,L043,L336,"Chicago, IL","Columbus, OH",flatbed,machinery,35172,False,2026-10-13T15:30,2026-10-13T19:30,2026-10-14T00:30,2026-10-15T00:30,330.0,1120.97,standard,tendered,0.061
LD04316,L217,L416,"Charlotte, NC","Chicago, IL",reefer,pharmaceuticals,9926,True,2026-10-13T15:30,2026-10-13T21:30,2026-10-14T18:30,2026-10-15T06:30,709.6,2104.18,critical,tendered,0.082
LD00438,L289,L299,"Harrisburg, PA","Kansas City, MO",flatbed,machinery,38953,False,2026-10-13T15:45,2026-10-13T19:45,2026-10-15T02:45,2026-10-15T06:45,1141.8,2958.5,standard,tendered,0.022
LD01819,L456,L393,"Memphis, TN","El Paso, TX",dry_van,electronics,29525,False,2026-10-13T15:45,2026-10-13T23:45,2026-10-15T03:45,2026-10-15T09:45,1181.4,2763.07,standard,tendered,0.035
LD03422,L355,L472,"Houston, TX","St. Louis, MO",dry_van,electronics,29008,False,2026-10-13T15:45,2026-10-13T17:45,2026-10-14T18:45,2026-10-15T06:45,820.0,2205.07,standard,tendered,0.135
LD04357,L100,L486,"Charlotte, NC","Louisville, KY",dry_van,beverages,19064,False,2026-10-13T15:45,2026-10-13T21:45,2026-10-14T00:45,2026-10-14T06:45,387.8,1157.92,standard,accepted,0.063
LD00007,L045,L399,"Oklahoma City, OK","Minneapolis, MN",reefer,pharmaceuticals,26896,False,2026-10-13T16:00,2026-10-13T18:00,2026-10-14T21:00,2026-10-15T05:00,819.9,2269.89,standard,tendered,0.165
LD00418,L093,L119,"Houston, TX","New Orleans, LA",reefer,produce,35828,False,2026-10-13T16:00,2026-10-13T18:00,2026-10-14T02:00,2026-10-14T14:00,390.1,1233.38,high,tendered,0.031
LD00958,L277,L388,"Kansas City, MO","Louisville, KY",flatbed,pipe,29740,False,2026-10-13T16:00,2026-10-13T22:00,2026-10-14T05:00,2026-10-14T11:00,602.4,1969.87,standard,tendered,0.073
LD01305,L199,L120,"Phoenix, AZ","Austin, TX",flatbed,building materials,33552,False,2026-10-13T16:00,2026-10-14T00:00,2026-10-14T23:00,2026-10-15T07:00,1024.5,3273.82,standard,tendered,0.027
LD02331,L157,L364,"Dallas, TX","Kansas City, MO",flatbed,lumber,31480,False,2026-10-13T16:00,2026-10-14T00:00,2026-10-14T05:00,2026-10-14T09:00,567.2,1570.31,standard,tendered,0.086
LD02409,L480,L308,"Birmingham, AL","Chicago, IL",flatbed,building materials,24460,False,2026-10-13T16:00,2026-10-13T20:00,2026-10-14T16:00,2026-10-15T00:00,671.6,2169.59,standard,tendered,0.133
LD00126,L300,L395,"Houston, TX","Austin, TX",dry_van,auto parts,41606,False,2026-10-13T16:15,2026-10-14T00:15,2026-10-14T00:15,2026-10-14T12:15,203.4,732.76,standard,tendered,0.067
LD00183,L439,L292,"Oklahoma City, OK","Houston, TX",dry_van,consumer goods,34964,False,2026-10-13T16:15,2026-10-13T22:15,2026-10-14T03:15,2026-10-14T11:15,501.1,1475.54,standard,accepted,0.033
LD00441,L054,L386,"Austin, TX","Oklahoma City, OK",dry_van,retail,39538,False,2026-10-13T16:15,2026-10-13T20:15,2026-10-14T03:15,2026-10-14T07:15,504.4,1546.59,standard,tendered,0.039
LD03193,L459,L247,"Houston, TX","Jacksonville, FL",dry_van,electronics,35720,False,2026-10-13T16:15,2026-10-13T18:15,2026-10-14T22:15,2026-10-15T04:15,959.3,2571.27,standard,tendered,0.039
LD04395,L355,L134,"Houston, TX","Denver, CO",reefer,frozen food,38523,False,2026-10-13T16:15,2026-10-13T20:15,2026-10-15T00:15,2026-10-15T12:15,1097.7,3058.05,standard,tentative,0.015
LD00071,L361,L043,"Little Rock, AR","Chicago, IL",reefer,pharmaceuticals,32739,False,2026-10-13T16:30,2026-10-13T20:30,2026-10-14T16:30,2026-10-14T20:30,663.5,1862.92,standard,tendered,0.034
LD00809,L388,L084,"Louisville, KY","St. Louis, MO",flatbed,building materials,39871,False,2026-10-13T16:30,2026-10-13T20:30,2026-10-13T23:30,2026-10-14T23:30,318.0,1153.81,standard,tendered,0.043
LD00903,L213,L480,"Jacksonville, FL","Birmingham, AL",dry_van,retail,11349,False,2026-10-13T16:30,2026-10-13T20:30,2026-10-14T02:30,2026-10-14T14:30,452.2,1227.52,critical,tendered,0.179
LD02150,L480,L420,"Birmingham, AL","Indianapolis, IN",dry_van,paper products,32589,False,2026-10-13T16:30,2026-10-13T20:30,2026-10-14T03:30,2026-10-14T07:30,502.4,1316.01,standard,tendered,0.07
LD02185,L172,L042,"New Orleans, LA","Chicago, IL",dry_van,auto parts,18718,True,2026-10-13T16:30,2026-10-13T18:30,2026-10-14T22:30,2026-10-15T04:30,954.1,2387.4,standard,tendered,0.07
LD02229,L112,L070,"Columbus, OH","Little Rock, AR",dry_van,paper products,22948,False,2026-10-13T16:30,2026-10-14T00:30,2026-10-14T18:30,2026-10-14T22:30,744.9,1875.4,critical,tentative,0.017
LD02728,L154,L234,"Laredo, TX","Phoenix, AZ",dry_van,electronics,36715,False,2026-10-13T16:30,2026-10-13T22:30,2026-10-14T22:30,2026-10-15T22:30,1006.0,2476.22,standard,tendered,0.007
LD03246,L129,L313,"New Orleans, LA","Miami, FL",reefer,produce,24203,False,2026-10-13T16:30,2026-10-14T00:30,2026-10-14T18:30,2026-10-14T22:30,779.4,2543.22,standard,tendered,0.05
LD03347,L135,L431,"Dallas, TX","Laredo, TX",flatbed,machinery,15209,False,2026-10-13T16:30,2026-10-14T00:30,2026-10-14T03:30,2026-10-15T03:30,480.4,1527.81,standard,tentative,0.092
LD03870,L480,L440,"Birmingham, AL","Memphis, TN",flatbed,lumber,39558,False,2026-10-13T16:30,2026-10-13T22:30,2026-10-13T23:30,2026-10-14T11:30,264.0,889.7,standard,accepted,0.029
LD01881,L453,L249,"Houston, TX","Little Rock, AR",dry_van,retail,24891,False,2026-10-13T16:45,2026-10-13T22:45,2026-10-14T02:45,2026-10-14T14:45,463.3,1458.9,standard,tendered,0.026
LD02510,L175,L182,"Dallas, TX","Denver, CO",dry_van,beverages,31605,False,2026-10-13T16:45,2026-10-13T20:45,2026-10-14T19:45,2026-10-15T03:45,807.3,2173.04,high,accepted,0.08
LD02549,L212,L306,"Austin, TX","Dallas, TX",dry_van,electronics,39557,False,2026-10-13T16:45,2026-10-13T18:45,2026-10-13T23:45,2026-10-14T23:45,239.7,831.82,standard,accepted,0.016
LD04154,L103,L142,"Chicago, IL","Atlanta, GA",dry_van,paper products,35526,False,2026-10-13T16:45,2026-10-14T00:45,2026-10-14T18:45,2026-10-15T18:45,747.6,1746.73,standard,tendered,0.059
LD04175,L375,L254,"Columbus, OH","Chicago, IL",dry_van,auto parts,41438,False,2026-10-13T16:45,2026-10-13T20:45,2026-10-14T00:45,2026-10-14T08:45,327.9,1036.54,standard,accepted,0.068
LD04411,L406,L163,"Oklahoma City, OK","San Antonio, TX",dry_van,electronics,20605,False,2026-10-13T16:45,2026-10-13T20:45,2026-10-14T02:45,2026-10-14T14:45,471.8,1237.95,standard,accepted,0.051
LD04437,L131,L465,"Indianapolis, IN","Kansas City, MO",dry_van,paper products,9746,False,2026-10-13T16:45,2026-10-13T20:45,2026-10-14T04:45,2026-10-14T10:45,525.1,1403.41,standard,tentative,0.024
LD04755,L078,L426,"Louisville, KY","St. Louis, MO",dry_van,beverages,31374,False,2026-10-13T16:45,2026-10-13T20:45,2026-10-14T00:45,2026-10-14T12:45,310.3,1029.74,standard,tendered,0.104
LD04994,L459,L325,"Houston, TX","Indianapolis, IN",dry_van,retail,32157,False,2026-10-13T16:45,2026-10-13T20:45,2026-10-15T00:45,2026-10-15T08:45,1040.3,2737.21,standard,tendered,0.003
LD00495,L483,L299,"St. Louis, MO","Kansas City, MO",dry_van,consumer goods,38066,False,2026-10-13T17:00,2026-10-13T23:00,2026-10-14T00:00,2026-10-14T12:00,267.4,974.47,high,accepted,0.058
LD00586,L453,L213,"Houston, TX","Jacksonville, FL",reefer,produce,14293,False,2026-10-13T17:00,2026-10-13T19:00,2026-10-14T22:00,2026-10-15T02:00,961.6,2518.22,standard,tendered,0.063
LD03626,L452,L229,"Chicago, IL","Denver, CO",dry_van,paper products,37220,False,2026-10-13T17:00,2026-10-13T19:00,2026-10-15T01:00,2026-10-15T09:00,1112.0,2686.27,standard,tendered,0.011
LD03808,L466,L070,"Nashville, TN","Little Rock, AR",dry_van,consumer goods,31202,False,2026-10-13T17:00,2026-10-13T19:00,2026-10-14T04:00,2026-10-15T04:00,410.3,1140.55,standard,accepted,0.037
LD04738,L425,L188,"Houston, TX","Phoenix, AZ",dry_van,retail,16149,False,2026-10-13T17:00,2026-10-14T01:00,2026-10-15T03:00,2026-10-15T15:00,1160.8,2588.19,standard,accepted,0.06
LD04863,L283,L423,"Newark, NJ","St. Louis, MO",reefer,produce,35064,False,2026-10-13T17:00,2026-10-13T21:00,2026-10-15T01:00,2026-10-15T05:00,1029.9,3135.94,standard,accepted,0.006
LD00825,L242,L226,"Little Rock, AR","Columbus, OH",flatbed,machinery,35546,False,2026-10-13T17:15,2026-10-14T01:15,2026-10-14T20:15,2026-10-15T02:15,780.5,2312.07,standard,accepted,0.043
LD02182,L280,L227,"Kansas City, MO","Charlotte, NC",dry_van,electronics,33420,False,2026-10-13T17:15,2026-10-13T21:15,2026-10-15T00:15,2026-10-15T08:15,939.4,2269.75,standard,tendered,0.015
LD02268,L183,L283,"Louisville, KY","Newark, NJ",dry_van,auto parts,14351,False,2026-10-13T17:15,2026-10-14T01:15,2026-10-14T19:15,2026-10-15T03:15,747.9,1935.49,standard,accepted,0.059
LD02860,L241,L142,"Indianapolis, IN","Atlanta, GA",flatbed,building materials,31721,False,2026-10-13T17:30,2026-10-13T19:30,2026-10-14T06:30,2026-10-14T10:30,505.9,1437.79,standard,accepted,0.056
LD03794,L085,L330,"Minneapolis, MN","Kansas City, MO",dry_van,auto parts,26883,False,2026-10-13T17:30,2026-10-13T21:30,2026-10-14T04:30,2026-10-14T16:30,501.5,1509.41,standard,tendered,0.036
LD03895,L439,L061,"Oklahoma City, OK","Charlotte, NC",reefer,frozen food,21799,False,2026-10-13T17:30,2026-10-13T21:30,2026-10-15T02:30,2026-10-15T14:30,1144.1,3134.36,standard,tendered,0.043
LD04456,L139,L388,"Jacksonville, FL","Louisville, KY",dry_van,paper products,30117,False,2026-10-13T17:30,2026-10-14T01:30,2026-10-14T18:30,2026-10-14T22:30,728.0,1711.7,standard,tendered,0.048
LD04457,L425,L474,"Houston, TX","Chicago, IL",reefer,pharmaceuticals,33119,False,2026-10-13T17:30,2026-10-13T19:30,2026-10-15T03:30,2026-10-15T09:30,1166.8,3237.02,standard,tendered,0.084
LD00534,L135,L204,"Dallas, TX","Kansas City, MO",dry_van,paper products,17794,False,2026-10-13T17:45,2026-10-13T19:45,2026-10-14T05:45,2026-10-14T17:45,549.4,1560.51,standard,accepted,0.05
LD01648,L175,L429,"Dallas, TX","Chicago, IL",dry_van,auto parts,34258,False,2026-10-13T17:45,2026-10-14T01:45,2026-10-14T23:45,2026-10-15T07:45,967.8,2640.16,high,tendered,0.026
LD02895,L086,L056,"Memphis, TN","Minneapolis, MN",reefer,produce,39711,False,2026-10-13T17:45,2026-10-13T19:45,2026-10-14T20:45,2026-10-15T20:45,840.4,2427.57,standard,tendered,0.099
LD02973,L155,L436,"Los Angeles, CA","Minneapolis, MN",reefer,frozen food,32812,False,2026-10-13T17:45,2026-10-13T23:45,2026-10-15T23:45,2026-10-16T03:45,1782.5,4899.47,high,accepted,0.165
LD00120,L377,L429,"Phoenix, AZ","Chicago, IL",reefer,produce,39347,False,2026-10-13T18:00,2026-10-13T20:00,2026-10-16T01:00,2026-10-17T01:00,1740.4,6014.0,standard,tendered,0.11
LD00984,L208,L083,"Oklahoma City, OK","Indianapolis, IN",dry_van,electronics,30013,False,2026-10-13T18:00,2026-10-13T20:00,2026-10-14T21:00,2026-10-15T21:00,836.3,2305.47,standard,accepted,0.007
LD02345,L154,L110,"Laredo, TX","Dallas, TX",dry_van,beverages,28108,False,2026-10-13T18:00,2026-10-13T20:00,2026-10-14T05:00,2026-10-15T05:00,495.4,1541.8,high,tendered,0.022
LD02937,L453,L044,"Houston, TX","Dallas, TX",dry_van,retail,35110,True,2026-10-13T18:00,2026-10-13T20:00,2026-10-14T01:00,2026-10-14T09:00,280.4,866.08,critical,tendered,0.004
LD02967,L262,L330,"Minneapolis, MN","Kansas City, MO",dry_van,retail,35410,False,2026-10-13T18:00,2026-10-14T02:00,2026-10-14T05:00,2026-10-14T11:00,499.2,1324.22,standard,tendered,0.059
LD00430,L466,L220,"Nashville, TN","Chicago, IL",dry_van,beverages,29156,False,2026-10-13T18:15,2026-10-13T20:15,2026-10-14T06:15,2026-10-14T18:15,491.5,1252.54,standard,tendered,0.032
LD03591,L459,L264,"Houston, TX","Birmingham, AL",flatbed,lumber,26691,False,2026-10-13T18:15,2026-10-14T02:15,2026-10-14T19:15,2026-10-15T03:15,649.0,2039.73,standard,accepted,0.043
LD00351,L281,L311,"Dallas, TX","Los Angeles, CA",flatbed,steel,28395,False,2026-10-13T18:30,2026-10-14T00:30,2026-10-15T19:30,2026-10-16T01:30,1496.8,3509.56,standard,tentative,0.062
LD01049,L281,L130,"Dallas, TX","Memphis, TN",dry_van,consumer goods,29757,False,2026-10-13T18:30,2026-10-13T20:30,2026-10-14T05:30,2026-10-14T17:30,525.5,1479.12,critical,tentative,0.035
LD02622,L113,L078,"Orlando, FL","Louisville, KY",dry_van,paper products,25727,False,2026-10-13T18:30,2026-10-14T00:30,2026-10-14T21:30,2026-10-15T03:30,843.1,2403.08,standard,tendered,0.093
LD02773,L073,L231,"Laredo, TX","El Paso, TX",dry_van,beverages,36042,True,2026-10-13T18:30,2026-10-13T20:30,2026-10-14T19:30,2026-10-15T19:30,626.1,1757.75,standard,tendered,0.149
LD04053,L073,L161,"Laredo, TX","Nashville, TN",dry_van,auto parts,19353,False,2026-10-13T18:30,2026-10-13T22:30,2026-10-15T05:30,2026-10-15T13:30,1166.7,2877.73,standard,tentative,0.121
LD04066,L305,L130,"Los Angeles, CA","Memphis, TN",dry_van,retail,17726,False,2026-10-13T18:30,2026-10-14T00:30,2026-10-16T13:30,2026-10-16T17:30,1921.6,4881.05,standard,tentative,0.129
LD04163,L274,L463,"St. Louis, MO","Indianapolis, IN",dry_van,electronics,32551,False,2026-10-13T18:30,2026-10-13T20:30,2026-10-14T01:30,2026-10-15T01:30,269.0,955.25,standard,tentative,0.033
LD04610,L438,L392,"Dallas, TX","Detroit, MI",reefer,frozen food,33955,False,2026-10-13T18:30,2026-10-13T22:30,2026-10-15T04:30,2026-10-15T12:30,1193.7,3384.7,standard,tentative,0.05
LD00584,L183,L432,"Louisville, KY","Miami, FL",dry_van,consumer goods,14612,False,2026-10-13T18:45,2026-10-14T00:45,2026-10-15T03:45,2026-10-15T09:45,1127.6,2616.74,standard,accepted,0.004
LD01171,L483,L342,"St. Louis, MO","Chicago, IL",dry_van,consumer goods,33656,False,2026-10-13T18:45,2026-10-14T00:45,2026-10-14T02:45,2026-10-15T02:45,322.0,1017.76,standard,accepted,0.102
LD01853,L491,L424,"Minneapolis, MN","Austin, TX",dry_van,beverages,44668,False,2026-10-13T18:45,2026-10-13T22:45,2026-10-15T15:45,2026-10-16T15:45,1301.7,3016.05,standard,accepted,0.038
LD02656,L459,L063,"Houston, TX","San Antonio, TX",dry_van,consumer goods,26609,False,2026-10-13T18:45,2026-10-14T02:45,2026-10-14T02:45,2026-10-14T10:45,260.4,831.33,standard,tendered,0.06
LD02817,L321,L349,"Miami, FL","Charlotte, NC",dry_van,paper products,32042,False,2026-10-13T18:45,2026-10-14T02:45,2026-10-14T19:45,2026-10-15T03:45,750.4,2128.21,standard,tentative,0.038
LD03491,L265,L296,"Harrisburg, PA","Louisville, KY",flatbed,building materials,19473,False,2026-10-13T18:45,2026-10-14T00:45,2026-10-14T17:45,2026-10-15T05:45,627.9,1950.72,standard,tendered,0.096
LD04634,L343,L249,"Louisville, KY","Little Rock, AR",reefer,meat,13296,False,2026-10-13T18:45,2026-10-14T00:45,2026-10-14T08:45,2026-10-14T16:45,539.2,1672.17,standard,tendered,0.139
LD00339,L337,L047,"Laredo, TX","El Paso, TX",dry_van,retail,36515,False,2026-10-13T19:00,2026-10-13T23:00,2026-10-14T20:00,2026-10-15T00:00,608.4,1514.1,standard,tendered,0.199
LD03132,L453,L466,"Houston, TX","Nashville, TN",dry_van,electronics,41291,False,2026-10-13T19:00,2026-10-14T01:00,2026-10-14T21:00,2026-10-15T03:00,791.8,1934.49,standard,accepted,0.122
LD03576,L224,L124,"Columbus, OH","Detroit, MI",dry_van,beverages,28314,False,2026-10-13T19:00,2026-10-13T23:00,2026-10-14T02:00,2026-10-14T10:00,214.8,766.05,standard,accepted,0.065
LD00930,L483,L109,"St. Louis, MO","Dallas, TX",dry_van,consumer goods,28282,False,2026-10-13T19:15,2026-10-14T01:15,2026-10-14T18:15,2026-10-15T18:15,627.2,1865.43,standard,tendered,0.019
LD00708,L054,L125,"Austin, TX","Dallas, TX",reefer,pharmaceuticals,30235,False,2026-10-13T19:45,2026-10-14T01:45,2026-10-14T01:45,2026-10-14T07:45,276.6,1138.02,standard,accepted,0.012
LD03747,L131,L491,"Indianapolis, IN","Minneapolis, MN",dry_van,consumer goods,26942,False,2026-10-13T19:45,2026-10-14T03:45,2026-10-14T19:45,2026-10-15T19:45,616.2,1596.64,high,accepted,0.083
LD04419,L372,L128,"Dallas, TX","Miami, FL",dry_van,paper products,40374,False,2026-10-13T19:45,2026-10-14T01:45,2026-10-15T17:45,2026-10-16T05:45,1299.0,3347.72,standard,accepted,0.011
LD00356,L145,L205,"Newark, NJ","Oklahoma City, OK",reefer,dairy,24505,False,2026-10-13T20:00,2026-10-14T00:00,2026-10-15T23:00,2026-10-16T11:00,1606.1,4760.51,standard,tendered,0.03
LD03990,L045,L388,"Oklahoma City, OK","Louisville, KY",flatbed,steel,26962,False,2026-10-13T20:15,2026-10-14T04:15,2026-10-15T01:15,2026-10-15T05:15,831.8,2103.14,standard,tendered,0.005
LD01838,L274,L167,"St. Louis, MO","Little Rock, AR",dry_van,paper products,30913,False,2026-10-13T20:30,2026-10-13T22:30,2026-10-14T04:30,2026-10-14T12:30,330.5,1086.77,high,tendered,0.025
LD02645,L453,L441,"Houston, TX","Columbus, OH",flatbed,steel,23717,False,2026-10-13T20:30,2026-10-14T02:30,2026-10-15T05:30,2026-10-16T05:30,1178.9,3002.6,standard,accepted,0.079
LD00201,L227,L216,"Charlotte, NC","San Antonio, TX",flatbed,steel,43223,False,2026-10-14T00:00,2026-10-14T02:00,2026-10-15T23:00,2026-10-16T03:00,1306.3,3711.49,standard,tentative,0.111
LD01397,L344,L231,"Laredo, TX","El Paso, TX",reefer,meat,28328,False,2026-10-14T00:00,2026-10-14T02:00,2026-10-14T13:00,2026-10-14T17:00,581.0,1685.94,standard,accepted,0.03
LD03100,L049,L129,"Memphis, TN","New Orleans, LA",dry_van,electronics,32913,False,2026-10-14T00:00,2026-10-14T06:00,2026-10-14T11:00,2026-10-14T17:00,449.1,1346.87,high,tentative,0.089
LD03582,L485,L121,"Nashville, TN","Dallas, TX",dry_van,retail,26880,False,2026-10-14T00:00,2026-10-14T04:00,2026-10-15T02:00,2026-10-15T10:00,723.8,1856.92,standard,tendered,0.045
LD03658,L079,L061,"Indianapolis, IN","Charlotte, NC",dry_van,electronics,25475,False,2026-10-14T00:00,2026-10-14T04:00,2026-10-14T12:00,2026-10-15T00:00,556.8,1449.39,standard,tendered,0.164
LD04173,L456,L176,"Memphis, TN","Denver, CO",dry_van,beverages,22914,False,2026-10-14T00:00,2026-10-14T06:00,2026-10-15T09:00,2026-10-15T15:00,1030.3,2333.23,standard,accepted,0.062
LD00055,L061,L245,"Charlotte, NC","Nashville, TN",dry_van,electronics,38512,False,2026-10-14T00:15,2026-10-14T04:15,2026-10-14T10:15,2026-10-14T18:15,441.7,1258.48,standard,accepted,0.115
LD01531,L423,L099,"St. Louis, MO","Dallas, TX",dry_van,paper products,36717,False,2026-10-14T00:30,2026-10-14T04:30,2026-10-15T00:30,2026-10-15T04:30,646.9,1883.46,high,tendered,0.041
LD04184,L170,L481,"San Antonio, TX","Little Rock, AR",dry_van,electronics,23709,False,2026-10-14T00:45,2026-10-14T04:45,2026-10-15T01:45,2026-10-15T05:45,627.0,1554.35,standard,accepted,0.05
LD02257,L344,L272,"Laredo, TX","Nashville, TN",dry_van,beverages,31165,False,2026-10-14T01:00,2026-10-14T03:00,2026-10-15T10:00,2026-10-15T16:00,1125.8,2708.6,standard,accepted,0.008
LD04584,L302,L190,"Phoenix, AZ","Oklahoma City, OK",reefer,meat,24443,False,2026-10-14T01:00,2026-10-14T07:00,2026-10-15T07:00,2026-10-16T07:00,1000.1,3531.63,standard,accepted,0.051
LD00636,L478,L190,"Little Rock, AR","Oklahoma City, OK",dry_van,consumer goods,39438,False,2026-10-14T01:15,2026-10-14T09:15,2026-10-14T10:15,2026-10-14T16:15,381.3,1106.28,high,tentative,0.158
LD01114,L368,L383,"Oklahoma City, OK","Charlotte, NC",dry_van,consumer goods,35524,False,2026-10-14T01:15,2026-10-14T09:15,2026-10-15T12:15,2026-10-15T18:15,1149.3,2683.77,standard,accepted,0.025
LD02782,L227,L231,"Charlotte, NC","El Paso, TX",dry_van,retail,10761,False,2026-10-14T01:15,2026-10-14T03:15,2026-10-16T08:15,2026-10-16T20:15,1758.3,3670.26,standard,accepted,0.053
LD00739,L271,L109,"Austin, TX","Dallas, TX",dry_van,auto parts,32984,False,2026-10-14T01:30,2026-10-14T03:30,2026-10-14T09:30,2026-10-14T13:30,248.7,786.54,standard,tendered,0.126
LD00497,L113,L419,"Orlando, FL","Charlotte, NC",dry_van,electronics,34377,False,2026-10-14T01:45,2026-10-14T05:45,2026-10-14T13:45,2026-10-14T17:45,551.3,1743.64,standard,accepted,0.004
LD00841,L378,L349,"Kansas City, MO","Charlotte, NC",dry_van,beverages,36246,False,2026-10-14T01:45,2026-10-14T05:45,2026-10-15T06:45,2026-10-15T10:45,978.9,2349.92,high,accepted,0.051
LD03865,L450,L482,"Indianapolis, IN","Orlando, FL",dry_van,electronics,24407,False,2026-10-14T01:45,2026-10-14T07:45,2026-10-15T08:45,2026-10-15T12:45,985.4,2457.44,standard,tendered,0.012
LD03884,L062,L198,"Laredo, TX","Minneapolis, MN",dry_van,retail,43107,False,2026-10-14T01:45,2026-10-14T09:45,2026-10-16T04:45,2026-10-16T12:45,1506.4,3511.16,standard,tentative,0.177
LD00365,L485,L494,"Nashville, TN","Dallas, TX",reefer,dairy,26576,False,2026-10-14T02:00,2026-10-14T06:00,2026-10-15T04:00,2026-10-15T16:00,720.7,2352.73,standard,tendered,0.05
LD00540,L097,L286,"Denver, CO","Detroit, MI",dry_van,electronics,17257,False,2026-10-14T02:00,2026-10-14T06:00,2026-10-16T02:00,2026-10-16T10:00,1363.0,3489.59,standard,accepted,0.1
LD04353,L361,L365,"Little Rock, AR","Birmingham, AL",dry_van,electronics,21652,False,2026-10-14T02:00,2026-10-14T10:00,2026-10-14T11:00,2026-10-14T17:00,383.7,1191.63,standard,accepted,0.043
LD04573,L274,L044,"St. Louis, MO","Dallas, TX",dry_van,auto parts,16340,False,2026-10-14T02:15,2026-10-14T04:15,2026-10-15T03:15,2026-10-15T09:15,676.7,1801.46,standard,tendered,0.023
LD04901,L411,L108,"Austin, TX","Houston, TX",dry_van,consumer goods,23410,False,2026-10-14T02:15,2026-10-14T06:15,2026-10-14T08:15,2026-10-15T08:15,195.3,707.22,standard,accepted,0.082
LD04960,L302,L497,"Phoenix, AZ","Memphis, TN",dry_van,paper products,33852,False,2026-10-14T02:15,2026-10-14T04:15,2026-10-16T04:15,2026-10-16T10:15,1537.6,3930.54,standard,tentative,0.098
LD02154,L067,L413,"Houston, TX","Kansas City, MO",dry_van,retail,37034,False,2026-10-14T02:30,2026-10-14T04:30,2026-10-15T05:30,2026-10-15T09:30,758.5,1963.15,standard,tendered,0.008
LD04329,L361,L068,"Little Rock, AR","San Antonio, TX",dry_van,consumer goods,35087,False,2026-10-14T02:30,2026-10-14T08:30,2026-10-15T01:30,2026-10-16T01:30,610.4,1762.44,standard,tendered,0.069
LD01780,L414,L128,"Memphis, TN","Miami, FL",dry_van,retail,35664,False,2026-10-14T02:45,2026-10-14T08:45,2026-10-15T09:45,2026-10-15T15:45,1026.8,2704.18,standard,accepted,0.012
LD02307,L438,L183,"Dallas, TX","Louisville, KY",dry_van,retail,22327,False,2026-10-14T02:45,2026-10-14T10:45,2026-10-15T06:45,2026-10-15T18:45,877.2,2018.17,critical,accepted,0.014
LD02375,L139,L288,"Jacksonville, FL","Miami, FL",reefer,dairy,15747,False,2026-10-14T02:45,2026-10-14T04:45,2026-10-14T11:45,2026-10-14T19:45,377.7,1417.33,standard,tentative,0.131
LD03910,L343,L146,"Louisville, KY","Detroit, MI",dry_van,paper products,26961,False,2026-10-14T02:45,2026-10-14T06:45,2026-10-14T12:45,2026-10-14T18:45,324.3,1059.88,standard,accepted,0.014
LD01892,L359,L052,"Orlando, FL","Atlanta, GA",dry_van,auto parts,34573,False,2026-10-14T03:00,2026-10-14T05:00,2026-10-14T14:00,2026-10-14T18:00,486.6,1432.25,standard,accepted,0.046
LD02424,L045,L414,"Oklahoma City, OK","Memphis, TN",dry_van,consumer goods,35017,False,2026-10-14T03:00,2026-10-14T05:00,2026-10-14T16:00,2026-10-15T04:00,521.0,1494.72,standard,tentative,0.063
LD03816,L145,L044,"Newark, NJ","Dallas, TX",dry_van,consumer goods,21282,False,2026-10-14T03:00,2026-10-14T09:00,2026-10-16T07:00,2026-10-16T15:00,1687.1,4157.7,standard,tendered,0.031
LD01493,L049,L134,"Memphis, TN","Denver, CO",reefer,produce,35291,False,2026-10-14T03:15,2026-10-14T11:15,2026-10-15T11:15,2026-10-15T15:15,1091.1,3445.84,high,tendered,0.016
LD02838,L423,L147,"St. Louis, MO","Columbus, OH",dry_van,beverages,37398,False,2026-10-14T03:15,2026-10-14T09:15,2026-10-14T14:15,2026-10-15T02:15,471.5,1489.26,high,tendered,0.038
LD03454,L271,L133,"Austin, TX","Dallas, TX",reefer,pharmaceuticals,40180,False,2026-10-14T03:15,2026-10-14T09:15,2026-10-14T10:15,2026-10-14T18:15,234.0,976.13,standard,tendered,0.157
LD04262,L405,L142,"St. Louis, MO","Atlanta, GA",dry_van,retail,30484,False,2026-10-14T03:15,2026-10-14T07:15,2026-10-14T16:15,2026-10-15T16:15,576.8,1663.07,standard,tendered,0.054
LD04397,L438,L310,"Dallas, TX","El Paso, TX",dry_van,auto parts,24534,False,2026-10-14T03:15,2026-10-14T09:15,2026-10-15T04:15,2026-10-15T10:15,710.9,1680.02,standard,tendered,0.016
LD01673,L271,L154,"Austin, TX","Laredo, TX",dry_van,paper products,42635,True,2026-10-14T03:30,2026-10-14T07:30,2026-10-14T11:30,2026-10-14T19:30,245.7,886.89,standard,accepted,0.072
LD04948,L337,L275,"Laredo, TX","Atlanta, GA",dry_van,beverages,40582,False,2026-10-14T03:30,2026-10-14T11:30,2026-10-15T15:30,2026-10-15T23:30,1196.6,2972.17,standard,accepted,0.053
LD01925,L352,L055,"Chicago, IL","Louisville, KY",dry_van,paper products,23546,False,2026-10-14T03:45,2026-10-14T05:45,2026-10-14T11:45,2026-10-14T23:45,274.7,950.8,standard,tendered,0.042
LD02473,L438,L432,"Dallas, TX","Miami, FL",dry_van,auto parts,32510,False,2026-10-14T03:45,2026-10-14T09:45,2026-10-16T00:45,2026-10-16T04:45,1273.7,2918.29,high,tentative,0.003
LD00033,L061,L490,"Charlotte, NC","Phoenix, AZ",dry_van,retail,18604,False,2026-10-14T04:00,2026-10-14T12:00,2026-10-17T03:00,2026-10-17T09:00,2152.7,4351.05,standard,tendered,0.018
LD00072,L079,L328,"Indianapolis, IN","Austin, TX",dry_van,paper products,36513,False,2026-10-14T04:00,2026-10-14T06:00,2026-10-15T12:00,2026-10-15T18:00,1116.1,2869.91,standard,tendered,0.006
LD01103,L343,L494,"Louisville, KY","Dallas, TX",reefer,meat,35651,False,2026-10-14T04:00,2026-10-14T12:00,2026-10-15T10:00,2026-10-15T22:00,868.8,2325.18,high,tendered,0.039
LD01133,L241,L339,"Indianapolis, IN","Denver, CO",dry_van,retail,40860,False,2026-10-14T04:00,2026-10-14T06:00,2026-10-15T16:00,2026-10-16T16:00,1190.1,2858.76,standard,tendered,0.087
LD03806,L375,L432,"Columbus, OH","Miami, FL",dry_van,paper products,32678,False,2026-10-14T04:00,2026-10-14T08:00,2026-10-15T14:00,2026-10-15T20:00,1208.6,2593.54,high,tendered,0.119
LD00457,L368,L485,"Oklahoma City, OK","Nashville, TN",reefer,meat,26310,False,2026-10-14T04:15,2026-10-14T08:15,2026-10-15T07:15,2026-10-15T19:15,741.2,2288.65,high,tendered,0.094
LD02900,L352,L264,"Chicago, IL","Birmingham, AL",dry_van,paper products,38416,False,2026-10-14T04:15,2026-10-14T08:15,2026-10-15T05:15,2026-10-16T05:15,674.7,1610.95,standard,accepted,0.099
LD03360,L049,L238,"Memphis, TN","Los Angeles, CA",dry_van,retail,37318,False,2026-10-14T04:15,2026-10-14T06:15,2026-10-16T23:15,2026-10-17T05:15,1917.8,4078.31,standard,accepted,0.088
LD03709,L483,L087,"St. Louis, MO","Jacksonville, FL",dry_van,electronics,22846,False,2026-10-14T04:15,2026-10-14T06:15,2026-10-15T09:15,2026-10-16T09:15,928.7,2182.47,standard,tendered,0.064
LD02560,L485,L051,"Nashville, TN","Indianapolis, IN",dry_van,electronics,38017,False,2026-10-14T04:30,2026-10-14T06:30,2026-10-14T12:30,2026-10-14T20:30,274.6,916.14,standard,accepted,0.012
LD02562,L259,L167,"Minneapolis, MN","Little Rock, AR",dry_van,consumer goods,35515,False,2026-10-14T04:30,2026-10-14T08:30,2026-10-15T07:30,2026-10-15T11:30,835.0,2158.37,standard,tendered,0.145
LD02957,L046,L370,"Louisville, KY","Orlando, FL",dry_van,retail,28369,False,2026-10-14T04:30,2026-10-14T10:30,2026-10-15T09:30,2026-10-15T17:30,863.3,2158.23,standard,accepted,0.066
LD04999,L342,L068,"Chicago, IL","San Antonio, TX",dry_van,paper products,22533,False,2026-10-14T04:30,2026-10-14T10:30,2026-10-16T00:30,2026-10-16T08:30,1243.6,3003.48,standard,accepted,0.025
LD01382,L344,L499,"Laredo, TX","Dallas, TX",dry_van,retail,35656,False,2026-10-14T04:45,2026-10-14T06:45,2026-10-14T15:45,2026-10-15T15:45,477.8,1320.65,standard,accepted,0.057
LD04802,L062,L218,"Laredo, TX","Oklahoma City, OK",dry_van,retail,36415,False,2026-10-14T04:45,2026-10-14T10:45,2026-10-15T05:45,2026-10-16T05:45,657.8,1931.64,standard,accepted,0.048
LD00031,L319,L228,"Chicago, IL","Houston, TX",dry_van,retail,23468,False,2026-10-14T05:00,2026-10-14T11:00,2026-10-15T14:00,2026-10-15T20:00,1151.9,2958.16,standard,accepted,0.015
LD00428,L337,L243,"Laredo, TX","Kansas City, MO",dry_van,electronics,39696,False,2026-10-14T05:00,2026-10-14T09:00,2026-10-15T14:00,2026-10-15T20:00,1037.7,2756.2,standard,accepted,0.072
LD01242,L456,L075,"Memphis, TN","Chicago, IL",reefer,frozen food,35909,False,2026-10-14T05:00,2026-10-14T07:00,2026-10-14T20:00,2026-10-15T02:00,574.2,1770.02,standard,accepted,0.027
LD01395,L424,L182,"Austin, TX","Denver, CO",flatbed,building materials,38070,False,2026-10-14T05:00,2026-10-14T13:00,2026-10-15T10:00,2026-10-15T14:00,962.1,2707.79,high,tentative,0.031
LD01746,L483,L205,"St. Louis, MO","Oklahoma City, OK",dry_van,paper products,31176,False,2026-10-14T05:00,2026-10-14T09:00,2026-10-14T16:00,2026-10-14T22:00,523.0,1344.43,standard,accepted,0.075
LD02784,L343,L257,"Louisville, KY","Columbus, OH",dry_van,retail,36694,False,2026-10-14T05:00,2026-10-14T07:00,2026-10-14T13:00,2026-10-15T01:00,203.5,683.92,standard,tendered,0.044
LD03765,L283,L066,"Newark, NJ","Chicago, IL",dry_van,auto parts,23880,False,2026-10-14T05:00,2026-10-14T11:00,2026-10-15T09:00,2026-10-16T09:00,840.3,2156.99,standard,accepted,0.002
LD00503,L104,L178,"Nashville, TN","Los Angeles, CA",dry_van,consumer goods,38942,False,2026-10-14T05:15,2026-10-14T07:15,2026-10-17T04:15,2026-10-17T10:15,2109.9,4534.06,high,tentative,0.037
LD00832,L485,L123,"Nashville, TN","Los Angeles, CA",dry_van,retail,26965,False,2026-10-14T05:15,2026-10-14T11:15,2026-10-17T05:15,2026-10-17T13:15,2150.2,4908.04,standard,tendered,0.061
LD02269,L456,L354,"Memphis, TN","San Antonio, TX",dry_van,beverages,33373,False,2026-10-14T05:15,2026-10-14T09:15,2026-10-15T09:15,2026-10-15T21:15,761.3,1963.48,standard,tendered,0.106
LD02819,L337,L445,"Laredo, TX","Los Angeles, CA",flatbed,lumber,25443,False,2026-10-14T05:15,2026-10-14T07:15,2026-10-16T07:15,2026-10-16T11:15,1436.6,3406.57,critical,accepted,0.014
LD03776,L154,L105,"Laredo, TX","Kansas City, MO",dry_van,paper products,37058,False,2026-10-14T05:15,2026-10-14T07:15,2026-10-15T11:15,2026-10-15T19:15,1002.6,2538.78,standard,tendered,0.184
LD04100,L376,L069,"Chicago, IL","Los Angeles, CA",dry_van,paper products,28444,False,2026-10-14T05:15,2026-10-14T13:15,2026-10-17T04:15,2026-10-17T16:15,2095.4,4542.19,standard,tendered,0.019
LD04368,L104,L140,"Nashville, TN","Kansas City, MO",dry_van,paper products,41230,False,2026-10-14T05:15,2026-10-14T07:15,2026-10-14T18:15,2026-10-15T18:15,560.8,1609.1,critical,accepted,0.013
LD04693,L382,L099,"Memphis, TN","Dallas, TX",dry_van,paper products,28148,False,2026-10-14T05:15,2026-10-14T09:15,2026-10-14T17:15,2026-10-14T23:15,519.5,1410.23,standard,tendered,0.135
LD04886,L378,L247,"Kansas City, MO","Jacksonville, FL",dry_van,electronics,36534,False,2026-10-14T05:15,2026-10-14T07:15,2026-10-15T13:15,2026-10-15T19:15,1126.6,2513.99,standard,tendered,0.13
LD01506,L145,L342,"Newark, NJ","Chicago, IL",dry_van,paper products,22206,False,2026-10-14T05:30,2026-10-14T09:30,2026-10-15T09:30,2026-10-15T17:30,872.5,2225.4,standard,tendered,0.106
LD03054,L382,L350,"Memphis, TN","Dallas, TX",dry_van,beverages,33520,False,2026-10-14T05:30,2026-10-14T07:30,2026-10-14T17:30,2026-10-15T17:30,500.5,1486.75,standard,tendered,0.191
LD03450,L437,L311,"Laredo, TX","Los Angeles, CA",dry_van,consumer goods,18977,False,2026-10-14T05:30,2026-10-14T11:30,2026-10-16T08:30,2026-10-17T08:30,1504.9,3156.13,standard,tendered,0.031
LD04698,L319,L370,"Chicago, IL","Orlando, FL",dry_van,consumer goods,16711,True,2026-10-14T05:30,2026-10-14T07:30,2026-10-15T15:30,2026-10-15T21:30,1196.4,3005.77,standard,accepted,0.033
LD03838,L290,L463,"New Orleans, LA","Indianapolis, IN",reefer,frozen food,33289,False,2026-10-14T05:45,2026-10-14T07:45,2026-10-15T09:45,2026-10-15T13:45,860.8,2604.35,standard,tentative,0.039
LD04340,L376,L434,"Chicago, IL","Jacksonville, FL",dry_van,retail,42153,False,2026-10-14T05:45,2026-10-14T11:45,2026-10-15T13:45,2026-10-16T13:45,1044.7,2527.64,standard,tendered,0.016
LD00184,L449,L187,"Indianapolis, IN","Oklahoma City, OK",dry_van,beverages,39255,False,2026-10-14T06:00,2026-10-14T08:00,2026-10-15T09:00,2026-10-16T09:00,809.2,1873.09,standard,tentative,0.012
LD00406,L080,L195,"Denver, CO","Little Rock, AR",reefer,meat,30211,False,2026-10-14T06:00,2026-10-14T08:00,2026-10-15T11:00,2026-10-15T23:00,948.0,2926.39,standard,tendered,0.024
LD01068,L200,L264,"Miami, FL","Birmingham, AL",dry_van,consumer goods,29303,False,2026-10-14T06:00,2026-10-14T08:00,2026-10-15T09:00,2026-10-15T17:00,823.9,2424.11,standard,tendered,0.036
LD01219,L496,L078,"Jacksonville, FL","Louisville, KY",dry_van,auto parts,42393,False,2026-10-14T06:00,2026-10-14T08:00,2026-10-15T06:00,2026-10-16T06:00,684.8,1850.7,standard,tendered,0.072
LD02168,L259,L233,"Minneapolis, MN","Miami, FL",flatbed,steel,22511,False,2026-10-14T06:00,2026-10-14T08:00,2026-10-16T23:00,2026-10-17T03:00,1832.6,4470.87,standard,tentative,0.031
LD03258,L129,L328,"New Orleans, LA","Austin, TX",dry_van,retail,33364,False,2026-10-14T06:00,2026-10-14T14:00,2026-10-14T19:00,2026-10-15T19:00,596.4,1582.84,standard,tendered,0.027
LD03981,L424,L398,"Austin, TX","Jacksonville, FL",reefer,frozen food,33363,False,2026-10-14T06:00,2026-10-14T08:00,2026-10-15T16:00,2026-10-16T16:00,1194.2,3204.99,high,tentative,0.049
LD04084,L290,L167,"New Orleans, LA","Little Rock, AR",dry_van,consumer goods,15941,False,2026-10-14T06:00,2026-10-14T08:00,2026-10-14T17:00,2026-10-14T21:00,490.3,1505.46,standard,tendered,0.027
LD04699,L380,L214,"Birmingham, AL","Newark, NJ",reefer,dairy,17061,False,2026-10-14T06:00,2026-10-14T08:00,2026-10-15T14:00,2026-10-15T18:00,1039.2,3017.29,standard,tentative,0.089
LD04859,L092,L188,"Chicago, IL","Phoenix, AZ",dry_van,paper products,10092,False,2026-10-14T06:00,2026-10-14T10:00,2026-10-16T11:00,2026-10-16T15:00,1727.1,4215.92,standard,accepted,0.035
LD00451,L219,L150,"Nashville, TN","Columbus, OH",reefer,produce,29222,False,2026-10-14T06:15,2026-10-14T14:15,2026-10-14T16:15,2026-10-14T20:15,393.5,1403.01,standard,tendered,0.005
LD01462,L334,L182,"Chicago, IL","Denver, CO",dry_van,paper products,29121,False,2026-10-14T06:15,2026-10-14T10:15,2026-10-15T15:15,2026-10-16T15:15,1113.6,2895.61,standard,tendered,0.048
LD02383,L141,L294,"Oklahoma City, OK","Los Angeles, CA",reefer,dairy,32582,False,2026-10-14T06:15,2026-10-14T10:15,2026-10-16T07:15,2026-10-16T15:15,1400.8,3866.18,high,accepted,0.031
LD02828,L050,L177,"Atlanta, GA","Dallas, TX",dry_van,beverages,33832,False,2026-10-14T06:15,2026-10-14T08:15,2026-10-15T10:15,2026-10-15T16:15,881.9,2160.85,standard,accepted,0.302
LD03059,L452,L053,"Chicago, IL","Dallas, TX",dry_van,electronics,37751,False,2026-10-14T06:15,2026-10-14T14:15,2026-10-15T12:15,2026-10-16T12:15,1000.8,2522.24,standard,accepted,0.037
LD03300,L092,L485,"Chicago, IL","Nashville, TN",reefer,pharmaceuticals,17848,False,2026-10-14T06:15,2026-10-14T14:15,2026-10-14T16:15,2026-10-15T00:15,464.3,1485.22,high,tendered,0.052
LD03825,L348,L490,"Los Angeles, CA","Phoenix, AZ",dry_van,consumer goods,31073,False,2026-10-14T06:15,2026-10-14T12:15,2026-10-14T16:15,2026-10-15T16:15,433.3,1245.88,standard,accepted,0.034
LD03945,L188,L108,"Phoenix, AZ","Houston, TX",reefer,dairy,24460,False,2026-10-14T06:15,2026-10-14T08:15,2026-10-15T15:15,2026-10-15T21:15,1188.8,3787.91,high,tendered,0.01
LD03973,L173,L207,"Atlanta, GA","Birmingham, AL",dry_van,retail,30959,False,2026-10-14T06:15,2026-10-14T10:15,2026-10-14T11:15,2026-10-14T23:15,142.7,582.2,high,tendered,0.025
LD04237,L262,L339,"Minneapolis, MN","Denver, CO",dry_van,beverages,38543,False,2026-10-14T06:15,2026-10-14T08:15,2026-10-15T09:15,2026-10-15T21:15,826.0,1912.66,standard,tendered,0.117
LD04507,L053,L047,"Dallas, TX","El Paso, TX",dry_van,consumer goods,22153,False,2026-10-14T06:15,2026-10-14T08:15,2026-10-15T07:15,2026-10-15T19:15,694.4,1724.29,standard,tendered,0.154
LD04543,L149,L439,"Jacksonville, FL","Oklahoma City, OK",dry_van,paper products,20623,False,2026-10-14T06:15,2026-10-14T08:15,2026-10-15T15:15,2026-10-16T15:15,1179.5,3004.39,standard,tendered,0.052
LD04559,L072,L109,"Atlanta, GA","Dallas, TX",dry_van,electronics,31314,False,2026-10-14T06:15,2026-10-14T12:15,2026-10-15T10:15,2026-10-16T10:15,847.8,2071.46,standard,accepted,0.022
LD04898,L498,L269,"Louisville, KY","Harrisburg, PA",dry_van,electronics,16780,False,2026-10-14T06:15,2026-10-14T08:15,2026-10-14T19:15,2026-10-15T01:15,584.2,1749.82,standard,tendered,0.005
LD01224,L469,L272,"Miami, FL","Nashville, TN",dry_van,consumer goods,15339,False,2026-10-14T06:30,2026-10-14T12:30,2026-10-15T13:30,2026-10-16T13:30,978.4,2819.92,standard,tendered,0.024
LD01691,L483,L206,"St. Louis, MO","Oklahoma City, OK",dry_van,consumer goods,25877,False,2026-10-14T06:30,2026-10-14T08:30,2026-10-14T17:30,2026-10-15T17:30,512.3,1457.8,standard,tendered,0.038
LD01756,L134,L216,"Denver, CO","San Antonio, TX",flatbed,steel,33422,False,2026-10-14T06:30,2026-10-14T12:30,2026-10-15T14:30,2026-10-16T02:30,1028.3,2941.97,standard,accepted,0.145
LD01889,L425,L433,"Houston, TX","Charlotte, NC",flatbed,pipe,26713,False,2026-10-14T06:30,2026-10-14T08:30,2026-10-15T16:30,2026-10-16T04:30,1124.6,3206.27,standard,accepted,0.132
LD02033,L469,L227,"Miami, FL","Charlotte, NC",dry_van,retail,13602,False,2026-10-14T06:30,2026-10-14T12:30,2026-10-15T09:30,2026-10-15T21:30,769.7,2049.33,critical,tendered,0.03
LD03067,L369,L380,"Columbus, OH","Birmingham, AL",flatbed,building materials,26524,False,2026-10-14T06:30,2026-10-14T10:30,2026-10-14T19:30,2026-10-15T07:30,564.6,1663.18,standard,tentative,0.112
LD03163,L366,L398,"Newark, NJ","Jacksonville, FL",dry_van,beverages,40695,False,2026-10-14T06:30,2026-10-14T08:30,2026-10-15T13:30,2026-10-16T01:30,1018.9,2243.39,standard,tendered,0.164
LD03780,L073,L184,"Laredo, TX","Newark, NJ",reefer,meat,38343,False,2026-10-14T06:30,2026-10-14T14:30,2026-10-17T05:30,2026-10-17T13:30,2066.6,4927.56,standard,accepted,0.019
LD03800,L085,L315,"Minneapolis, MN","Harrisburg, PA",dry_van,beverages,35722,False,2026-10-14T06:30,2026-10-14T14:30,2026-10-15T14:30,2026-10-15T20:30,1073.5,2422.3,standard,tendered,0.055
LD03909,L450,L330,"Indianapolis, IN","Kansas City, MO",dry_van,auto parts,33622,False,2026-10-14T06:30,2026-10-14T12:30,2026-10-14T19:30,2026-10-14T23:30,587.0,1749.33,standard,tendered,0.076
LD04087,L373,L261,"Atlanta, GA","Chicago, IL",dry_van,paper products,32367,False,2026-10-14T06:30,2026-10-14T08:30,2026-10-15T07:30,2026-10-16T07:30,702.1,1713.07,standard,tendered,0.016
LD04261,L092,L183,"Chicago, IL","Louisville, KY",dry_van,beverages,40678,False,2026-10-14T06:30,2026-10-14T08:30,2026-10-14T13:30,2026-10-15T13:30,291.7,1038.57,standard,accepted,0.047
LD04598,L108,L271,"Houston, TX","Austin, TX",dry_van,beverages,29568,False,2026-10-14T06:30,2026-10-14T08:30,2026-10-14T12:30,2026-10-14T20:30,176.0,718.16,high,accepted,0.058
LD00646,L050,L322,"Atlanta, GA","Kansas City, MO",dry_van,paper products,29710,False,2026-10-14T06:45,2026-10-14T08:45,2026-10-15T09:45,2026-10-15T17:45,814.8,1852.72,standard,tendered,0.02
LD00750,L173,L342,"Atlanta, GA","Chicago, IL",dry_van,paper products,31386,False,2026-10-14T06:45,2026-10-14T08:45,2026-10-15T07:45,2026-10-15T11:45,695.2,1788.42,standard,accepted,0.039
LD00885,L333,L213,"Miami, FL","Jacksonville, FL",dry_van,electronics,28531,False,2026-10-14T06:45,2026-10-14T12:45,2026-10-14T17:45,2026-10-15T17:45,429.1,1562.56,high,tentative,0.007
LD01546,L175,L411,"Dallas, TX","Austin, TX",dry_van,beverages,39730,False,2026-10-14T06:45,2026-10-14T08:45,2026-10-14T12:45,2026-10-14T20:45,183.8,657.28,high,tendered,0.086
LD01867,L203,L318,"St. Louis, MO","Memphis, TN",dry_van,paper products,15855,False,2026-10-14T06:45,2026-10-14T14:45,2026-10-14T13:45,2026-10-15T01:45,327.2,997.15,standard,accepted,0.038
LD02432,L050,L491,"Atlanta, GA","Minneapolis, MN",reefer,produce,13159,False,2026-10-14T06:45,2026-10-14T14:45,2026-10-15T14:45,2026-10-15T18:45,1074.6,3351.84,standard,tendered,0.173
LD03380,L072,L131,"Atlanta, GA","Indianapolis, IN",dry_van,auto parts,39346,False,2026-10-14T06:45,2026-10-14T14:45,2026-10-14T18:45,2026-10-15T06:45,496.8,1424.46,standard,tentative,0.245
LD03703,L376,L112,"Chicago, IL","Columbus, OH",dry_van,paper products,21586,False,2026-10-14T06:45,2026-10-14T08:45,2026-10-14T15:45,2026-10-14T19:45,355.8,1086.09,high,tendered,0.07
LD03823,L118,L126,"Houston, TX","Miami, FL",dry_van,electronics,43879,False,2026-10-14T06:45,2026-10-14T14:45,2026-10-15T16:45,2026-10-16T16:45,1166.7,2899.6,standard,tendered,0.0
LD04118,L078,L114,"Louisville, KY","Dallas, TX",dry_van,paper products,40361,False,2026-10-14T06:45,2026-10-14T14:45,2026-10-15T10:45,2026-10-15T22:45,868.7,2028.79,standard,accepted,0.012
LD04376,L157,L247,"Dallas, TX","Jacksonville, FL",reefer,produce,18125,False,2026-10-14T06:45,2026-10-14T08:45,2026-10-15T14:45,2026-10-15T18:45,1071.3,3386.94,standard,accepted,0.075
LD04493,L092,L365,"Chicago, IL","Birmingham, AL",flatbed,building materials,18084,False,2026-10-14T06:45,2026-10-14T08:45,2026-10-15T07:45,2026-10-16T07:45,693.3,2090.74,standard,tentative,0.018
LD04596,L371,L370,"Chicago, IL","Orlando, FL",dry_van,paper products,31495,False,2026-10-14T06:45,2026-10-14T14:45,2026-10-15T18:45,2026-10-15T22:45,1198.7,2783.73,standard,tendered,0.136
LD04976,L050,L131,"Atlanta, GA","Indianapolis, IN",dry_van,consumer goods,32070,False,2026-10-14T06:45,2026-10-14T08:45,2026-10-14T17:45,2026-10-15T05:45,476.4,1315.61,high,accepted,0.17
LD00093,L462,L358,"Indianapolis, IN","Newark, NJ",reefer,dairy,14707,False,2026-10-14T07:00,2026-10-14T15:00,2026-10-15T09:00,2026-10-15T21:00,772.7,2556.08,standard,tendered,0.064
LD00244,L373,L432,"Atlanta, GA","Miami, FL",reefer,frozen food,38677,False,2026-10-14T07:00,2026-10-14T11:00,2026-10-15T08:00,2026-10-16T08:00,721.3,2123.89,standard,tendered,0.14
LD00778,L085,L145,"Minneapolis, MN","Newark, NJ",flatbed,steel,39838,False,2026-10-14T07:00,2026-10-14T13:00,2026-10-16T04:00,2026-10-16T12:00,1251.9,3023.75,standard,accepted,0.033
LD00833,L360,L159,"Columbus, OH","Houston, TX",reefer,dairy,30114,False,2026-10-14T07:00,2026-10-14T13:00,2026-10-15T18:00,2026-10-16T00:00,1187.9,3329.47,standard,tendered,0.125
LD00836,L260,L274,"Los Angeles, CA","St. Louis, MO",reefer,dairy,34568,False,2026-10-14T07:00,2026-10-14T11:00,2026-10-17T02:00,2026-10-17T08:00,1898.0,5711.14,standard,tendered,0.074
LD00928,L381,L479,"Los Angeles, CA","San Antonio, TX",flatbed,pipe,21580,False,2026-10-14T07:00,2026-10-14T09:00,2026-10-16T08:00,2026-10-17T08:00,1452.4,3759.65,high,tendered,0.026
LD01618,L371,L336,"Chicago, IL","Columbus, OH",dry_van,electronics,14706,False,2026-10-14T07:00,2026-10-14T09:00,2026-10-14T17:00,2026-10-15T17:00,333.3,1087.11,standard,tendered,0.018
LD01996,L139,L303,"Jacksonville, FL","Oklahoma City, OK",reefer,dairy,25426,True,2026-10-14T07:00,2026-10-14T15:00,2026-10-15T16:00,2026-10-16T04:00,1181.1,2974.96,critical,tendered,0.134
LD02303,L361,L213,"Little Rock, AR","Jacksonville, FL",reefer,frozen food,15890,False,2026-10-14T07:00,2026-10-14T15:00,2026-10-15T10:00,2026-10-15T18:00,827.1,2666.76,standard,tendered,0.048
LD02439,L454,L126,"Houston, TX","Miami, FL",flatbed,lumber,29376,False,2026-10-14T07:00,2026-10-14T09:00,2026-10-15T17:00,2026-10-16T05:00,1196.4,3278.25,standard,tendered,0.003
LD02673,L053,L136,"Dallas, TX","San Antonio, TX",reefer,dairy,30926,False,2026-10-14T07:00,2026-10-14T13:00,2026-10-14T15:00,2026-10-15T15:00,315.5,1069.86,critical,tendered,0.001
LD03150,L072,L180,"Atlanta, GA","New Orleans, LA",dry_van,auto parts,27849,False,2026-10-14T07:00,2026-10-14T15:00,2026-10-14T19:00,2026-10-15T01:00,503.5,1311.23,standard,tendered,0.005
LD04214,L307,L359,"Chicago, IL","Orlando, FL",dry_van,consumer goods,32123,False,2026-10-14T07:00,2026-10-14T11:00,2026-10-15T17:00,2026-10-15T23:00,1177.5,2585.38,standard,tentative,0.053
LD04265,L409,L233,"Columbus, OH","Miami, FL",reefer,meat,34668,False,2026-10-14T07:00,2026-10-14T13:00,2026-10-16T03:00,2026-10-17T03:00,1214.2,3338.98,standard,tentative,0.057
LD04286,L069,L334,"Los Angeles, CA","Chicago, IL",dry_van,retail,29896,False,2026-10-14T07:00,2026-10-14T09:00,2026-10-17T07:00,2026-10-17T15:00,2110.0,4979.84,critical,accepted,0.068
LD04959,L130,L386,"Memphis, TN","Oklahoma City, OK",dry_van,retail,34996,False,2026-10-14T07:00,2026-10-14T09:00,2026-10-14T19:00,2026-10-15T19:00,508.5,1533.12,standard,tendered,0.32
LD04965,L481,L156,"Little Rock, AR","Charlotte, NC",dry_van,beverages,31884,False,2026-10-14T07:00,2026-10-14T09:00,2026-10-15T11:00,2026-10-16T11:00,757.9,2045.2,standard,tendered,0.038
LD00004,L061,L263,"Charlotte, NC","Nashville, TN",dry_van,auto parts,28639,False,2026-10-14T07:15,2026-10-14T11:15,2026-10-14T17:15,2026-10-15T05:15,403.0,1287.32,standard,accepted,0.24
LD00212,L235,L269,"Louisville, KY","Harrisburg, PA",dry_van,paper products,40168,False,2026-10-14T07:15,2026-10-14T15:15,2026-10-15T08:15,2026-10-15T16:15,612.0,1695.76,standard,accepted,0.304
LD00648,L098,L187,"Houston, TX","Oklahoma City, OK",dry_van,auto parts,21454,False,2026-10-14T07:15,2026-10-14T09:15,2026-10-14T20:15,2026-10-15T20:15,515.2,1553.46,high,accepted,0.212
LD01175,L396,L330,"Little Rock, AR","Kansas City, MO",dry_van,beverages,30856,False,2026-10-14T07:15,2026-10-14T09:15,2026-10-14T17:15,2026-10-15T01:15,397.9,1220.39,high,tendered,0.205
LD01642,L149,L170,"Jacksonville, FL","San Antonio, TX",dry_van,electronics,30476,False,2026-10-14T07:15,2026-10-14T11:15,2026-10-15T16:15,2026-10-16T16:15,1192.7,2744.95,standard,tendered,0.004
LD01647,L374,L274,"Newark, NJ","St. Louis, MO",dry_van,consumer goods,21433,False,2026-10-14T07:15,2026-10-14T15:15,2026-10-15T15:15,2026-10-16T03:15,1054.5,2671.64,standard,accepted,0.003
LD02754,L130,L386,"Memphis, TN","Oklahoma City, OK",dry_van,consumer goods,31787,False,2026-10-14T07:15,2026-10-14T09:15,2026-10-14T19:15,2026-10-15T07:15,508.5,1326.51,standard,accepted,0.008
LD02767,L419,L370,"Charlotte, NC","Orlando, FL",reefer,pharmaceuticals,31399,False,2026-10-14T07:15,2026-10-14T09:15,2026-10-14T21:15,2026-10-15T03:15,563.5,1612.05,standard,tendered,0.042
LD04138,L439,L164,"Oklahoma City, OK","San Antonio, TX",dry_van,electronics,34383,False,2026-10-14T07:15,2026-10-14T15:15,2026-10-14T18:15,2026-10-15T02:15,461.7,1208.62,standard,tendered,0.062
LD04270,L338,L206,"Dallas, TX","Oklahoma City, OK",dry_van,retail,30663,False,2026-10-14T07:15,2026-10-14T13:15,2026-10-14T12:15,2026-10-14T16:15,202.9,782.76,standard,accepted,0.08
LD04659,L060,L354,"Dallas, TX","San Antonio, TX",reefer,produce,34816,False,2026-10-14T07:15,2026-10-14T15:15,2026-10-14T14:15,2026-10-14T20:15,281.8,994.68,standard,tendered,0.062
LD04984,L097,L364,"Denver, CO","Kansas City, MO",dry_van,electronics,37965,False,2026-10-14T07:15,2026-10-14T09:15,2026-10-15T08:15,2026-10-15T12:15,639.9,1885.12,standard,tendered,0.03
LD00343,L327,L297,"Atlanta, GA","Jacksonville, FL",dry_van,paper products,37122,False,2026-10-14T07:30,2026-10-14T13:30,2026-10-14T15:30,2026-10-15T15:30,352.6,1138.41,critical,accepted,0.236
LD00590,L078,L306,"Louisville, KY","Dallas, TX",dry_van,retail,44419,False,2026-10-14T07:30,2026-10-14T13:30,2026-10-15T11:30,2026-10-16T11:30,879.8,2089.18,standard,accepted,0.011
LD01045,L498,L120,"Louisville, KY","Austin, TX",flatbed,steel,30554,False,2026-10-14T07:30,2026-10-14T11:30,2026-10-15T15:30,2026-10-15T21:30,1086.1,2786.68,standard,tendered,0.137
LD01235,L208,L126,"Oklahoma City, OK","Miami, FL",dry_van,auto parts,36855,False,2026-10-14T07:30,2026-10-14T11:30,2026-10-16T08:30,2026-10-16T16:30,1480.0,3149.17,standard,tentative,0.025
LD01373,L235,L402,"Louisville, KY","Miami, FL",dry_van,consumer goods,40695,False,2026-10-14T07:30,2026-10-14T09:30,2026-10-15T17:30,2026-10-16T05:30,1127.2,3046.14,standard,tendered,0.059
LD01407,L127,L204,"Indianapolis, IN","Kansas City, MO",dry_van,auto parts,30307,False,2026-10-14T07:30,2026-10-14T15:30,2026-10-14T18:30,2026-10-15T18:30,503.7,1328.4,high,tendered,0.009
LD02057,L376,L161,"Chicago, IL","Nashville, TN",dry_van,paper products,32959,False,2026-10-14T07:30,2026-10-14T15:30,2026-10-14T19:30,2026-10-15T03:30,479.0,1426.25,standard,tendered,0.018
LD02210,L400,L398,"Austin, TX","Jacksonville, FL",reefer,dairy,39094,True,2026-10-14T07:30,2026-10-14T09:30,2026-10-15T16:30,2026-10-16T16:30,1158.7,3054.17,high,accepted,0.06
LD02890,L498,L253,"Louisville, KY","Newark, NJ",reefer,produce,34918,False,2026-10-14T07:30,2026-10-14T15:30,2026-10-15T09:30,2026-10-15T21:30,753.5,2312.68,standard,tendered,0.023
LD03190,L198,L255,"Minneapolis, MN","Detroit, MI",reefer,produce,25796,False,2026-10-14T07:30,2026-10-14T11:30,2026-10-15T09:30,2026-10-15T13:30,661.7,2223.21,standard,tendered,0.264
LD03287,L438,L310,"Dallas, TX","El Paso, TX",flatbed,pipe,34164,False,2026-10-14T07:30,2026-10-14T09:30,2026-10-15T08:30,2026-10-16T08:30,710.9,2059.37,standard,tendered,0.097
LD03505,L227,L315,"Charlotte, NC","Harrisburg, PA",dry_van,consumer goods,13953,False,2026-10-14T07:30,2026-10-14T11:30,2026-10-14T19:30,2026-10-14T23:30,490.7,1311.61,standard,accepted,0.08
LD04513,L060,L377,"Dallas, TX","Phoenix, AZ",dry_van,beverages,42407,False,2026-10-14T07:30,2026-10-14T11:30,2026-10-15T14:30,2026-10-16T02:30,1042.0,2628.06,standard,accepted,0.026
LD04561,L307,L482,"Chicago, IL","Orlando, FL",dry_van,electronics,33515,False,2026-10-14T07:30,2026-10-14T09:30,2026-10-15T17:30,2026-10-15T23:30,1181.7,2612.32,standard,accepted,0.031
LD04677,L382,L394,"Memphis, TN","Minneapolis, MN",flatbed,steel,38135,False,2026-10-14T07:30,2026-10-14T15:30,2026-10-15T11:30,2026-10-15T15:30,857.6,2234.77,standard,tendered,0.049
LD04734,L279,L236,"Columbus, OH","New Orleans, LA",dry_van,retail,31329,False,2026-10-14T07:30,2026-10-14T11:30,2026-10-15T13:30,2026-10-15T19:30,967.3,2388.0,high,accepted,0.034
LD01413,L293,L337,"Dallas, TX","Laredo, TX",reefer,meat,30495,False,2026-10-14T07:45,2026-10-14T11:45,2026-10-14T18:45,2026-10-14T22:45,489.4,1452.57,standard,tendered,0.055
LD01508,L409,L115,"Columbus, OH","Miami, FL",dry_van,retail,33130,False,2026-10-14T07:45,2026-10-14T09:45,2026-10-16T04:45,2026-10-16T08:45,1238.7,3144.91,standard,tendered,0.042
LD01695,L200,L134,"Miami, FL","Denver, CO",flatbed,building materials,42865,True,2026-10-14T07:45,2026-10-14T13:45,2026-10-17T06:45,2026-10-17T14:45,2120.3,5760.24,standard,tendered,0.062
LD02255,L196,L429,"Indianapolis, IN","Chicago, IL",dry_van,beverages,29378,False,2026-10-14T07:45,2026-10-14T09:45,2026-10-14T12:45,2026-10-15T00:45,197.2,785.46,standard,accepted,0.135
LD02813,L163,L119,"San Antonio, TX","New Orleans, LA",dry_van,paper products,36771,False,2026-10-14T07:45,2026-10-14T15:45,2026-10-14T21:45,2026-10-15T03:45,591.8,1718.27,standard,tendered,0.053
LD03274,L481,L046,"Little Rock, AR","Louisville, KY",reefer,meat,32203,False,2026-10-14T07:45,2026-10-14T15:45,2026-10-14T20:45,2026-10-15T20:45,511.5,1820.25,standard,tentative,0.018
LD03369,L163,L484,"San Antonio, TX","Indianapolis, IN",flatbed,pipe,40079,False,2026-10-14T07:45,2026-10-14T11:45,2026-10-15T18:45,2026-10-16T00:45,1198.0,3170.36,standard,tentative,0.123
LD03948,L342,L271,"Chicago, IL","Austin, TX",dry_van,electronics,39128,False,2026-10-14T07:45,2026-10-14T09:45,2026-10-15T16:45,2026-10-15T20:45,1185.5,2692.38,standard,tendered,0.118
LD04215,L336,L041,"Columbus, OH","Dallas, TX",dry_van,retail,26171,False,2026-10-14T07:45,2026-10-14T11:45,2026-10-15T15:45,2026-10-15T23:45,1113.8,2512.44,standard,accepted,0.033
LD04519,L380,L226,"Birmingham, AL","Columbus, OH",dry_van,retail,34362,False,2026-10-14T07:45,2026-10-14T13:45,2026-10-14T21:45,2026-10-15T03:45,597.0,1465.54,critical,tendered,0.087
LD04800,L405,L358,"St. Louis, MO","Newark, NJ",reefer,dairy,36756,False,2026-10-14T07:45,2026-10-14T09:45,2026-10-15T14:45,2026-10-16T02:45,1043.3,3143.62,standard,accepted,0.049
LD00078,L258,L353,"Charlotte, NC","Atlanta, GA",flatbed,steel,36793,False,2026-10-14T08:00,2026-10-14T10:00,2026-10-14T15:00,2026-10-14T19:00,267.0,1036.64,standard,accepted,0.086
LD00525,L073,L144,"Laredo, TX","San Antonio, TX",dry_van,retail,23089,False,2026-10-14T08:00,2026-10-14T14:00,2026-10-14T15:00,2026-10-15T03:00,168.0,678.69,standard,tendered,0.084
LD00753,L122,L174,"Chicago, IL","Indianapolis, IN",dry_van,beverages,36163,False,2026-10-14T08:00,2026-10-14T16:00,2026-10-14T14:00,2026-10-15T14:00,216.3,756.33,standard,tendered,0.056
LD00925,L220,L091,"Chicago, IL","Columbus, OH",dry_van,beverages,27390,False,2026-10-14T08:00,2026-10-14T10:00,2026-10-14T16:00,2026-10-14T20:00,305.7,914.06,standard,tendered,0.021
LD01025,L342,L180,"Chicago, IL","New Orleans, LA",dry_van,electronics,19741,False,2026-10-14T08:00,2026-10-14T16:00,2026-10-15T14:00,2026-10-16T14:00,1001.1,2462.65,standard,tendered,0.014
LD01205,L070,L359,"Little Rock, AR","Orlando, FL",reefer,pharmaceuticals,33175,False,2026-10-14T08:00,2026-10-14T16:00,2026-10-15T13:00,2026-10-15T21:00,922.4,2882.82,standard,accepted,0.045
LD01451,L382,L306,"Memphis, TN","Dallas, TX",flatbed,pipe,35218,False,2026-10-14T08:00,2026-10-14T10:00,2026-10-14T20:00,2026-10-15T00:00,530.9,1646.45,standard,tendered,0.019
LD02107,L281,L367,"Dallas, TX","Atlanta, GA",dry_van,electronics,27010,False,2026-10-14T08:00,2026-10-14T14:00,2026-10-15T11:00,2026-10-15T19:00,868.2,2080.41,standard,tentative,0.01
LD02697,L489,L309,"Atlanta, GA","Phoenix, AZ",dry_van,paper products,23383,False,2026-10-14T08:00,2026-10-14T16:00,2026-10-17T04:00,2026-10-17T10:00,1893.6,4447.52,standard,tendered,0.01
LD03453,L376,L471,"Chicago, IL","Charlotte, NC",reefer,dairy,37747,False,2026-10-14T08:00,2026-10-14T14:00,2026-10-15T10:00,2026-10-15T14:00,705.1,2261.07,standard,tentative,0.112
LD03575,L269,L313,"Harrisburg, PA","Miami, FL",dry_van,paper products,36456,False,2026-10-14T08:00,2026-10-14T12:00,2026-10-16T07:00,2026-10-16T15:00,1250.3,3104.32,standard,tendered,0.003
LD03774,L149,L479,"Jacksonville, FL","San Antonio, TX",reefer,meat,38039,False,2026-10-14T08:00,2026-10-14T10:00,2026-10-15T17:00,2026-10-16T05:00,1193.7,3202.39,standard,tendered,0.072
LD03860,L362,L171,"Houston, TX","New Orleans, LA",dry_van,consumer goods,32920,False,2026-10-14T08:00,2026-10-14T10:00,2026-10-14T17:00,2026-10-15T01:00,390.5,1273.15,standard,tendered,0.012
LD03861,L448,L390,"St. Louis, MO","Houston, TX",flatbed,machinery,43898,False,2026-10-14T08:00,2026-10-14T16:00,2026-10-15T11:00,2026-10-16T11:00,844.7,2591.65,standard,tentative,0.025
LD04000,L153,L176,"El Paso, TX","Denver, CO",dry_van,electronics,16425,False,2026-10-14T08:00,2026-10-14T10:00,2026-10-15T07:00,2026-10-16T07:00,643.5,1776.2,standard,accepted,0.047
LD04211,L376,L150,"Chicago, IL","Columbus, OH",dry_van,electronics,30410,False,2026-10-14T08:00,2026-10-14T10:00,2026-10-14T17:00,2026-10-15T17:00,357.1,1127.81,standard,tendered,0.063
LD04255,L053,L190,"Dallas, TX","Oklahoma City, OK",dry_van,consumer goods,32234,False,2026-10-14T08:00,2026-10-14T10:00,2026-10-14T15:00,2026-10-14T19:00,255.0,840.44,standard,tentative,0.024
LD04277,L167,L352,"Little Rock, AR","Chicago, IL",dry_van,paper products,33621,False,2026-10-14T08:00,2026-10-14T14:00,2026-10-15T08:00,2026-10-15T14:00,643.3,1812.11,standard,accepted,0.127
LD04440,L425,L420,"Houston, TX","Indianapolis, IN",reefer,dairy,22072,False,2026-10-14T08:00,2026-10-14T10:00,2026-10-15T16:00,2026-10-15T20:00,1062.3,3131.54,standard,tentative,0.054
LD04640,L161,L429,"Nashville, TN","Chicago, IL",reefer,meat,28040,False,2026-10-14T08:00,2026-10-14T14:00,2026-10-14T19:00,2026-10-14T23:00,475.9,1544.77,standard,tendered,0.064
LD00326,L183,L437,"Louisville, KY","Laredo, TX",dry_van,auto parts,35256,True,2026-10-14T08:15,2026-10-14T12:15,2026-10-16T06:15,2026-10-16T10:15,1320.1,2821.08,standard,tendered,0.034
LD00692,L220,L492,"Chicago, IL","Charlotte, NC",dry_van,auto parts,27570,False,2026-10-14T08:15,2026-10-14T12:15,2026-10-15T09:15,2026-10-15T21:15,677.4,1940.28,standard,accepted,0.034
LD00696,L080,L267,"Denver, CO","Indianapolis, IN",dry_van,consumer goods,25545,False,2026-10-14T08:15,2026-10-14T10:15,2026-10-15T17:15,2026-10-16T17:15,1178.1,3392.67,standard,tendered,0.015
LD01266,L406,L217,"Oklahoma City, OK","Charlotte, NC",dry_van,paper products,39089,False,2026-10-14T08:15,2026-10-14T16:15,2026-10-15T16:15,2026-10-16T04:15,1130.9,2583.57,standard,accepted,0.13
LD02040,L462,L058,"Indianapolis, IN","Orlando, FL",dry_van,retail,41491,False,2026-10-14T08:15,2026-10-14T16:15,2026-10-15T13:15,2026-10-15T17:15,954.5,2404.02,critical,tendered,0.072
LD02118,L255,L176,"Detroit, MI","Denver, CO",dry_van,paper products,24548,False,2026-10-14T08:15,2026-10-14T12:15,2026-10-16T09:15,2026-10-16T15:15,1400.1,3077.22,high,accepted,0.039
LD02293,L055,L384,"Louisville, KY","Minneapolis, MN",dry_van,consumer goods,28807,False,2026-10-14T08:15,2026-10-14T10:15,2026-10-15T09:15,2026-10-15T17:15,683.0,1844.77,standard,tendered,0.046
LD02766,L132,L316,"Miami, FL","New Orleans, LA",dry_van,electronics,40450,False,2026-10-14T08:15,2026-10-14T12:15,2026-10-15T12:15,2026-10-15T16:15,831.1,2177.78,standard,tentative,0.045
LD02811,L082,L220,"Phoenix, AZ","Chicago, IL",dry_van,retail,16227,False,2026-10-14T08:15,2026-10-14T10:15,2026-10-16T13:15,2026-10-16T17:15,1725.5,4423.99,standard,tendered,0.086
LD03101,L167,L240,"Little Rock, AR","Harrisburg, PA",dry_van,paper products,36227,False,2026-10-14T08:15,2026-10-14T16:15,2026-10-15T17:15,2026-10-16T01:15,1139.1,2790.03,standard,tentative,0.139
LD03305,L223,L158,"Kansas City, MO","Atlanta, GA",reefer,meat,36838,False,2026-10-14T08:15,2026-10-14T10:15,2026-10-15T10:15,2026-10-15T14:15,806.3,2612.39,standard,accepted,0.066
LD03352,L306,L162,"Dallas, TX","Memphis, TN",dry_van,auto parts,18584,False,2026-10-14T08:15,2026-10-14T10:15,2026-10-14T20:15,2026-10-15T08:15,500.9,1540.89,standard,tentative,0.032
LD04072,L116,L171,"Charlotte, NC","New Orleans, LA",reefer,produce,36350,False,2026-10-14T08:15,2026-10-14T10:15,2026-10-15T11:15,2026-10-15T17:15,773.5,2414.96,standard,tendered,0.03
LD04406,L472,L470,"St. Louis, MO","Los Angeles, CA",dry_van,paper products,37364,False,2026-10-14T08:15,2026-10-14T10:15,2026-10-17T03:15,2026-10-17T15:15,1897.3,4319.71,high,tendered,0.017
LD04647,L209,L352,"Phoenix, AZ","Chicago, IL",dry_van,beverages,25720,False,2026-10-14T08:15,2026-10-14T10:15,2026-10-16T14:15,2026-10-17T14:15,1745.7,4831.23,high,tentative,0.023
LD04672,L443,L205,"Minneapolis, MN","Oklahoma City, OK",dry_van,electronics,20391,False,2026-10-14T08:15,2026-10-14T14:15,2026-10-15T13:15,2026-10-16T01:15,848.5,2206.38,standard,tendered,0.035
LD00056,L276,L499,"Charlotte, NC","Dallas, TX",reefer,meat,31747,False,2026-10-14T08:30,2026-10-14T10:30,2026-10-15T17:30,2026-10-16T01:30,1119.6,3009.57,high,tendered,0.043
LD00454,L191,L140,"Los Angeles, CA","Kansas City, MO",reefer,dairy,33039,False,2026-10-14T08:30,2026-10-14T14:30,2026-10-16T14:30,2026-10-16T20:30,1621.7,4824.82,standard,tendered,0.068
LD00965,L045,L485,"Oklahoma City, OK","Nashville, TN",dry_van,beverages,35607,False,2026-10-14T08:30,2026-10-14T16:30,2026-10-15T11:30,2026-10-16T11:30,722.7,2040.5,standard,accepted,0.046
LD01248,L161,L180,"Nashville, TN","New Orleans, LA",dry_van,electronics,37314,False,2026-10-14T08:30,2026-10-14T10:30,2026-10-14T21:30,2026-10-15T03:30,564.7,1513.33,standard,tendered,0.049
LD01792,L235,L233,"Louisville, KY","Miami, FL",dry_van,retail,35234,False,2026-10-14T08:30,2026-10-14T14:30,2026-10-15T18:30,2026-10-15T22:30,1105.3,2690.66,standard,tendered,0.075
LD02213,L489,L494,"Atlanta, GA","Dallas, TX",reefer,produce,32463,False,2026-10-14T08:30,2026-10-14T16:30,2026-10-15T13:30,2026-10-15T21:30,824.7,2230.38,standard,tendered,0.079
LD02483,L450,L367,"Indianapolis, IN","Atlanta, GA",dry_van,auto parts,17393,False,2026-10-14T08:30,2026-10-14T14:30,2026-10-14T20:30,2026-10-15T02:30,526.0,1497.33,standard,accepted,0.006
LD02914,L223,L403,"Kansas City, MO","Atlanta, GA",flatbed,steel,27343,False,2026-10-14T08:30,2026-10-14T14:30,2026-10-15T10:30,2026-10-15T16:30,794.6,2455.11,standard,tendered,0.048
LD03061,L119,L109,"New Orleans, LA","Dallas, TX",dry_van,paper products,31261,False,2026-10-14T08:30,2026-10-14T10:30,2026-10-14T20:30,2026-10-15T04:30,514.8,1518.62,standard,tendered,0.03
LD03712,L333,L075,"Miami, FL","Chicago, IL",dry_van,beverages,36610,True,2026-10-14T08:30,2026-10-14T16:30,2026-10-16T10:30,2026-10-16T16:30,1466.6,3830.29,standard,tentative,0.072
LD03951,L106,L105,"Chicago, IL","Kansas City, MO",dry_van,electronics,43507,False,2026-10-14T08:30,2026-10-14T12:30,2026-10-14T19:30,2026-10-15T01:30,522.3,1444.01,standard,accepted,0.022
LD04409,L065,L146,"Miami, FL","Detroit, MI",reefer,produce,39508,False,2026-10-14T08:30,2026-10-14T10:30,2026-10-16T07:30,2026-10-16T15:30,1385.0,4112.17,standard,tendered,0.008
LD04514,L064,L394,"Harrisburg, PA","Minneapolis, MN",dry_van,consumer goods,24318,False,2026-10-14T08:30,2026-10-14T10:30,2026-10-15T16:30,2026-10-16T16:30,1081.1,2553.92,standard,accepted,0.005
LD04679,L136,L142,"San Antonio, TX","Atlanta, GA",reefer,pharmaceuticals,28684,False,2026-10-14T08:30,2026-10-14T12:30,2026-10-15T17:30,2026-10-15T21:30,1093.2,3145.57,standard,tendered,0.074
LD04727,L300,L352,"Houston, TX","Chicago, IL",reefer,frozen food,32978,False,2026-10-14T08:30,2026-10-14T10:30,2026-10-15T19:30,2026-10-16T03:30,1133.1,3543.29,standard,accepted,0.016
LD04767,L398,L058,"Jacksonville, FL","Orlando, FL",dry_van,auto parts,12967,False,2026-10-14T08:30,2026-10-14T10:30,2026-10-14T13:30,2026-10-14T19:30,114.5,486.7,standard,tendered,0.006
LD04867,L294,L299,"Los Angeles, CA","Kansas City, MO",reefer,meat,31067,False,2026-10-14T08:30,2026-10-14T10:30,2026-10-16T12:30,2026-10-16T18:30,1605.8,4659.61,standard,tendered,0.029
LD00046,L475,L229,"Indianapolis, IN","Denver, CO",dry_van,electronics,31448,False,2026-10-14T08:45,2026-10-14T10:45,2026-10-15T17:45,2026-10-15T23:45,1149.6,2802.27,standard,tendered,0.138
LD00269,L113,L415,"Orlando, FL","Chicago, IL",dry_van,paper products,27334,False,2026-10-14T08:45,2026-10-14T12:45,2026-10-15T17:45,2026-10-15T23:45,1162.0,3182.96,standard,tentative,0.122
LD00643,L493,L043,"Orlando, FL","Chicago, IL",dry_van,paper products,36007,False,2026-10-14T08:45,2026-10-14T10:45,2026-10-16T04:45,2026-10-17T04:45,1211.4,3371.09,standard,accepted,0.013
LD00863,L479,L121,"San Antonio, TX","Dallas, TX",dry_van,beverages,35050,False,2026-10-14T08:45,2026-10-14T14:45,2026-10-14T17:45,2026-10-15T05:45,314.0,903.04,standard,accepted,0.14
LD01376,L268,L089,"Orlando, FL","New Orleans, LA",dry_van,retail,37960,False,2026-10-14T08:45,2026-10-14T12:45,2026-10-15T10:45,2026-10-15T16:45,672.3,1833.42,high,tendered,0.033
LD01836,L165,L414,"Newark, NJ","Memphis, TN",dry_van,consumer goods,37392,False,2026-10-14T08:45,2026-10-14T14:45,2026-10-15T16:45,2026-10-16T16:45,1119.8,2902.25,standard,tendered,0.009
LD02065,L146,L233,"Detroit, MI","Miami, FL",reefer,frozen food,37289,False,2026-10-14T08:45,2026-10-14T10:45,2026-10-16T08:45,2026-10-16T12:45,1385.6,4104.72,critical,tendered,0.124
LD02069,L273,L100,"Newark, NJ","Charlotte, NC",dry_van,paper products,37843,False,2026-10-14T08:45,2026-10-14T12:45,2026-10-15T08:45,2026-10-15T16:45,659.0,1789.92,standard,tendered,0.026
LD02486,L498,L357,"Louisville, KY","Indianapolis, IN",dry_van,electronics,31878,False,2026-10-14T08:45,2026-10-14T10:45,2026-10-14T13:45,2026-10-14T17:45,141.3,570.16,standard,tendered,0.096
LD02798,L156,L449,"Charlotte, NC","Indianapolis, IN",dry_van,beverages,25948,False,2026-10-14T08:45,2026-10-14T16:45,2026-10-14T18:45,2026-10-15T18:45,509.4,1420.04,standard,accepted,0.1
LD02929,L060,L328,"Dallas, TX","Austin, TX",dry_van,electronics,31391,False,2026-10-14T08:45,2026-10-14T10:45,2026-10-14T14:45,2026-10-14T18:45,223.2,817.95,critical,tendered,0.014
LD03239,L198,L182,"Minneapolis, MN","Denver, CO",dry_van,electronics,20501,False,2026-10-14T08:45,2026-10-14T10:45,2026-10-15T13:45,2026-10-15T21:45,863.7,2078.67,high,tendered,0.027
LD03578,L438,L292,"Dallas, TX","Houston, TX",dry_van,beverages,18651,False,2026-10-14T08:45,2026-10-14T14:45,2026-10-14T15:45,2026-10-15T15:45,247.6,803.98,standard,accepted,0.025
LD03672,L161,L410,"Nashville, TN","Louisville, KY",dry_van,beverages,9511,False,2026-10-14T08:45,2026-10-14T10:45,2026-10-14T14:45,2026-10-14T20:45,211.5,719.54,standard,tentative,0.01
LD04318,L224,L388,"Columbus, OH","Louisville, KY",dry_van,beverages,29322,False,2026-10-14T08:45,2026-10-14T12:45,2026-10-14T15:45,2026-10-15T03:45,185.1,680.32,standard,tentative,0.002
LD04410,L319,L421,"Chicago, IL","Louisville, KY",flatbed,pipe,21628,False,2026-10-14T08:45,2026-10-14T10:45,2026-10-14T16:45,2026-10-15T04:45,320.9,1037.34,high,tentative,0.024
LD04433,L193,L272,"Denver, CO","Nashville, TN",reefer,meat,25267,False,2026-10-14T08:45,2026-10-14T16:45,2026-10-16T05:45,2026-10-16T13:45,1214.9,4295.02,standard,accepted,0.007
LD04759,L495,L148,"Phoenix, AZ","Houston, TX",dry_van,beverages,37420,False,2026-10-14T08:45,2026-10-14T12:45,2026-10-15T19:45,2026-10-15T23:45,1184.8,3363.14,standard,tendered,0.097
LD00018,L292,L115,"Houston, TX","Miami, FL",dry_van,paper products,9904,False,2026-10-14T09:00,2026-10-14T15:00,2026-10-15T20:00,2026-10-16T20:00,1174.9,3160.96,standard,tendered,0.049
LD00315,L314,L347,"Charlotte, NC","Dallas, TX",dry_van,auto parts,40988,False,2026-10-14T09:00,2026-10-14T13:00,2026-10-15T17:00,2026-10-16T05:00,1102.2,2557.64,standard,tentative,0.103
LD00492,L387,L237,"Chicago, IL","Nashville, TN",flatbed,lumber,34911,False,2026-10-14T09:00,2026-10-14T11:00,2026-10-14T21:00,2026-10-15T21:00,519.8,1599.85,standard,tendered,0.005
LD00655,L380,L390,"Birmingham, AL","Houston, TX",reefer,dairy,24181,False,2026-10-14T09:00,2026-10-14T11:00,2026-10-15T11:00,2026-10-15T23:00,686.0,2229.79,standard,tendered,0.081
LD01091,L468,L102,"Newark, NJ","Indianapolis, IN",dry_van,auto parts,35868,False,2026-10-14T09:00,2026-10-14T11:00,2026-10-15T11:00,2026-10-16T11:00,765.5,2196.33,standard,tendered,0.007
LD01108,L150,L487,"Columbus, OH","Dallas, TX",dry_van,beverages,20451,False,2026-10-14T09:00,2026-10-14T17:00,2026-10-15T18:00,2026-10-16T02:00,1107.0,2918.44,high,tentative,0.009
LD02110,L317,L159,"Little Rock, AR","Houston, TX",reefer,produce,17491,False,2026-10-14T09:00,2026-10-14T11:00,2026-10-14T20:00,2026-10-15T02:00,485.8,1743.61,standard,tendered,0.017
LD02245,L053,L465,"Dallas, TX","Kansas City, MO",dry_van,electronics,19551,False,2026-10-14T09:00,2026-10-14T15:00,2026-10-14T22:00,2026-10-15T10:00,559.7,1578.37,standard,tendered,0.023
LD02318,L162,L227,"Memphis, TN","Charlotte, NC",dry_van,electronics,21687,False,2026-10-14T09:00,2026-10-14T11:00,2026-10-15T09:00,2026-10-15T15:00,617.0,1650.71,standard,accepted,0.042
LD02324,L439,L122,"Oklahoma City, OK","Chicago, IL",dry_van,consumer goods,30462,False,2026-10-14T09:00,2026-10-14T15:00,2026-10-15T13:00,2026-10-15T19:00,863.2,2348.62,standard,accepted,0.012
LD02739,L310,L299,"El Paso, TX","Kansas City, MO",dry_van,electronics,28773,False,2026-10-14T09:00,2026-10-14T17:00,2026-10-15T15:00,2026-10-15T19:00,987.1,2534.37,standard,accepted,0.115
LD02915,L306,L256,"Dallas, TX","Harrisburg, PA",reefer,dairy,27847,False,2026-10-14T09:00,2026-10-14T17:00,2026-10-16T10:00,2026-10-16T16:00,1463.5,3761.98,standard,tendered,0.007
LD02999,L167,L264,"Little Rock, AR","Birmingham, AL",dry_van,beverages,41184,False,2026-10-14T09:00,2026-10-14T13:00,2026-10-14T19:00,2026-10-15T19:00,406.2,1183.34,standard,accepted,0.03
LD03086,L454,L100,"Houston, TX","Charlotte, NC",dry_van,electronics,24981,False,2026-10-14T09:00,2026-10-14T11:00,2026-10-15T17:00,2026-10-16T01:00,1092.7,2953.04,standard,tendered,0.025
LD03312,L219,L349,"Nashville, TN","Charlotte, NC",dry_van,consumer goods,31964,True,2026-10-14T09:00,2026-10-14T11:00,2026-10-14T20:00,2026-10-15T20:00,433.3,1204.77,high,tendered,0.08
LD03677,L396,L197,"Little Rock, AR","Los Angeles, CA",reefer,produce,39477,False,2026-10-14T09:00,2026-10-14T11:00,2026-10-16T16:00,2026-10-17T16:00,1765.5,5315.73,standard,tendered,0.037
LD03815,L245,L388,"Nashville, TN","Louisville, KY",dry_van,paper products,34400,False,2026-10-14T09:00,2026-10-14T15:00,2026-10-14T15:00,2026-10-15T03:00,197.7,736.7,standard,tendered,0.19
LD03883,L278,L388,"Newark, NJ","Louisville, KY",dry_van,retail,22946,False,2026-10-14T09:00,2026-10-14T15:00,2026-10-15T10:00,2026-10-15T18:00,726.5,1710.67,standard,tendered,0.013
LD03940,L378,L181,"Kansas City, MO","Harrisburg, PA",reefer,meat,36283,False,2026-10-14T09:00,2026-10-14T17:00,2026-10-15T17:00,2026-10-16T01:00,1127.3,3376.98,high,tendered,0.076
LD03955,L211,L117,"Jacksonville, FL","Chicago, IL",dry_van,retail,19327,False,2026-10-14T09:00,2026-10-14T11:00,2026-10-15T17:00,2026-10-15T23:00,1070.0,2658.12,standard,accepted,0.03
LD04360,L104,L051,"Nashville, TN","Indianapolis, IN",flatbed,machinery,36729,False,2026-10-14T09:00,2026-10-14T17:00,2026-10-14T17:00,2026-10-15T17:00,284.4,962.96,critical,tendered,0.063
LD04468,L166,L494,"Atlanta, GA","Dallas, TX",dry_van,auto parts,41064,False,2026-10-14T09:00,2026-10-14T15:00,2026-10-15T13:00,2026-10-16T01:00,842.1,1971.89,standard,accepted,0.035
LD04579,L219,L069,"Nashville, TN","Los Angeles, CA",dry_van,paper products,39647,False,2026-10-14T09:00,2026-10-14T11:00,2026-10-17T09:00,2026-10-18T09:00,2139.4,4618.32,high,tendered,0.209
LD04777,L225,L142,"Chicago, IL","Atlanta, GA",flatbed,building materials,27641,True,2026-10-14T09:00,2026-10-14T11:00,2026-10-15T10:00,2026-10-15T18:00,722.8,2176.16,standard,accepted,0.038
LD04806,L072,L318,"Atlanta, GA","Memphis, TN",reefer,produce,39897,False,2026-10-14T09:00,2026-10-14T11:00,2026-10-14T19:00,2026-10-15T03:00,373.3,1367.91,standard,accepted,0.031
LD04928,L418,L158,"Jacksonville, FL","Atlanta, GA",dry_van,consumer goods,20894,False,2026-10-14T09:00,2026-10-14T15:00,2026-10-14T17:00,2026-10-15T05:00,328.1,995.94,standard,accepted,0.165
LD04979,L051,L237,"Indianapolis, IN","Nashville, TN",reefer,produce,37980,False,2026-10-14T09:00,2026-10-14T15:00,2026-10-14T18:00,2026-10-15T18:00,305.7,1131.3,standard,accepted,0.021
LD00014,L203,L217,"St. Louis, MO","Charlotte, NC",dry_van,beverages,26494,False,2026-10-14T09:15,2026-10-14T17:15,2026-10-15T09:15,2026-10-16T09:15,692.5,1753.29,standard,accepted,0.079
LD00137,L306,L237,"Dallas, TX","Nashville, TN",dry_van,retail,40189,False,2026-10-14T09:15,2026-10-14T17:15,2026-10-15T11:15,2026-10-15T23:15,731.1,2014.65,standard,accepted,0.034
LD00355,L476,L398,"Chicago, IL","Jacksonville, FL",reefer,meat,38689,False,2026-10-14T09:15,2026-10-14T11:15,2026-10-15T16:15,2026-10-16T00:15,1041.2,3105.3,standard,accepted,0.06
LD00368,L050,L370,"Atlanta, GA","Orlando, FL",dry_van,retail,34888,False,2026-10-14T09:15,2026-10-14T17:15,2026-10-14T21:15,2026-10-15T01:15,502.2,1266.0,standard,accepted,0.028
LD00771,L094,L275,"New Orleans, LA","Atlanta, GA",dry_van,paper products,28581,False,2026-10-14T09:15,2026-10-14T17:15,2026-10-14T21:15,2026-10-15T01:15,504.4,1443.35,standard,tendered,0.071
LD00801,L142,L233,"Atlanta, GA","Miami, FL",dry_van,consumer goods,20183,False,2026-10-14T09:15,2026-10-14T11:15,2026-10-15T12:15,2026-10-15T18:15,717.7,1670.51,high,accepted,0.012
LD00913,L076,L373,"Harrisburg, PA","Atlanta, GA",dry_van,electronics,21019,False,2026-10-14T09:15,2026-10-14T11:15,2026-10-15T11:15,2026-10-15T23:15,704.8,1800.55,standard,tendered,0.106
LD01002,L278,L066,"Newark, NJ","Chicago, IL",dry_van,beverages,30333,False,2026-10-14T09:15,2026-10-14T15:15,2026-10-15T12:15,2026-10-15T20:15,825.4,2188.86,standard,accepted,0.041
LD01465,L277,L337,"Kansas City, MO","Laredo, TX",dry_van,beverages,33364,False,2026-10-14T09:15,2026-10-14T11:15,2026-10-15T16:15,2026-10-16T00:15,998.4,2659.29,standard,tendered,0.037
LD01557,L396,L339,"Little Rock, AR","Denver, CO",dry_van,beverages,24493,False,2026-10-14T09:15,2026-10-14T13:15,2026-10-15T15:15,2026-10-15T21:15,924.7,2366.14,standard,tendered,0.04
LD02140,L078,L053,"Louisville, KY","Dallas, TX",flatbed,steel,38687,False,2026-10-14T09:15,2026-10-14T13:15,2026-10-15T13:15,2026-10-16T01:15,877.6,2447.86,high,tentative,0.052
LD02275,L448,L484,"St. Louis, MO","Indianapolis, IN",dry_van,beverages,41608,False,2026-10-14T09:15,2026-10-14T17:15,2026-10-14T16:15,2026-10-15T16:15,257.9,910.9,standard,accepted,0.01
LD02357,L213,L460,"Jacksonville, FL","Newark, NJ",dry_van,electronics,24118,False,2026-10-14T09:15,2026-10-14T15:15,2026-10-15T15:15,2026-10-16T15:15,1004.2,2282.49,standard,tentative,0.162
LD02871,L319,L322,"Chicago, IL","Kansas City, MO",flatbed,pipe,31374,False,2026-10-14T09:15,2026-10-14T11:15,2026-10-14T20:15,2026-10-15T02:15,491.9,1584.86,standard,tendered,0.056
LD03019,L246,L056,"Columbus, OH","Minneapolis, MN",reefer,pharmaceuticals,17855,False,2026-10-14T09:15,2026-10-14T11:15,2026-10-15T12:15,2026-10-15T20:15,760.7,2125.82,standard,tendered,0.06
LD03219,L230,L373,"San Antonio, TX","Atlanta, GA",dry_van,electronics,37169,False,2026-10-14T09:15,2026-10-14T11:15,2026-10-15T17:15,2026-10-16T05:15,1067.4,2640.78,high,tendered,0.032
LD03772,L166,L227,"Atlanta, GA","Charlotte, NC",dry_van,retail,25693,False,2026-10-14T09:15,2026-10-14T17:15,2026-10-14T17:15,2026-10-15T01:15,263.0,960.49,standard,tendered,0.037
LD04193,L456,L109,"Memphis, TN","Dallas, TX",dry_van,consumer goods,9372,False,2026-10-14T09:15,2026-10-14T15:15,2026-10-14T22:15,2026-10-15T10:15,494.9,1269.43,standard,tendered,0.043
LD04226,L246,L143,"Columbus, OH","Chicago, IL",dry_van,retail,11028,False,2026-10-14T09:15,2026-10-14T17:15,2026-10-14T18:15,2026-10-15T18:15,325.6,1111.77,standard,tendered,0.165
LD04465,L100,L367,"Charlotte, NC","Atlanta, GA",dry_van,paper products,42710,False,2026-10-14T09:15,2026-10-14T11:15,2026-10-14T16:15,2026-10-14T22:15,250.8,776.33,standard,tendered,0.045
LD04590,L213,L481,"Jacksonville, FL","Little Rock, AR",dry_van,paper products,35372,False,2026-10-14T09:15,2026-10-14T11:15,2026-10-15T12:15,2026-10-15T16:15,810.5,2117.48,standard,tendered,0.036
LD04784,L059,L131,"Austin, TX","Indianapolis, IN",dry_van,consumer goods,12692,False,2026-10-14T09:15,2026-10-14T11:15,2026-10-15T18:15,2026-10-16T18:15,1105.5,2519.53,standard,tendered,0.021
LD04861,L326,L421,"Denver, CO","Louisville, KY",reefer,dairy,35247,False,2026-10-14T09:15,2026-10-14T15:15,2026-10-16T07:15,2026-10-16T11:15,1252.8,4380.37,standard,accepted,0.026
LD04919,L255,L441,"Detroit, MI","Columbus, OH",dry_van,paper products,35400,False,2026-10-14T09:15,2026-10-14T15:15,2026-10-14T17:15,2026-10-14T21:15,211.6,766.29,standard,tendered,0.041
LD04966,L362,L367,"Houston, TX","Atlanta, GA",dry_van,electronics,19709,False,2026-10-14T09:15,2026-10-14T15:15,2026-10-15T12:15,2026-10-15T20:15,836.8,1895.47,standard,tendered,0.039
LD00105,L103,L373,"Chicago, IL","Atlanta, GA",dry_van,paper products,25676,False,2026-10-14T09:30,2026-10-14T15:30,2026-10-15T11:30,2026-10-15T23:30,744.8,1909.94,high,accepted,0.139
LD00399,L196,L320,"Indianapolis, IN","Atlanta, GA",dry_van,auto parts,25469,False,2026-10-14T09:30,2026-10-14T17:30,2026-10-14T20:30,2026-10-15T04:30,521.2,1598.28,standard,accepted,0.108
LD00401,L462,L226,"Indianapolis, IN","Columbus, OH",reefer,frozen food,36257,False,2026-10-14T09:30,2026-10-14T17:30,2026-10-14T15:30,2026-10-15T03:30,210.7,818.21,standard,tentative,0.027
LD00448,L355,L492,"Houston, TX","Charlotte, NC",dry_van,electronics,41473,False,2026-10-14T09:30,2026-10-14T15:30,2026-10-15T17:30,2026-10-15T21:30,1075.6,2623.2,standard,accepted,0.057
LD00653,L489,L303,"Atlanta, GA","Oklahoma City, OK",dry_van,retail,29294,False,2026-10-14T09:30,2026-10-14T11:30,2026-10-15T15:30,2026-10-15T23:30,874.7,2350.5,high,tendered,0.028
LD01010,L140,L222,"Kansas City, MO","Dallas, TX",flatbed,machinery,25339,False,2026-10-14T09:30,2026-10-14T11:30,2026-10-14T20:30,2026-10-15T08:30,553.6,1786.32,standard,tendered,0.025
LD01338,L296,L204,"Louisville, KY","Kansas City, MO",dry_van,paper products,28257,False,2026-10-14T09:30,2026-10-14T15:30,2026-10-14T21:30,2026-10-15T09:30,548.1,1674.4,high,tendered,0.01
LD01478,L106,L486,"Chicago, IL","Louisville, KY",dry_van,beverages,23534,False,2026-10-14T09:30,2026-10-14T15:30,2026-10-14T17:30,2026-10-15T17:30,334.4,1045.81,standard,tendered,0.003
LD02132,L339,L232,"Denver, CO","San Antonio, TX",dry_van,retail,13074,True,2026-10-14T09:30,2026-10-14T11:30,2026-10-15T15:30,2026-10-16T03:30,932.2,2902.72,standard,tendered,0.001
LD02157,L342,L176,"Chicago, IL","Denver, CO",dry_van,retail,29234,False,2026-10-14T09:30,2026-10-14T17:30,2026-10-15T16:30,2026-10-15T20:30,1086.8,2931.9,standard,tendered,0.014
LD02912,L220,L436,"Chicago, IL","Minneapolis, MN",dry_van,paper products,42146,False,2026-10-14T09:30,2026-10-14T17:30,2026-10-14T19:30,2026-10-15T07:30,417.0,1109.27,standard,tentative,0.078
LD03282,L129,L363,"New Orleans, LA","Houston, TX",dry_van,paper products,20807,False,2026-10-14T09:30,2026-10-14T11:30,2026-10-14T19:30,2026-10-15T03:30,416.5,1188.96,standard,tendered,0.103
LD03702,L276,L342,"Charlotte, NC","Chicago, IL",dry_van,consumer goods,22069,False,2026-10-14T09:30,2026-10-14T13:30,2026-10-15T10:30,2026-10-16T10:30,712.0,1890.15,standard,tendered,0.055
LD03761,L076,L416,"Harrisburg, PA","Chicago, IL",dry_van,auto parts,32325,False,2026-10-14T09:30,2026-10-14T11:30,2026-10-15T10:30,2026-10-16T10:30,662.7,1866.03,standard,tentative,0.051
LD03967,L296,L270,"Louisville, KY","Detroit, MI",dry_van,auto parts,36605,False,2026-10-14T09:30,2026-10-14T17:30,2026-10-14T18:30,2026-10-15T02:30,398.4,1286.52,standard,tendered,0.021
LD04562,L043,L041,"Chicago, IL","Dallas, TX",dry_van,beverages,30075,False,2026-10-14T09:30,2026-10-14T11:30,2026-10-15T16:30,2026-10-15T22:30,993.1,2198.91,standard,tentative,0.082
LD04666,L323,L228,"Detroit, MI","Houston, TX",reefer,dairy,34796,True,2026-10-14T09:30,2026-10-14T11:30,2026-10-16T08:30,2026-10-17T08:30,1338.1,3398.21,high,tendered,0.093
LD04845,L078,L463,"Louisville, KY","Indianapolis, IN",reefer,produce,33121,False,2026-10-14T09:30,2026-10-14T11:30,2026-10-14T14:30,2026-10-14T20:30,122.1,646.94,standard,accepted,0.008
LD00109,L246,L446,"Columbus, OH","Charlotte, NC",dry_van,paper products,26935,False,2026-10-14T09:45,2026-10-14T11:45,2026-10-14T19:45,2026-10-15T01:45,411.8,1309.2,standard,tendered,0.041
LD00426,L458,L131,"Houston, TX","Indianapolis, IN",flatbed,lumber,29395,False,2026-10-14T09:45,2026-10-14T11:45,2026-10-15T15:45,2026-10-15T23:45,1035.1,3035.54,standard,tendered,0.12
LD00880,L300,L133,"Houston, TX","Dallas, TX",dry_van,beverages,32358,False,2026-10-14T09:45,2026-10-14T11:45,2026-10-14T18:45,2026-10-15T06:45,281.7,895.83,high,tendered,0.069
LD00919,L156,L236,"Charlotte, NC","New Orleans, LA",dry_van,auto parts,42145,False,2026-10-14T09:45,2026-10-14T15:45,2026-10-15T10:45,2026-10-15T16:45,777.0,2087.11,standard,tendered,0.138
LD01125,L150,L141,"Columbus, OH","Oklahoma City, OK",dry_van,consumer goods,29550,False,2026-10-14T09:45,2026-10-14T11:45,2026-10-15T16:45,2026-10-16T16:45,1017.9,2690.27,standard,accepted,0.008
LD01274,L419,L313,"Charlotte, NC","Miami, FL",flatbed,steel,42248,False,2026-10-14T09:45,2026-10-14T13:45,2026-10-15T13:45,2026-10-16T13:45,801.6,2369.35,high,tendered,0.071
LD02052,L146,L497,"Detroit, MI","Memphis, TN",dry_van,beverages,30223,False,2026-10-14T09:45,2026-10-14T15:45,2026-10-15T11:45,2026-10-15T23:45,726.4,1870.61,standard,accepted,0.008
LD02144,L392,L077,"Detroit, MI","Jacksonville, FL",flatbed,lumber,24749,False,2026-10-14T09:45,2026-10-14T11:45,2026-10-15T16:45,2026-10-16T04:45,1022.3,2769.71,standard,accepted,0.019
LD02316,L360,L053,"Columbus, OH","Dallas, TX",dry_van,consumer goods,32925,False,2026-10-14T09:45,2026-10-14T17:45,2026-10-15T18:45,2026-10-16T00:45,1078.7,2501.78,standard,tendered,0.038
LD03306,L306,L120,"Dallas, TX","Austin, TX",reefer,frozen food,20651,False,2026-10-14T09:45,2026-10-14T13:45,2026-10-14T17:45,2026-10-15T17:45,259.2,966.46,standard,tendered,0.074
LD03419,L491,L133,"Minneapolis, MN","Dallas, TX",dry_van,auto parts,24232,True,2026-10-14T09:45,2026-10-14T13:45,2026-10-15T15:45,2026-10-16T03:45,1052.5,2400.21,standard,tendered,0.018
LD03592,L141,L367,"Oklahoma City, OK","Atlanta, GA",dry_van,consumer goods,37136,False,2026-10-14T09:45,2026-10-14T17:45,2026-10-15T15:45,2026-10-16T15:45,913.6,2298.8,standard,accepted,0.198
LD03730,L331,L272,"Little Rock, AR","Nashville, TN",dry_van,consumer goods,29502,False,2026-10-14T09:45,2026-10-14T15:45,2026-10-14T18:45,2026-10-14T22:45,370.7,1025.62,standard,tendered,0.01
LD04190,L217,L430,"Charlotte, NC","Minneapolis, MN",dry_van,consumer goods,35931,False,2026-10-14T09:45,2026-10-14T15:45,2026-10-15T20:45,2026-10-16T20:45,1153.8,3035.5,standard,tendered,0.098
LD04337,L258,L264,"Charlotte, NC","Birmingham, AL",dry_van,beverages,39433,False,2026-10-14T09:45,2026-10-14T17:45,2026-10-14T19:45,2026-10-14T23:45,450.1,1371.76,critical,accepted,0.002
LD04510,L412,L053,"Memphis, TN","Dallas, TX",flatbed,lumber,43760,False,2026-10-14T09:45,2026-10-14T17:45,2026-10-14T20:45,2026-10-15T20:45,509.5,1689.87,standard,tendered,0.141
LD04962,L250,L439,"Chicago, IL","Oklahoma City, OK",flatbed,pipe,23174,False,2026-10-14T09:45,2026-10-14T17:45,2026-10-15T12:45,2026-10-15T20:45,852.9,2350.67,standard,accepted,0.034
LD00600,L205,L158,"Oklahoma City, OK","Atlanta, GA",reefer,meat,34377,False,2026-10-14T10:00,2026-10-14T16:00,2026-10-15T14:00,2026-10-16T14:00,894.8,2915.79,high,tendered,0.017
LD00987,L225,L472,"Chicago, IL","St. Louis, MO",dry_van,consumer goods,31753,False,2026-10-14T10:00,2026-10-14T12:00,2026-10-14T18:00,2026-10-15T02:00,332.1,1116.61,standard,accepted,0.088
LD01226,L149,L325,"Jacksonville, FL","Indianapolis, IN",reefer,frozen food,32637,False,2026-10-14T10:00,2026-10-14T12:00,2026-10-15T13:00,2026-10-15T19:00,854.5,2690.11,critical,tendered,0.021
LD01244,L288,L336,"Miami, FL","Columbus, OH",reefer,dairy,15010,False,2026-10-14T10:00,2026-10-14T12:00,2026-10-15T20:00,2026-10-16T02:00,1185.2,3920.72,standard,tendered,0.202
LD01390,L273,L198,"Newark, NJ","Minneapolis, MN",dry_van,paper products,38763,False,2026-10-14T10:00,2026-10-14T14:00,2026-10-15T20:00,2026-10-16T00:00,1194.8,2772.16,standard,accepted,0.03
LD01525,L449,L119,"Indianapolis, IN","New Orleans, LA",dry_van,paper products,36579,False,2026-10-14T10:00,2026-10-14T18:00,2026-10-15T13:00,2026-10-16T13:00,829.7,1883.02,high,tendered,0.044
LD02435,L175,L183,"Dallas, TX","Louisville, KY",dry_van,consumer goods,26696,False,2026-10-14T10:00,2026-10-14T18:00,2026-10-15T15:00,2026-10-16T15:00,896.7,2177.33,standard,tentative,0.041
LD02505,L396,L097,"Little Rock, AR","Denver, CO",dry_van,retail,31935,False,2026-10-14T10:00,2026-10-14T18:00,2026-10-15T16:00,2026-10-15T22:00,925.4,2414.06,standard,tentative,0.07
LD02629,L376,L432,"Chicago, IL","Miami, FL",dry_van,retail,11032,False,2026-10-14T10:00,2026-10-14T12:00,2026-10-16T11:00,2026-10-17T11:00,1432.5,3505.03,high,tendered,0.024
LD02757,L065,L052,"Miami, FL","Atlanta, GA",dry_van,auto parts,37748,False,2026-10-14T10:00,2026-10-14T12:00,2026-10-15T11:00,2026-10-16T11:00,739.1,2073.96,standard,tendered,0.255
LD03102,L403,L473,"Atlanta, GA","Phoenix, AZ",dry_van,auto parts,22412,False,2026-10-14T10:00,2026-10-14T12:00,2026-10-17T05:00,2026-10-18T05:00,1906.3,4262.16,standard,tendered,0.013
LD03147,L217,L386,"Charlotte, NC","Oklahoma City, OK",reefer,dairy,26442,False,2026-10-14T10:00,2026-10-14T18:00,2026-10-15T20:00,2026-10-16T20:00,1115.6,2835.57,standard,tentative,0.045
LD03468,L074,L128,"Dallas, TX","Miami, FL",dry_van,auto parts,26324,False,2026-10-14T10:00,2026-10-14T12:00,2026-10-16T08:00,2026-10-16T12:00,1294.3,3283.52,standard,tendered,0.129
LD04526,L135,L226,"Dallas, TX","Columbus, OH",dry_van,auto parts,19866,False,2026-10-14T10:00,2026-10-14T14:00,2026-10-15T18:00,2026-10-16T00:00,1093.8,2822.11,high,accepted,0.013
LD04654,L368,L474,"Oklahoma City, OK","Chicago, IL",reefer,produce,36265,False,2026-10-14T10:00,2026-10-14T16:00,2026-10-15T15:00,2026-10-15T19:00,862.9,2291.6,standard,accepted,0.006
LD04847,L191,L187,"Los Angeles, CA","Oklahoma City, OK",dry_van,retail,19651,False,2026-10-14T10:00,2026-10-14T12:00,2026-10-16T12:00,2026-10-16T18:00,1403.4,3306.33,standard,tendered,0.013
LD00102,L078,L288,"Louisville, KY","Miami, FL",dry_van,beverages,31128,False,2026-10-14T10:15,2026-10-14T12:15,2026-10-15T18:15,2026-10-16T00:15,1095.2,2384.59,high,accepted,0.172
LD00175,L411,L473,"Austin, TX","Phoenix, AZ",dry_van,beverages,13691,False,2026-10-14T10:15,2026-10-14T16:15,2026-10-15T17:15,2026-10-16T01:15,1041.3,2586.57,standard,tendered,0.031
LD00221,L388,L267,"Louisville, KY","Indianapolis, IN",dry_van,auto parts,39441,False,2026-10-14T10:15,2026-10-14T18:15,2026-10-14T13:15,2026-10-14T17:15,119.5,558.45,standard,tendered,0.117
LD00552,L158,L264,"Atlanta, GA","Birmingham, AL",dry_van,auto parts,30337,False,2026-10-14T10:15,2026-10-14T18:15,2026-10-14T15:15,2026-10-14T23:15,173.2,609.85,standard,tendered,0.044
LD00826,L310,L066,"El Paso, TX","Chicago, IL",dry_van,retail,32458,False,2026-10-14T10:15,2026-10-14T16:15,2026-10-16T11:15,2026-10-16T23:15,1500.8,3525.73,standard,tendered,0.013
LD00946,L297,L187,"Jacksonville, FL","Oklahoma City, OK",flatbed,building materials,22967,False,2026-10-14T10:15,2026-10-14T12:15,2026-10-15T20:15,2026-10-16T20:15,1185.4,3368.98,critical,tendered,0.062
LD01750,L050,L240,"Atlanta, GA","Harrisburg, PA",dry_van,beverages,30280,False,2026-10-14T10:15,2026-10-14T16:15,2026-10-15T11:15,2026-10-15T23:15,718.2,1739.96,standard,tendered,0.026
LD01928,L219,L125,"Nashville, TN","Dallas, TX",dry_van,retail,32284,False,2026-10-14T10:15,2026-10-14T16:15,2026-10-15T12:15,2026-10-15T20:15,722.6,2064.67,standard,tendered,0.162
LD02234,L370,L195,"Orlando, FL","Little Rock, AR",dry_van,electronics,33205,False,2026-10-14T10:15,2026-10-14T12:15,2026-10-15T17:15,2026-10-15T21:15,917.0,2376.79,standard,tendered,0.193
LD02346,L078,L457,"Louisville, KY","Dallas, TX",dry_van,consumer goods,35909,False,2026-10-14T10:15,2026-10-14T14:15,2026-10-15T14:15,2026-10-16T02:15,877.7,2078.39,standard,tendered,0.061
LD02840,L162,L337,"Memphis, TN","Laredo, TX",dry_van,retail,23132,False,2026-10-14T10:15,2026-10-14T12:15,2026-10-15T16:15,2026-10-15T22:15,919.6,2170.45,standard,tendered,0.007
LD03055,L385,L047,"Los Angeles, CA","El Paso, TX",dry_van,beverages,27153,False,2026-10-14T10:15,2026-10-14T12:15,2026-10-15T13:15,2026-10-15T17:15,842.9,2074.66,standard,accepted,0.043
LD03117,L167,L227,"Little Rock, AR","Charlotte, NC",dry_van,consumer goods,24042,True,2026-10-14T10:15,2026-10-14T16:15,2026-10-15T13:15,2026-10-16T13:15,789.8,1873.52,standard,tendered,0.078
LD03644,L314,L256,"Charlotte, NC","Harrisburg, PA",flatbed,pipe,36458,False,2026-10-14T10:15,2026-10-14T12:15,2026-10-14T21:15,2026-10-15T01:15,510.6,1449.95,standard,tendered,0.048
LD03754,L491,L079,"Minneapolis, MN","Indianapolis, IN",dry_van,beverages,39254,False,2026-10-14T10:15,2026-10-14T12:15,2026-10-14T22:15,2026-10-15T22:15,576.6,1615.66,standard,accepted,0.14
LD04192,L170,L348,"San Antonio, TX","Los Angeles, CA",reefer,meat,42161,False,2026-10-14T10:15,2026-10-14T16:15,2026-10-16T12:15,2026-10-16T18:15,1462.5,4134.87,standard,accepted,0.017
LD00295,L220,L214,"Chicago, IL","Newark, NJ",dry_van,auto parts,23053,False,2026-10-14T10:30,2026-10-14T12:30,2026-10-15T14:30,2026-10-15T20:30,840.6,2054.52,standard,tentative,0.044
LD00360,L319,L386,"Chicago, IL","Oklahoma City, OK",dry_van,electronics,35065,False,2026-10-14T10:30,2026-10-14T12:30,2026-10-15T12:30,2026-10-15T16:30,791.0,2245.4,standard,tendered,0.012
LD00433,L392,L046,"Detroit, MI","Louisville, KY",dry_van,auto parts,37938,False,2026-10-14T10:30,2026-10-14T12:30,2026-10-14T19:30,2026-10-15T19:30,389.9,1277.07,standard,tendered,0.057
LD00787,L360,L240,"Columbus, OH","Harrisburg, PA",dry_van,paper products,38704,False,2026-10-14T10:30,2026-10-14T14:30,2026-10-14T21:30,2026-10-15T05:30,422.7,1236.18,standard,accepted,0.082
LD00817,L374,L420,"Newark, NJ","Indianapolis, IN",reefer,produce,37874,False,2026-10-14T10:30,2026-10-14T14:30,2026-10-15T12:30,2026-10-15T20:30,769.6,2202.16,standard,accepted,0.113
LD00847,L152,L373,"Memphis, TN","Atlanta, GA",dry_van,consumer goods,40911,False,2026-10-14T10:30,2026-10-14T14:30,2026-10-14T19:30,2026-10-15T01:30,403.4,1218.56,standard,tendered,0.073
LD01164,L445,L207,"Los Angeles, CA","Birmingham, AL",reefer,dairy,37154,False,2026-10-14T10:30,2026-10-14T12:30,2026-10-17T09:30,2026-10-17T13:30,2183.3,5794.1,high,tendered,0.069
LD01329,L220,L256,"Chicago, IL","Harrisburg, PA",flatbed,machinery,38068,False,2026-10-14T10:30,2026-10-14T16:30,2026-10-15T11:30,2026-10-15T17:30,675.1,2085.03,high,tendered,0.104
LD01574,L098,L426,"Houston, TX","St. Louis, MO",dry_van,electronics,39504,False,2026-10-14T10:30,2026-10-14T12:30,2026-10-15T15:30,2026-10-16T15:30,853.9,2266.15,standard,tentative,0.065
LD01896,L074,L068,"Dallas, TX","San Antonio, TX",dry_van,beverages,36301,False,2026-10-14T10:30,2026-10-14T12:30,2026-10-14T17:30,2026-10-15T01:30,275.3,899.31,standard,tendered,0.146
LD02373,L374,L266,"Newark, NJ","Columbus, OH",reefer,meat,39920,False,2026-10-14T10:30,2026-10-14T16:30,2026-10-14T23:30,2026-10-15T03:30,572.9,1665.86,high,accepted,0.017
LD02881,L046,L119,"Louisville, KY","New Orleans, LA",flatbed,building materials,23537,False,2026-10-14T10:30,2026-10-14T14:30,2026-10-15T13:30,2026-10-15T17:30,748.7,2395.12,standard,accepted,0.018
LD03144,L093,L095,"Houston, TX","Newark, NJ",dry_van,retail,23388,False,2026-10-14T10:30,2026-10-14T12:30,2026-10-16T17:30,2026-10-17T05:30,1742.0,3818.42,standard,accepted,0.015
LD03180,L098,L494,"Houston, TX","Dallas, TX",dry_van,electronics,35124,False,2026-10-14T10:30,2026-10-14T14:30,2026-10-14T19:30,2026-10-15T07:30,309.5,918.77,standard,tendered,0.013
LD03696,L153,L097,"El Paso, TX","Denver, CO",reefer,frozen food,38460,False,2026-10-14T10:30,2026-10-14T12:30,2026-10-15T10:30,2026-10-16T10:30,667.5,2144.84,standard,tendered,0.034
LD03977,L417,L247,"Nashville, TN","Jacksonville, FL",dry_van,beverages,18155,False,2026-10-14T10:30,2026-10-14T14:30,2026-10-15T00:30,2026-10-15T06:30,580.0,1504.12,standard,tendered,0.002
LD04028,L244,L310,"Dallas, TX","El Paso, TX",reefer,meat,22153,False,2026-10-14T10:30,2026-10-14T12:30,2026-10-15T11:30,2026-10-15T19:30,675.3,2056.19,high,tendered,0.016
LD04070,L355,L079,"Houston, TX","Indianapolis, IN",flatbed,machinery,21603,False,2026-10-14T10:30,2026-10-14T12:30,2026-10-15T16:30,2026-10-15T22:30,1014.0,2704.79,standard,accepted,0.05
LD04766,L108,L286,"Houston, TX","Detroit, MI",dry_van,retail,33589,False,2026-10-14T10:30,2026-10-14T18:30,2026-10-16T09:30,2026-10-16T21:30,1336.2,3086.46,standard,tendered,0.059
LD04930,L271,L373,"Austin, TX","Atlanta, GA",dry_van,beverages,36166,False,2026-10-14T10:30,2026-10-14T16:30,2026-10-15T17:30,2026-10-15T21:30,1004.2,2611.52,high,tendered,0.007
LD00578,L348,L263,"Los Angeles, CA","Nashville, TN",flatbed,pipe,18617,False,2026-10-14T10:45,2026-10-14T16:45,2026-10-17T10:45,2026-10-17T22:45,2152.2,6100.48,standard,tentative,0.088
LD00762,L246,L330,"Columbus, OH","Kansas City, MO",dry_van,retail,36410,False,2026-10-14T10:45,2026-10-14T12:45,2026-10-15T13:45,2026-10-16T01:45,764.4,1983.23,critical,tendered,0.147
LD00766,L100,L207,"Charlotte, NC","Birmingham, AL",reefer,pharmaceuticals,41858,False,2026-10-14T10:45,2026-10-14T12:45,2026-10-14T19:45,2026-10-15T03:45,377.2,1260.64,standard,accepted,0.101
LD01196,L235,L297,"Louisville, KY","Jacksonville, FL",reefer,meat,25871,False,2026-10-14T10:45,2026-10-14T16:45,2026-10-15T13:45,2026-10-16T13:45,721.2,2189.38,high,accepted,0.011
LD01715,L069,L439,"Los Angeles, CA","Oklahoma City, OK",dry_van,auto parts,38228,False,2026-10-14T10:45,2026-10-14T14:45,2026-10-16T11:45,2026-10-16T17:45,1426.3,3010.49,standard,accepted,0.085
LD02191,L475,L371,"Indianapolis, IN","Chicago, IL",flatbed,pipe,46706,False,2026-10-14T10:45,2026-10-14T12:45,2026-10-14T15:45,2026-10-14T21:45,190.3,740.63,standard,accepted,0.004
LD02286,L050,L170,"Atlanta, GA","San Antonio, TX",reefer,meat,35573,False,2026-10-14T10:45,2026-10-14T18:45,2026-10-15T18:45,2026-10-16T02:45,1061.9,2737.24,standard,tendered,0.108
LD02878,L279,L053,"Columbus, OH","Dallas, TX",dry_van,retail,30439,False,2026-10-14T10:45,2026-10-14T14:45,2026-10-15T19:45,2026-10-15T23:45,1104.2,2507.25,standard,tendered,0.109
LD02980,L098,L188,"Houston, TX","Phoenix, AZ",dry_van,beverages,33652,False,2026-10-14T10:45,2026-10-14T12:45,2026-10-15T21:45,2026-10-16T09:45,1190.2,2841.2,high,tendered,0.095
LD03098,L092,L195,"Chicago, IL","Little Rock, AR",dry_van,consumer goods,33921,False,2026-10-14T10:45,2026-10-14T12:45,2026-10-15T10:45,2026-10-15T22:45,686.4,1951.31,standard,tendered,0.041
LD03410,L152,L192,"Memphis, TN","Chicago, IL",dry_van,auto parts,17488,False,2026-10-14T10:45,2026-10-14T14:45,2026-10-14T22:45,2026-10-15T04:45,575.1,1598.11,standard,tendered,0.064
LD04020,L372,L115,"Dallas, TX","Miami, FL",dry_van,electronics,15396,False,2026-10-14T10:45,2026-10-14T18:45,2026-10-16T09:45,2026-10-16T17:45,1337.6,3042.44,standard,accepted,0.056
LD04359,L317,L169,"Little Rock, AR","Charlotte, NC",reefer,meat,24085,False,2026-10-14T10:45,2026-10-14T12:45,2026-10-15T13:45,2026-10-15T21:45,784.0,2212.59,standard,accepted,0.105
LD04416,L424,L234,"Austin, TX","Phoenix, AZ",reefer,frozen food,14601,False,2026-10-14T10:45,2026-10-14T18:45,2026-10-15T17:45,2026-10-15T23:45,1031.4,2966.12,standard,accepted,0.148
LD04786,L490,L201,"Phoenix, AZ","Dallas, TX",reefer,pharmaceuticals,36553,True,2026-10-14T10:45,2026-10-14T14:45,2026-10-15T18:45,2026-10-16T18:45,1093.4,3786.96,standard,tendered,0.115
LD04837,L106,L097,"Chicago, IL","Denver, CO",dry_van,beverages,39975,False,2026-10-14T10:45,2026-10-14T16:45,2026-10-15T18:45,2026-10-16T02:45,1104.4,2919.22,standard,accepted,0.116
LD00179,L245,L403,"Nashville, TN","Atlanta, GA",dry_van,beverages,34624,False,2026-10-14T11:00,2026-10-14T17:00,2026-10-14T18:00,2026-10-15T02:00,272.9,970.05,standard,tentative,0.007
LD00547,L148,L437,"Houston, TX","Laredo, TX",dry_van,consumer goods,41650,False,2026-10-14T11:00,2026-10-14T15:00,2026-10-14T20:00,2026-10-15T08:00,332.3,993.39,high,accepted,0.055
LD00922,L496,L129,"Jacksonville, FL","New Orleans, LA",dry_van,auto parts,10381,False,2026-10-14T11:00,2026-10-14T13:00,2026-10-14T23:00,2026-10-15T23:00,599.4,1605.98,standard,tendered,0.074
LD00937,L260,L174,"Los Angeles, CA","Indianapolis, IN",reefer,meat,40418,False,2026-10-14T11:00,2026-10-14T13:00,2026-10-17T11:00,2026-10-17T17:00,2158.6,6410.83,high,tentative,0.01
LD01051,L309,L318,"Phoenix, AZ","Memphis, TN",dry_van,consumer goods,29452,False,2026-10-14T11:00,2026-10-14T19:00,2026-10-16T14:00,2026-10-17T02:00,1539.2,4332.67,high,accepted,0.086
LD01208,L166,L349,"Atlanta, GA","Charlotte, NC",reefer,meat,37141,False,2026-10-14T11:00,2026-10-14T15:00,2026-10-14T19:00,2026-10-15T07:00,281.7,1061.43,standard,accepted,0.097
LD01638,L478,L356,"Little Rock, AR","New Orleans, LA",reefer,produce,23967,False,2026-10-14T11:00,2026-10-14T17:00,2026-10-14T21:00,2026-10-15T05:00,439.5,1466.03,standard,tendered,0.024
LD01717,L152,L341,"Memphis, TN","Charlotte, NC",dry_van,beverages,30235,False,2026-10-14T11:00,2026-10-14T17:00,2026-10-15T10:00,2026-10-15T14:00,614.1,1514.29,standard,tendered,0.028
LD01943,L423,L269,"St. Louis, MO","Harrisburg, PA",reefer,pharmaceuticals,37195,False,2026-10-14T11:00,2026-10-14T13:00,2026-10-15T15:00,2026-10-15T19:00,861.5,2594.57,high,tentative,0.057
LD02440,L332,L424,"Indianapolis, IN","Austin, TX",reefer,pharmaceuticals,25935,False,2026-10-14T11:00,2026-10-14T17:00,2026-10-15T21:00,2026-10-16T05:00,1135.1,3002.65,standard,tendered,0.058
LD02520,L141,L245,"Oklahoma City, OK","Nashville, TN",reefer,produce,25459,False,2026-10-14T11:00,2026-10-14T15:00,2026-10-15T13:00,2026-10-15T21:00,706.3,1992.94,high,tendered,0.01
LD02830,L324,L441,"Houston, TX","Columbus, OH",dry_van,electronics,15678,False,2026-10-14T11:00,2026-10-14T19:00,2026-10-15T20:00,2026-10-16T08:00,1160.9,2629.32,standard,tendered,0.083
LD03073,L469,L114,"Miami, FL","Dallas, TX",flatbed,pipe,19796,False,2026-10-14T11:00,2026-10-14T13:00,2026-10-16T11:00,2026-10-17T11:00,1342.7,4048.01,standard,accepted,0.037
LD03603,L306,L275,"Dallas, TX","Atlanta, GA",dry_van,electronics,32858,False,2026-10-14T11:00,2026-10-14T19:00,2026-10-15T16:00,2026-10-16T04:00,875.2,2338.25,standard,tendered,0.052
LD03868,L190,L411,"Oklahoma City, OK","Austin, TX",reefer,dairy,30065,True,2026-10-14T11:00,2026-10-14T13:00,2026-10-14T21:00,2026-10-15T01:00,400.0,1381.09,standard,tendered,0.019
LD04152,L426,L279,"St. Louis, MO","Columbus, OH",dry_van,paper products,35493,False,2026-10-14T11:00,2026-10-14T13:00,2026-10-14T23:00,2026-10-15T05:00,486.9,1430.34,standard,tendered,0.012
LD04927,L169,L310,"Charlotte, NC","El Paso, TX",reefer,meat,15895,False,2026-10-14T11:00,2026-10-14T19:00,2026-10-16T18:00,2026-10-17T18:00,1790.4,5010.99,high,tentative,0.008
LD00028,L291,L402,"Houston, TX","Miami, FL",dry_van,consumer goods,24512,False,2026-10-14T11:15,2026-10-14T13:15,2026-10-15T20:15,2026-10-16T20:15,1199.7,3185.37,standard,tendered,0.013
LD00227,L406,L490,"Oklahoma City, OK","Phoenix, AZ",dry_van,retail,21290,False,2026-10-14T11:15,2026-10-14T19:15,2026-10-15T17:15,2026-10-15T21:15,1016.5,2716.7,standard,tentative,0.004
LD00478,L166,L465,"Atlanta, GA","Kansas City, MO",dry_van,consumer goods,31779,False,2026-10-14T11:15,2026-10-14T17:15,2026-10-15T15:15,2026-10-16T03:15,810.5,1981.82,standard,accepted,0.017
LD00938,L293,L236,"Dallas, TX","New Orleans, LA",reefer,pharmaceuticals,28494,False,2026-10-14T11:15,2026-10-14T13:15,2026-10-14T23:15,2026-10-15T07:15,544.7,1867.17,standard,accepted,0.064
LD01405,L481,L304,"Little Rock, AR","New Orleans, LA",dry_van,beverages,34736,False,2026-10-14T11:15,2026-10-14T19:15,2026-10-14T22:15,2026-10-15T10:15,411.3,1230.21,standard,accepted,0.088
LD01454,L321,L497,"Miami, FL","Memphis, TN",dry_van,beverages,32108,False,2026-10-14T11:15,2026-10-14T13:15,2026-10-15T17:15,2026-10-16T05:15,1018.1,2780.35,standard,tendered,0.073
LD01758,L179,L170,"Los Angeles, CA","San Antonio, TX",reefer,produce,33040,False,2026-10-14T11:15,2026-10-14T15:15,2026-10-16T11:15,2026-10-16T19:15,1465.2,4208.7,standard,accepted,0.09
LD02179,L076,L108,"Harrisburg, PA","Houston, TX",dry_van,auto parts,35605,False,2026-10-14T11:15,2026-10-14T19:15,2026-10-16T13:15,2026-10-16T17:15,1512.6,3966.38,critical,accepted,0.024
LD02475,L496,L122,"Jacksonville, FL","Chicago, IL",dry_van,retail,44018,False,2026-10-14T11:15,2026-10-14T17:15,2026-10-15T17:15,2026-10-15T21:15,1025.1,2777.11,standard,tendered,0.038
LD02499,L291,L270,"Houston, TX","Detroit, MI",reefer,meat,21580,False,2026-10-14T11:15,2026-10-14T17:15,2026-10-16T09:15,2026-10-16T13:15,1365.5,3627.59,standard,tentative,0.053
LD03412,L359,L295,"Orlando, FL","New Orleans, LA",reefer,dairy,23862,False,2026-10-14T11:15,2026-10-14T13:15,2026-10-15T10:15,2026-10-15T22:15,625.0,1985.71,standard,tendered,0.058
LD03610,L281,L097,"Dallas, TX","Denver, CO",dry_van,auto parts,23997,False,2026-10-14T11:15,2026-10-14T17:15,2026-10-15T13:15,2026-10-16T13:15,794.1,1933.31,standard,tendered,0.017
LD03689,L251,L272,"Chicago, IL","Nashville, TN",dry_van,beverages,26536,False,2026-10-14T11:15,2026-10-14T19:15,2026-10-14T21:15,2026-10-15T21:15,468.4,1445.6,standard,tendered,0.015
LD03716,L276,L361,"Charlotte, NC","Little Rock, AR",dry_van,electronics,40545,False,2026-10-14T11:15,2026-10-14T13:15,2026-10-15T13:15,2026-10-16T01:15,784.5,2040.4,standard,accepted,0.061
LD03922,L099,L091,"Dallas, TX","Columbus, OH",dry_van,beverages,41501,True,2026-10-14T11:15,2026-10-14T15:15,2026-10-15T19:15,2026-10-16T19:15,1085.8,2404.86,standard,tendered,0.13
LD04024,L472,L058,"St. Louis, MO","Orlando, FL",dry_van,consumer goods,15722,False,2026-10-14T11:15,2026-10-14T15:15,2026-10-15T19:15,2026-10-16T03:15,1047.6,2504.39,high,tendered,0.012
LD04414,L360,L474,"Columbus, OH","Chicago, IL",dry_van,consumer goods,41621,False,2026-10-14T11:15,2026-10-14T17:15,2026-10-14T20:15,2026-10-15T02:15,336.4,1013.96,standard,tendered,0.069
LD04578,L292,L348,"Houston, TX","Los Angeles, CA",reefer,frozen food,24644,False,2026-10-14T11:15,2026-10-14T19:15,2026-10-16T16:15,2026-10-17T16:15,1652.6,4467.78,standard,accepted,0.174
LD04616,L196,L084,"Indianapolis, IN","St. Louis, MO",dry_van,paper products,17254,False,2026-10-14T11:15,2026-10-14T19:15,2026-10-14T17:15,2026-10-15T01:15,278.2,923.44,critical,tendered,0.029
LD04740,L251,L146,"Chicago, IL","Detroit, MI",dry_van,retail,38645,False,2026-10-14T11:15,2026-10-14T15:15,2026-10-14T18:15,2026-10-15T00:15,252.3,837.19,standard,tendered,0.043
LD04836,L406,L239,"Oklahoma City, OK","Houston, TX",reefer,pharmaceuticals,27593,False,2026-10-14T11:15,2026-10-14T19:15,2026-10-14T21:15,2026-10-15T03:15,460.3,1595.8,standard,tendered,0.043
LD00082,L146,L313,"Detroit, MI","Miami, FL",dry_van,auto parts,41514,False,2026-10-14T11:30,2026-10-14T13:30,2026-10-16T12:30,2026-10-17T12:30,1399.5,3534.4,standard,tendered,0.06
LD00171,L282,L499,"Little Rock, AR","Dallas, TX",reefer,pharmaceuticals,31941,False,2026-10-14T11:30,2026-10-14T17:30,2026-10-14T21:30,2026-10-15T09:30,323.2,1286.32,standard,tentative,0.106
LD00289,L451,L288,"Louisville, KY","Miami, FL",dry_van,retail,34147,False,2026-10-14T11:30,2026-10-14T13:30,2026-10-15T20:30,2026-10-16T08:30,1100.4,2898.77,standard,tendered,0.056
LD01365,L268,L090,"Orlando, FL","Chicago, IL",dry_van,paper products,21639,False,2026-10-14T11:30,2026-10-14T13:30,2026-10-15T22:30,2026-10-16T04:30,1172.4,3093.81,standard,tendered,0.014
LD01528,L141,L490,"Oklahoma City, OK","Phoenix, AZ",flatbed,pipe,34564,True,2026-10-14T11:30,2026-10-14T13:30,2026-10-15T19:30,2026-10-16T01:30,1012.1,2851.7,standard,accepted,0.028
LD01576,L475,L105,"Indianapolis, IN","Kansas City, MO",dry_van,electronics,35614,False,2026-10-14T11:30,2026-10-14T19:30,2026-10-14T22:30,2026-10-15T06:30,528.4,1504.67,standard,tendered,0.063
LD01924,L456,L328,"Memphis, TN","Austin, TX",dry_van,consumer goods,28064,False,2026-10-14T11:30,2026-10-14T19:30,2026-10-15T14:30,2026-10-16T14:30,694.4,1912.58,critical,tendered,0.085
LD02586,L100,L053,"Charlotte, NC","Dallas, TX",dry_van,paper products,34152,False,2026-10-14T11:30,2026-10-14T13:30,2026-10-15T19:30,2026-10-15T23:30,1084.7,2734.84,standard,tendered,0.141
LD02744,L154,L288,"Laredo, TX","Miami, FL",dry_van,electronics,28874,True,2026-10-14T11:30,2026-10-14T17:30,2026-10-16T11:30,2026-10-16T23:30,1428.6,3266.81,standard,tendered,0.099
LD03008,L246,L075,"Columbus, OH","Chicago, IL",dry_van,auto parts,27903,False,2026-10-14T11:30,2026-10-14T13:30,2026-10-14T20:30,2026-10-15T02:30,340.1,980.08,standard,accepted,0.053
LD03068,L078,L128,"Louisville, KY","Miami, FL",dry_van,paper products,22492,False,2026-10-14T11:30,2026-10-14T15:30,2026-10-15T19:30,2026-10-16T03:30,1084.3,2624.31,standard,tendered,0.092
LD03071,L244,L480,"Dallas, TX","Birmingham, AL",dry_van,auto parts,17831,False,2026-10-14T11:30,2026-10-14T13:30,2026-10-15T12:30,2026-10-15T20:30,712.6,1947.24,standard,tendered,0.018
LD03496,L355,L411,"Houston, TX","Austin, TX",dry_van,auto parts,22502,False,2026-10-14T11:30,2026-10-14T15:30,2026-10-14T16:30,2026-10-15T16:30,192.5,753.47,standard,tendered,0.066
LD03524,L221,L253,"Atlanta, GA","Newark, NJ",dry_van,paper products,30868,False,2026-10-14T11:30,2026-10-14T19:30,2026-10-15T15:30,2026-10-15T23:30,866.1,2212.93,standard,tendered,0.026
LD03662,L162,L233,"Memphis, TN","Miami, FL",dry_van,auto parts,26677,False,2026-10-14T11:30,2026-10-14T13:30,2026-10-15T19:30,2026-10-16T07:30,1066.6,2895.79,standard,accepted,0.052
LD04382,L445,L386,"Los Angeles, CA","Oklahoma City, OK",dry_van,retail,28294,False,2026-10-14T11:30,2026-10-14T19:30,2026-10-16T10:30,2026-10-16T18:30,1433.6,3596.15,standard,tendered,0.013
LD04911,L112,L105,"Columbus, OH","Kansas City, MO",dry_van,consumer goods,13089,False,2026-10-14T11:30,2026-10-14T15:30,2026-10-15T13:30,2026-10-15T17:30,747.6,1957.66,standard,tendered,0.011
LD00424,L225,L125,"Chicago, IL","Dallas, TX",reefer,produce,13630,False,2026-10-14T11:45,2026-10-14T19:45,2026-10-15T17:45,2026-10-16T01:45,971.9,2987.85,standard,accepted,0.017
LD00839,L373,L046,"Atlanta, GA","Louisville, KY",dry_van,retail,37094,False,2026-10-14T11:45,2026-10-14T19:45,2026-10-14T20:45,2026-10-15T08:45,385.4,1076.44,standard,tendered,0.011
LD01019,L366,L410,"Newark, NJ","Louisville, KY",dry_van,beverages,38581,True,2026-10-14T11:45,2026-10-14T15:45,2026-10-15T13:45,2026-10-16T13:45,768.5,1854.1,standard,tentative,0.04
LD01078,L274,L256,"St. Louis, MO","Harrisburg, PA",dry_van,electronics,26433,False,2026-10-14T11:45,2026-10-14T15:45,2026-10-15T15:45,2026-10-16T15:45,859.8,2055.46,standard,tendered,0.075
LD01533,L273,L388,"Newark, NJ","Louisville, KY",dry_van,beverages,33417,False,2026-10-14T11:45,2026-10-14T17:45,2026-10-15T12:45,2026-10-15T16:45,743.2,2010.68,standard,tendered,0.034
LD01553,L451,L275,"Louisville, KY","Atlanta, GA",reefer,pharmaceuticals,28809,False,2026-10-14T11:45,2026-10-14T13:45,2026-10-14T21:45,2026-10-15T09:45,377.9,1259.7,standard,accepted,0.006
LD01645,L165,L416,"Newark, NJ","Chicago, IL",dry_van,beverages,33884,False,2026-10-14T11:45,2026-10-14T13:45,2026-10-15T15:45,2026-10-16T15:45,849.1,2166.29,standard,accepted,0.093
LD01678,L165,L298,"Newark, NJ","Harrisburg, PA",flatbed,steel,30295,False,2026-10-14T11:45,2026-10-14T13:45,2026-10-14T16:45,2026-10-14T20:45,155.2,712.67,standard,tendered,0.064
LD02875,L170,L204,"San Antonio, TX","Kansas City, MO",dry_van,consumer goods,16559,False,2026-10-14T11:45,2026-10-14T13:45,2026-10-15T16:45,2026-10-15T20:45,861.3,2274.04,standard,tentative,0.056
LD03694,L165,L162,"Newark, NJ","Memphis, TN",dry_van,consumer goods,33663,False,2026-10-14T11:45,2026-10-14T13:45,2026-10-15T20:45,2026-10-16T20:45,1148.0,2614.72,standard,tendered,0.018
LD04213,L382,L304,"Memphis, TN","New Orleans, LA",dry_van,consumer goods,28807,False,2026-10-14T11:45,2026-10-14T19:45,2026-10-14T21:45,2026-10-15T09:45,406.9,1313.58,standard,accepted,0.036
LD04696,L380,L102,"Birmingham, AL","Indianapolis, IN",dry_van,retail,37321,False,2026-10-14T11:45,2026-10-14T13:45,2026-10-15T00:45,2026-10-15T06:45,508.2,1397.6,standard,tendered,0.036
LD00297,L169,L352,"Charlotte, NC","Chicago, IL",dry_van,auto parts,17140,False,2026-10-14T12:00,2026-10-14T20:00,2026-10-15T13:00,2026-10-15T21:00,682.0,1762.85,standard,tendered,0.038
LD00485,L400,L490,"Austin, TX","Phoenix, AZ",dry_van,electronics,39627,False,2026-10-14T12:00,2026-10-14T20:00,2026-10-15T19:00,2026-10-16T07:00,1048.4,2320.73,critical,accepted,0.033
LD00526,L453,L087,"Houston, TX","Jacksonville, FL",dry_van,electronics,15265,False,2026-10-14T12:00,2026-10-14T20:00,2026-10-15T17:00,2026-10-15T21:00,952.4,2521.43,high,accepted,0.003
LD00935,L139,L320,"Jacksonville, FL","Atlanta, GA",dry_van,electronics,33986,False,2026-10-14T12:00,2026-10-14T14:00,2026-10-14T20:00,2026-10-15T08:00,339.6,1003.63,standard,accepted,0.002
LD01476,L290,L160,"New Orleans, LA","San Antonio, TX",dry_van,paper products,43743,False,2026-10-14T12:00,2026-10-14T16:00,2026-10-15T11:00,2026-10-15T15:00,606.9,1692.97,high,tendered,0.211
LD01735,L136,L368,"San Antonio, TX","Oklahoma City, OK",dry_van,auto parts,40216,False,2026-10-14T12:00,2026-10-14T18:00,2026-10-15T00:00,2026-10-15T08:00,521.1,1328.79,standard,tendered,0.0
LD01782,L294,L125,"Los Angeles, CA","Dallas, TX",reefer,produce,29151,False,2026-10-14T12:00,2026-10-14T14:00,2026-10-16T13:00,2026-10-16T19:00,1468.0,4140.03,critical,accepted,0.033
LD01993,L211,L243,"Jacksonville, FL","Kansas City, MO",dry_van,consumer goods,21372,False,2026-10-14T12:00,2026-10-14T16:00,2026-10-15T21:00,2026-10-16T03:00,1159.2,2658.34,standard,tendered,0.12
LD02175,L059,L075,"Austin, TX","Chicago, IL",dry_van,paper products,35667,True,2026-10-14T12:00,2026-10-14T16:00,2026-10-15T22:00,2026-10-16T10:00,1197.3,3123.53,standard,tentative,0.074
LD02276,L461,L399,"Indianapolis, IN","Minneapolis, MN",reefer,dairy,22952,False,2026-10-14T12:00,2026-10-14T18:00,2026-10-15T00:00,2026-10-16T00:00,599.2,1686.81,high,tendered,0.02
LD02454,L413,L440,"Kansas City, MO","Memphis, TN",reefer,pharmaceuticals,37898,False,2026-10-14T12:00,2026-10-14T18:00,2026-10-14T23:00,2026-10-15T07:00,462.3,1561.19,standard,tendered,0.009
LD02636,L369,L090,"Columbus, OH","Chicago, IL",dry_van,consumer goods,31641,False,2026-10-14T12:00,2026-10-14T20:00,2026-10-14T21:00,2026-10-15T09:00,316.6,1095.4,standard,tentative,0.056
LD02804,L459,L202,"Houston, TX","Atlanta, GA",reefer,dairy,30837,False,2026-10-14T12:00,2026-10-14T14:00,2026-10-15T16:00,2026-10-16T16:00,839.4,2597.0,high,accepted,0.008
LD02858,L282,L364,"Little Rock, AR","Kansas City, MO",reefer,dairy,41324,False,2026-10-14T12:00,2026-10-14T20:00,2026-10-15T00:00,2026-10-15T12:00,428.7,1314.32,high,tendered,0.098
LD02966,L130,L353,"Memphis, TN","Atlanta, GA",reefer,meat,28487,False,2026-10-14T12:00,2026-10-14T16:00,2026-10-14T22:00,2026-10-15T04:00,397.0,1349.55,standard,tendered,0.002
LD03040,L191,L110,"Los Angeles, CA","Dallas, TX",dry_van,paper products,37026,False,2026-10-14T12:00,2026-10-14T20:00,2026-10-16T15:00,2026-10-17T15:00,1482.2,3183.12,standard,accepted,0.158
LD03935,L417,L402,"Nashville, TN","Miami, FL",dry_van,consumer goods,38055,True,2026-10-14T12:00,2026-10-14T14:00,2026-10-15T19:00,2026-10-16T03:00,994.3,2592.53,high,tendered,0.006
LD04067,L217,L398,"Charlotte, NC","Jacksonville, FL",reefer,pharmaceuticals,29230,False,2026-10-14T12:00,2026-10-14T16:00,2026-10-14T23:00,2026-10-15T03:00,424.0,1479.19,standard,tendered,0.159
LD04127,L293,L227,"Dallas, TX","Charlotte, NC",dry_van,retail,32632,False,2026-10-14T12:00,2026-10-14T20:00,2026-10-15T20:00,2026-10-16T02:00,1087.5,2897.55,standard,tendered,0.236
LD04253,L168,L306,"Jacksonville, FL","Dallas, TX",dry_van,auto parts,33342,False,2026-10-14T12:00,2026-10-14T14:00,2026-10-15T20:00,2026-10-16T02:00,1109.3,2486.75,standard,accepted,0.023
LD04267,L092,L061,"Chicago, IL","Charlotte, NC",dry_van,auto parts,31470,False,2026-10-14T12:00,2026-10-14T16:00,2026-10-15T13:00,2026-10-15T19:00,701.2,2024.89,standard,tendered,0.048
LD04299,L106,L053,"Chicago, IL","Dallas, TX",dry_van,beverages,32671,False,2026-10-14T12:00,2026-10-14T16:00,2026-10-15T18:00,2026-10-16T06:00,986.4,2371.92,standard,tendered,0.199
LD04430,L169,L185,"Charlotte, NC","Newark, NJ",reefer,pharmaceuticals,37524,False,2026-10-14T12:00,2026-10-14T20:00,2026-10-15T01:00,2026-10-15T07:00,595.8,2000.15,high,tentative,0.023
LD04718,L158,L295,"Atlanta, GA","New Orleans, LA",dry_van,paper products,20385,False,2026-10-14T12:00,2026-10-14T20:00,2026-10-14T23:00,2026-10-15T11:00,471.0,1476.69,standard,tendered,0.044
LD00103,L459,L102,"Houston, TX","Indianapolis, IN",reefer,pharmaceuticals,36492,False,2026-10-14T12:15,2026-10-14T14:15,2026-10-15T20:15,2026-10-16T02:15,1035.3,3044.09,high,accepted,0.101
LD00121,L491,L257,"Minneapolis, MN","Columbus, OH",flatbed,lumber,34588,False,2026-10-14T12:15,2026-10-14T20:15,2026-10-15T13:15,2026-10-15T19:15,735.8,2081.38,standard,accepted,0.009
LD00301,L050,L471,"Atlanta, GA","Charlotte, NC",dry_van,retail,35466,False,2026-10-14T12:15,2026-10-14T14:15,2026-10-14T19:15,2026-10-14T23:15,256.3,818.58,standard,tendered,0.027
LD00567,L211,L431,"Jacksonville, FL","Laredo, TX",dry_van,beverages,43053,False,2026-10-14T12:15,2026-10-14T20:15,2026-10-16T10:15,2026-10-16T16:15,1315.3,2802.4,standard,tendered,0.13
LD00599,L445,L357,"Los Angeles, CA","Indianapolis, IN",reefer,meat,34687,False,2026-10-14T12:15,2026-10-14T20:15,2026-10-17T11:15,2026-10-17T19:15,2195.4,6423.47,standard,tendered,0.056
LD00604,L481,L182,"Little Rock, AR","Denver, CO",dry_van,beverages,13632,False,2026-10-14T12:15,2026-10-14T14:15,2026-10-15T20:15,2026-10-16T02:15,973.6,2455.19,standard,tendered,0.034
LD00902,L112,L095,"Columbus, OH","Newark, NJ",flatbed,steel,42323,False,2026-10-14T12:15,2026-10-14T20:15,2026-10-15T01:15,2026-10-15T09:15,561.0,1521.56,standard,tendered,0.019
LD02173,L423,L063,"St. Louis, MO","San Antonio, TX",dry_van,electronics,27956,False,2026-10-14T12:15,2026-10-14T16:15,2026-10-15T17:15,2026-10-16T17:15,955.1,2127.42,high,accepted,0.06
LD02193,L307,L318,"Chicago, IL","Memphis, TN",dry_van,retail,39199,False,2026-10-14T12:15,2026-10-14T18:15,2026-10-15T01:15,2026-10-15T09:15,596.0,1589.89,critical,tendered,0.007
LD02615,L384,L246,"Minneapolis, MN","Columbus, OH",dry_van,retail,40354,False,2026-10-14T12:15,2026-10-14T16:15,2026-10-15T14:15,2026-10-15T22:15,753.6,1882.58,standard,tendered,0.166
LD02979,L279,L075,"Columbus, OH","Chicago, IL",dry_van,beverages,30325,False,2026-10-14T12:15,2026-10-14T18:15,2026-10-14T21:15,2026-10-15T05:15,339.8,1022.86,critical,accepted,0.076
LD03212,L143,L167,"Chicago, IL","Little Rock, AR",dry_van,paper products,30928,False,2026-10-14T12:15,2026-10-14T16:15,2026-10-15T13:15,2026-10-16T13:15,647.4,1730.15,standard,accepted,0.063
LD03819,L129,L392,"New Orleans, LA","Detroit, MI",dry_van,consumer goods,21497,False,2026-10-14T12:15,2026-10-14T14:15,2026-10-15T21:15,2026-10-16T03:15,1152.8,3051.25,standard,accepted,0.063
LD04069,L294,L318,"Los Angeles, CA","Memphis, TN",dry_van,paper products,37070,False,2026-10-14T12:15,2026-10-14T18:15,2026-10-17T08:15,2026-10-18T08:15,1930.0,4663.83,standard,tendered,0.065
LD04132,L220,L413,"Chicago, IL","Kansas City, MO",dry_van,beverages,42228,False,2026-10-14T12:15,2026-10-14T18:15,2026-10-15T00:15,2026-10-16T00:15,507.1,1549.07,standard,tentative,0.036
LD04186,L317,L380,"Little Rock, AR","Birmingham, AL",dry_van,beverages,33483,False,2026-10-14T12:15,2026-10-14T16:15,2026-10-14T22:15,2026-10-15T02:15,386.6,1232.06,standard,tendered,0.091
LD04341,L406,L100,"Oklahoma City, OK","Charlotte, NC",dry_van,paper products,26624,False,2026-10-14T12:15,2026-10-14T16:15,2026-10-15T20:15,2026-10-16T02:15,1103.5,2436.77,standard,tendered,0.269
LD00083,L290,L042,"New Orleans, LA","Chicago, IL",dry_van,paper products,31521,False,2026-10-14T12:30,2026-10-14T14:30,2026-10-15T18:30,2026-10-16T18:30,989.5,2703.08,standard,accepted,0.08
LD00472,L480,L217,"Birmingham, AL","Charlotte, NC",reefer,meat,36527,False,2026-10-14T12:30,2026-10-14T18:30,2026-10-14T21:30,2026-10-15T21:30,413.4,1342.09,standard,tendered,0.001
LD00596,L469,L295,"Miami, FL","New Orleans, LA",reefer,pharmaceuticals,36506,False,2026-10-14T12:30,2026-10-14T14:30,2026-10-15T16:30,2026-10-15T22:30,804.7,2833.69,standard,accepted,0.024
LD00989,L274,L365,"St. Louis, MO","Birmingham, AL",reefer,meat,32446,False,2026-10-14T12:30,2026-10-14T16:30,2026-10-14T23:30,2026-10-15T23:30,463.7,1652.65,standard,accepted,0.015
LD01351,L360,L465,"Columbus, OH","Kansas City, MO",dry_van,retail,37328,False,2026-10-14T12:30,2026-10-14T14:30,2026-10-15T14:30,2026-10-15T18:30,720.7,1822.12,standard,tendered,0.012
LD02054,L180,L361,"New Orleans, LA","Little Rock, AR",dry_van,beverages,38227,False,2026-10-14T12:30,2026-10-14T16:30,2026-10-14T23:30,2026-10-15T11:30,426.7,1163.03,standard,tendered,0.078
LD02098,L140,L150,"Kansas City, MO","Columbus, OH",dry_van,electronics,31561,False,2026-10-14T12:30,2026-10-14T14:30,2026-10-15T13:30,2026-10-16T01:30,750.7,1946.55,standard,accepted,0.085
LD02496,L075,L134,"Chicago, IL","Denver, CO",flatbed,building materials,28141,False,2026-10-14T12:30,2026-10-14T18:30,2026-10-15T20:30,2026-10-16T20:30,1112.6,2680.36,standard,accepted,0.006
LD02521,L412,L206,"Memphis, TN","Oklahoma City, OK",dry_van,retail,23071,False,2026-10-14T12:30,2026-10-14T14:30,2026-10-14T22:30,2026-10-15T10:30,484.7,1298.63,standard,accepted,0.063
LD03114,L346,L349,"Houston, TX","Charlotte, NC",dry_van,retail,31540,False,2026-10-14T12:30,2026-10-14T18:30,2026-10-15T19:30,2026-10-16T01:30,1114.6,2710.29,standard,accepted,0.045
LD03221,L380,L370,"Birmingham, AL","Orlando, FL",reefer,dairy,20002,False,2026-10-14T12:30,2026-10-14T16:30,2026-10-15T02:30,2026-10-15T08:30,577.2,1761.07,standard,tendered,0.004
LD04483,L075,L306,"Chicago, IL","Dallas, TX",dry_van,retail,37667,False,2026-10-14T12:30,2026-10-14T14:30,2026-10-15T18:30,2026-10-16T02:30,955.4,2392.21,standard,accepted,0.086
LD04572,L443,L486,"Minneapolis, MN","Louisville, KY",dry_van,auto parts,16865,False,2026-10-14T12:30,2026-10-14T20:30,2026-10-15T16:30,2026-10-16T04:30,757.5,2085.06,critical,tendered,0.063
LD00678,L478,L345,"Little Rock, AR","Los Angeles, CA",dry_van,consumer goods,32853,False,2026-10-14T12:45,2026-10-14T14:45,2026-10-16T18:45,2026-10-17T02:45,1775.1,4404.63,standard,tendered,0.031
LD00710,L183,L320,"Louisville, KY","Atlanta, GA",dry_van,paper products,28328,False,2026-10-14T12:45,2026-10-14T16:45,2026-10-14T22:45,2026-10-15T06:45,424.0,1210.58,standard,tendered,0.029
LD01007,L456,L304,"Memphis, TN","New Orleans, LA",reefer,frozen food,30287,False,2026-10-14T12:45,2026-10-14T14:45,2026-10-15T00:45,2026-10-15T08:45,432.9,1571.74,standard,tendered,0.013
LD01047,L051,L423,"Indianapolis, IN","St. Louis, MO",dry_van,paper products,31394,False,2026-10-14T12:45,2026-10-14T14:45,2026-10-14T20:45,2026-10-15T20:45,259.3,912.3,standard,tentative,0.041
LD01144,L269,L207,"Harrisburg, PA","Birmingham, AL",dry_van,retail,19227,False,2026-10-14T12:45,2026-10-14T16:45,2026-10-15T18:45,2026-10-16T06:45,849.0,2213.77,standard,accepted,0.001
LD01203,L338,L120,"Dallas, TX","Austin, TX",flatbed,building materials,23532,False,2026-10-14T12:45,2026-10-14T16:45,2026-10-14T18:45,2026-10-15T02:45,243.8,831.22,standard,accepted,0.094
LD01430,L167,L294,"Little Rock, AR","Los Angeles, CA",dry_van,electronics,35294,False,2026-10-14T12:45,2026-10-14T14:45,2026-10-16T18:45,2026-10-16T22:45,1728.0,4077.76,standard,accepted,0.049
LD01690,L051,L338,"Indianapolis, IN","Dallas, TX",dry_van,beverages,23559,False,2026-10-14T12:45,2026-10-14T14:45,2026-10-15T17:45,2026-10-16T17:45,899.9,2038.09,standard,tendered,0.098
LD01863,L146,L275,"Detroit, MI","Atlanta, GA",reefer,pharmaceuticals,24614,False,2026-10-14T12:45,2026-10-14T14:45,2026-10-15T14:45,2026-10-16T02:45,703.2,2035.97,standard,tendered,0.078
LD02237,L475,L338,"Indianapolis, IN","Dallas, TX",reefer,meat,40469,False,2026-10-14T12:45,2026-10-14T18:45,2026-10-15T16:45,2026-10-15T20:45,911.8,2382.97,standard,tendered,0.02
LD02353,L405,L253,"St. Louis, MO","Newark, NJ",dry_van,paper products,19221,False,2026-10-14T12:45,2026-10-14T14:45,2026-10-15T19:45,2026-10-16T01:45,1032.5,2412.86,standard,accepted,0.085
LD02413,L319,L298,"Chicago, IL","Harrisburg, PA",reefer,produce,41450,False,2026-10-14T12:45,2026-10-14T16:45,2026-10-15T13:45,2026-10-16T01:45,723.6,2241.98,standard,accepted,0.04
LD02635,L103,L142,"Chicago, IL","Atlanta, GA",dry_van,auto parts,35678,True,2026-10-14T12:45,2026-10-14T14:45,2026-10-15T14:45,2026-10-15T20:45,747.6,1810.4,standard,tentative,0.02
LD03184,L198,L306,"Minneapolis, MN","Dallas, TX",dry_van,beverages,41009,False,2026-10-14T12:45,2026-10-14T18:45,2026-10-15T20:45,2026-10-16T20:45,1027.2,2681.22,standard,tentative,0.08
LD03248,L083,L256,"Indianapolis, IN","Harrisburg, PA",dry_van,beverages,39451,False,2026-10-14T12:45,2026-10-14T20:45,2026-10-15T01:45,2026-10-16T01:45,584.6,1587.47,high,tendered,0.188
LD03372,L049,L356,"Memphis, TN","New Orleans, LA",dry_van,electronics,24675,False,2026-10-14T12:45,2026-10-14T14:45,2026-10-14T23:45,2026-10-15T23:45,437.1,1185.47,standard,accepted,0.04
LD03660,L343,L119,"Louisville, KY","New Orleans, LA",dry_van,retail,21547,False,2026-10-14T12:45,2026-10-14T16:45,2026-10-15T16:45,2026-10-15T20:45,780.5,1810.27,standard,tendered,0.001
LD03864,L498,L440,"Louisville, KY","Memphis, TN",dry_van,consumer goods,21410,False,2026-10-14T12:45,2026-10-14T18:45,2026-10-14T22:45,2026-10-15T22:45,396.0,1179.73,high,tendered,0.026
LD04158,L443,L270,"Minneapolis, MN","Detroit, MI",reefer,produce,32871,False,2026-10-14T12:45,2026-10-14T20:45,2026-10-15T14:45,2026-10-15T18:45,643.4,2126.7,standard,tendered,0.341
LD04183,L246,L299,"Columbus, OH","Kansas City, MO",dry_van,electronics,33075,False,2026-10-14T12:45,2026-10-14T20:45,2026-10-15T15:45,2026-10-15T19:45,766.4,1893.69,standard,tentative,0.005
LD04580,L086,L357,"Memphis, TN","Indianapolis, IN",dry_van,consumer goods,24846,False,2026-10-14T12:45,2026-10-14T14:45,2026-10-14T23:45,2026-10-15T07:45,489.4,1493.26,standard,tendered,0.038
LD00115,L371,L368,"Chicago, IL","Oklahoma City, OK",dry_van,auto parts,36571,False,2026-10-14T13:00,2026-10-14T17:00,2026-10-15T19:00,2026-10-16T19:00,854.4,2089.45,standard,tendered,0.037
LD00309,L250,L180,"Chicago, IL","New Orleans, LA",dry_van,retail,39283,False,2026-10-14T13:00,2026-10-14T17:00,2026-10-15T19:00,2026-10-16T01:00,1007.6,2379.54,standard,tendered,0.031
LD00487,L116,L421,"Charlotte, NC","Louisville, KY",dry_van,paper products,13036,False,2026-10-14T13:00,2026-10-14T19:00,2026-10-14T23:00,2026-10-15T11:00,396.2,1108.69,standard,tendered,0.013
LD00702,L062,L403,"Laredo, TX","Atlanta, GA",flatbed,machinery,24911,False,2026-10-14T13:00,2026-10-14T15:00,2026-10-16T00:00,2026-10-16T06:00,1158.9,3069.44,standard,tendered,0.022
LD01487,L437,L176,"Laredo, TX","Denver, CO",dry_van,electronics,28418,False,2026-10-14T13:00,2026-10-14T15:00,2026-10-15T23:00,2026-10-16T23:00,1108.2,2833.22,standard,tentative,0.186
LD01547,L075,L330,"Chicago, IL","Kansas City, MO",dry_van,paper products,37658,False,2026-10-14T13:00,2026-10-14T15:00,2026-10-15T01:00,2026-10-16T01:00,508.9,1305.98,standard,tendered,0.125
LD01581,L150,L218,"Columbus, OH","Oklahoma City, OK",reefer,dairy,23370,False,2026-10-14T13:00,2026-10-14T19:00,2026-10-15T20:00,2026-10-16T00:00,1036.5,3176.63,critical,tendered,0.03
LD01605,L138,L420,"Little Rock, AR","Indianapolis, IN",dry_van,auto parts,37252,True,2026-10-14T13:00,2026-10-14T19:00,2026-10-15T02:00,2026-10-15T10:00,588.1,1481.24,standard,tendered,0.032
LD02086,L176,L492,"Denver, CO","Charlotte, NC",dry_van,auto parts,29282,False,2026-10-14T13:00,2026-10-14T15:00,2026-10-16T17:00,2026-10-17T17:00,1583.6,4372.06,standard,tendered,0.056
LD02246,L335,L136,"Los Angeles, CA","San Antonio, TX",dry_van,retail,39271,False,2026-10-14T13:00,2026-10-14T19:00,2026-10-16T15:00,2026-10-17T03:00,1464.5,3235.24,standard,tendered,0.051
LD02386,L173,L480,"Atlanta, GA","Birmingham, AL",reefer,pharmaceuticals,19126,False,2026-10-14T13:00,2026-10-14T15:00,2026-10-14T18:00,2026-10-15T06:00,147.2,632.04,standard,accepted,0.017
LD02448,L449,L320,"Indianapolis, IN","Atlanta, GA",dry_van,auto parts,44173,False,2026-10-14T13:00,2026-10-14T19:00,2026-10-15T00:00,2026-10-15T08:00,514.2,1545.79,standard,tendered,0.019
LD02803,L046,L395,"Louisville, KY","Austin, TX",dry_van,consumer goods,20909,False,2026-10-14T13:00,2026-10-14T21:00,2026-10-15T21:00,2026-10-16T03:00,1039.9,2344.26,high,tentative,0.091
LD03721,L213,L263,"Jacksonville, FL","Nashville, TN",dry_van,auto parts,42558,False,2026-10-14T13:00,2026-10-14T15:00,2026-10-15T01:00,2026-10-16T01:00,562.5,1509.22,standard,accepted,0.09
LD03930,L072,L205,"Atlanta, GA","Oklahoma City, OK",reefer,pharmaceuticals,40157,False,2026-10-14T13:00,2026-10-14T19:00,2026-10-15T18:00,2026-10-16T18:00,895.6,2610.66,standard,accepted,0.031
LD04063,L418,L479,"Jacksonville, FL","San Antonio, TX",dry_van,electronics,30060,False,2026-10-14T13:00,2026-10-14T15:00,2026-10-15T23:00,2026-10-16T05:00,1198.0,3098.84,standard,tendered,0.09
LD04781,L333,L419,"Miami, FL","Charlotte, NC",reefer,produce,38517,False,2026-10-14T13:00,2026-10-14T21:00,2026-10-15T18:00,2026-10-15T22:00,832.7,2923.75,standard,tendered,0.083
LD04868,L265,L481,"Harrisburg, PA","Little Rock, AR",dry_van,auto parts,29001,False,2026-10-14T13:00,2026-10-14T15:00,2026-10-15T21:00,2026-10-16T03:00,1117.1,2563.84,standard,tendered,0.03
LD01011,L251,L182,"Chicago, IL","Denver, CO",dry_van,consumer goods,29752,False,2026-10-14T13:15,2026-10-14T19:15,2026-10-15T21:15,2026-10-16T21:15,1113.1,2709.16,critical,accepted,0.069
LD01132,L391,L202,"Austin, TX","Atlanta, GA",reefer,dairy,33253,True,2026-10-14T13:15,2026-10-14T15:15,2026-10-15T21:15,2026-10-16T21:15,1015.2,2702.23,standard,accepted,0.052
LD01473,L371,L114,"Chicago, IL","Dallas, TX",reefer,dairy,39147,False,2026-10-14T13:15,2026-10-14T21:15,2026-10-15T21:15,2026-10-16T09:15,961.8,3085.99,standard,tentative,0.011
LD01843,L143,L159,"Chicago, IL","Houston, TX",dry_van,electronics,26280,False,2026-10-14T13:15,2026-10-14T17:15,2026-10-15T23:15,2026-10-16T03:15,1130.5,2986.82,high,tendered,0.056
LD02243,L244,L274,"Dallas, TX","St. Louis, MO",dry_van,beverages,33401,False,2026-10-14T13:15,2026-10-14T17:15,2026-10-15T13:15,2026-10-15T21:15,637.1,1878.87,standard,accepted,0.013
LD02425,L051,L245,"Indianapolis, IN","Nashville, TN",dry_van,retail,44343,False,2026-10-14T13:15,2026-10-14T21:15,2026-10-14T21:15,2026-10-15T01:15,267.6,852.04,standard,accepted,0.05
LD02850,L278,L432,"Newark, NJ","Miami, FL",dry_van,paper products,33290,False,2026-10-14T13:15,2026-10-14T17:15,2026-10-16T11:15,2026-10-16T17:15,1304.6,2953.6,high,tendered,0.085
LD03043,L053,L430,"Dallas, TX","Minneapolis, MN",dry_van,paper products,39132,False,2026-10-14T13:15,2026-10-14T19:15,2026-10-15T21:15,2026-10-16T21:15,1050.1,2380.54,critical,tendered,0.012
LD03439,L209,L464,"Phoenix, AZ","Louisville, KY",dry_van,paper products,32290,False,2026-10-14T13:15,2026-10-14T15:15,2026-10-17T06:15,2026-10-17T18:15,1820.2,4392.91,standard,accepted,0.05
LD04575,L250,L189,"Chicago, IL","Harrisburg, PA",dry_van,beverages,25880,False,2026-10-14T13:15,2026-10-14T19:15,2026-10-15T13:15,2026-10-15T19:15,683.4,1825.48,standard,accepted,0.028
LD04618,L212,L309,"Austin, TX","Phoenix, AZ",reefer,produce,40635,False,2026-10-14T13:15,2026-10-14T15:15,2026-10-15T21:15,2026-10-16T09:15,1063.1,3349.57,high,tendered,0.024
LD04624,L292,L497,"Houston, TX","Memphis, TN",dry_van,paper products,31493,False,2026-10-14T13:15,2026-10-14T21:15,2026-10-15T03:15,2026-10-16T03:15,588.1,1692.04,standard,accepted,0.119
LD00073,L373,L370,"Atlanta, GA","Orlando, FL",dry_van,paper products,38435,False,2026-10-14T13:30,2026-10-14T19:30,2026-10-15T00:30,2026-10-15T06:30,482.7,1425.82,standard,tendered,0.058
LD00280,L172,L404,"New Orleans, LA","Kansas City, MO",dry_van,paper products,35024,False,2026-10-14T13:30,2026-10-14T15:30,2026-10-15T16:30,2026-10-16T04:30,818.4,2057.47,standard,tendered,0.016
LD00358,L223,L287,"Kansas City, MO","Atlanta, GA",dry_van,paper products,17453,False,2026-10-14T13:30,2026-10-14T17:30,2026-10-15T15:30,2026-10-16T03:30,810.4,2059.18,standard,tendered,0.006
LD00379,L265,L067,"Harrisburg, PA","Houston, TX",dry_van,consumer goods,24108,False,2026-10-14T13:30,2026-10-14T21:30,2026-10-16T14:30,2026-10-17T02:30,1519.3,3650.16,standard,accepted,0.048
LD00748,L292,L151,"Houston, TX","Minneapolis, MN",reefer,produce,36932,False,2026-10-14T13:30,2026-10-14T19:30,2026-10-16T11:30,2026-10-16T23:30,1263.2,3788.43,standard,accepted,0.038
LD01035,L162,L473,"Memphis, TN","Phoenix, AZ",dry_van,consumer goods,43323,False,2026-10-14T13:30,2026-10-14T17:30,2026-10-16T15:30,2026-10-16T23:30,1521.8,3402.4,critical,accepted,0.04
LD01467,L060,L090,"Dallas, TX","Chicago, IL",reefer,frozen food,38089,False,2026-10-14T13:30,2026-10-14T15:30,2026-10-15T19:30,2026-10-16T07:30,973.8,2976.76,standard,accepted,0.02
LD01699,L173,L286,"Atlanta, GA","Detroit, MI",reefer,pharmaceuticals,37871,False,2026-10-14T13:30,2026-10-14T21:30,2026-10-15T14:30,2026-10-16T14:30,711.4,2364.42,standard,tendered,0.1
LD01754,L221,L126,"Atlanta, GA","Miami, FL",reefer,frozen food,35889,False,2026-10-14T13:30,2026-10-14T21:30,2026-10-15T15:30,2026-10-15T23:30,752.2,2382.04,high,tendered,0.128
LD02228,L371,L420,"Chicago, IL","Indianapolis, IN",reefer,meat,40862,False,2026-10-14T13:30,2026-10-14T21:30,2026-10-14T21:30,2026-10-15T01:30,204.2,835.7,standard,tendered,0.012
LD02231,L132,L472,"Miami, FL","St. Louis, MO",dry_van,consumer goods,28465,False,2026-10-14T13:30,2026-10-14T15:30,2026-10-16T12:30,2026-10-16T20:30,1323.3,3694.97,standard,accepted,0.251
LD03401,L157,L393,"Dallas, TX","El Paso, TX",dry_van,beverages,41986,False,2026-10-14T13:30,2026-10-14T19:30,2026-10-15T14:30,2026-10-16T02:30,704.0,1917.17,standard,accepted,0.071
LD04201,L424,L099,"Austin, TX","Dallas, TX",reefer,dairy,33178,False,2026-10-14T13:30,2026-10-14T21:30,2026-10-14T20:30,2026-10-15T02:30,274.9,979.52,standard,tendered,0.017
LD04303,L297,L154,"Jacksonville, FL","Laredo, TX",dry_van,retail,26100,True,2026-10-14T13:30,2026-10-14T19:30,2026-10-16T11:30,2026-10-16T17:30,1316.0,2958.13,standard,tendered,0.034
LD04920,L485,L249,"Nashville, TN","Little Rock, AR",dry_van,retail,38165,False,2026-10-14T13:30,2026-10-14T17:30,2026-10-14T23:30,2026-10-15T07:30,382.8,1135.2,high,accepted,0.127
LD00327,L426,L437,"St. Louis, MO","Laredo, TX",dry_van,auto parts,33351,False,2026-10-14T13:45,2026-10-14T19:45,2026-10-15T23:45,2026-10-16T03:45,1135.7,2782.85,standard,tendered,0.05
LD00514,L138,L128,"Little Rock, AR","Miami, FL",dry_van,beverages,33452,False,2026-10-14T13:45,2026-10-14T19:45,2026-10-15T22:45,2026-10-16T02:45,1142.5,2572.96,standard,accepted,0.146
LD00635,L381,L206,"Los Angeles, CA","Oklahoma City, OK",dry_van,consumer goods,32666,False,2026-10-14T13:45,2026-10-14T15:45,2026-10-16T13:45,2026-10-17T13:45,1426.9,3703.44,high,tentative,0.03
LD01813,L491,L419,"Minneapolis, MN","Charlotte, NC",flatbed,building materials,34301,False,2026-10-14T13:45,2026-10-14T15:45,2026-10-15T21:45,2026-10-16T03:45,1123.1,3182.38,standard,tendered,0.048
LD01900,L143,L206,"Chicago, IL","Oklahoma City, OK",dry_van,electronics,29784,False,2026-10-14T13:45,2026-10-14T15:45,2026-10-15T17:45,2026-10-16T17:45,819.9,2168.9,standard,accepted,0.243
LD02009,L331,L432,"Little Rock, AR","Miami, FL",dry_van,retail,42438,False,2026-10-14T13:45,2026-10-14T17:45,2026-10-15T22:45,2026-10-16T10:45,1129.1,3032.2,standard,tendered,0.037
LD02208,L251,L084,"Chicago, IL","St. Louis, MO",dry_van,auto parts,32586,False,2026-10-14T13:45,2026-10-14T21:45,2026-10-14T20:45,2026-10-15T02:45,283.1,1006.3,standard,tendered,0.011
LD03278,L319,L051,"Chicago, IL","Indianapolis, IN",reefer,frozen food,37648,False,2026-10-14T13:45,2026-10-14T15:45,2026-10-14T19:45,2026-10-15T19:45,222.6,848.33,standard,accepted,0.068
LD03997,L324,L145,"Houston, TX","Newark, NJ",dry_van,electronics,32470,False,2026-10-14T13:45,2026-10-14T17:45,2026-10-16T17:45,2026-10-17T01:45,1683.5,3803.64,standard,tendered,0.029
LD04001,L442,L159,"St. Louis, MO","Houston, TX",reefer,produce,19226,False,2026-10-14T13:45,2026-10-14T17:45,2026-10-15T17:45,2026-10-16T01:45,851.7,2369.36,standard,tendered,0.031
LD04130,L232,L058,"San Antonio, TX","Orlando, FL",reefer,frozen food,33195,False,2026-10-14T13:45,2026-10-14T19:45,2026-10-16T11:45,2026-10-16T17:45,1234.7,3740.91,standard,tendered,0.076
LD04743,L496,L412,"Jacksonville, FL","Memphis, TN",dry_van,auto parts,21255,False,2026-10-14T13:45,2026-10-14T15:45,2026-10-15T14:45,2026-10-16T14:45,714.1,1734.85,high,tendered,0.159
LD04891,L414,L348,"Memphis, TN","Los Angeles, CA",dry_van,electronics,34390,False,2026-10-14T13:45,2026-10-14T15:45,2026-10-17T09:45,2026-10-17T15:45,1938.7,4397.62,standard,tendered,0.1
LD00278,L119,L352,"New Orleans, LA","Chicago, IL",dry_van,consumer goods,36660,False,2026-10-14T14:00,2026-10-14T20:00,2026-10-15T21:00,2026-10-16T03:00,979.4,2657.61,high,tendered,0.022
LD00415,L337,L234,"Laredo, TX","Phoenix, AZ",dry_van,beverages,23093,False,2026-10-14T14:00,2026-10-14T16:00,2026-10-15T23:00,2026-10-16T11:00,1012.3,2486.82,standard,tendered,0.05
LD01098,L444,L097,"Phoenix, AZ","Denver, CO",reefer,dairy,39408,False,2026-10-14T14:00,2026-10-14T22:00,2026-10-15T15:00,2026-10-16T15:00,709.4,2746.26,critical,tendered,0.002
LD01875,L173,L056,"Atlanta, GA","Minneapolis, MN",dry_van,paper products,35135,False,2026-10-14T14:00,2026-10-14T16:00,2026-10-15T22:00,2026-10-16T02:00,1085.2,2865.17,high,tendered,0.069
LD02088,L332,L481,"Indianapolis, IN","Little Rock, AR",dry_van,electronics,38619,False,2026-10-14T14:00,2026-10-14T16:00,2026-10-15T03:00,2026-10-16T03:00,555.1,1533.41,high,tendered,0.007
LD02458,L203,L279,"St. Louis, MO","Columbus, OH",flatbed,machinery,44682,False,2026-10-14T14:00,2026-10-14T16:00,2026-10-15T00:00,2026-10-15T12:00,478.5,1471.53,standard,tendered,0.055
LD03038,L355,L058,"Houston, TX","Orlando, FL",dry_van,electronics,38130,False,2026-10-14T14:00,2026-10-14T16:00,2026-10-15T20:00,2026-10-16T02:00,1017.2,2334.12,standard,accepted,0.047
LD04365,L423,L052,"St. Louis, MO","Atlanta, GA",reefer,dairy,32735,False,2026-10-14T14:00,2026-10-14T20:00,2026-10-15T02:00,2026-10-15T14:00,549.0,1805.68,high,accepted,0.015
LD04813,L183,L393,"Louisville, KY","El Paso, TX",dry_van,retail,36042,False,2026-10-14T14:00,2026-10-14T20:00,2026-10-16T16:00,2026-10-17T04:00,1538.2,3972.15,high,accepted,0.057
LD04877,L116,L257,"Charlotte, NC","Columbus, OH",reefer,meat,30122,False,2026-10-14T14:00,2026-10-14T16:00,2026-10-15T00:00,2026-10-15T06:00,397.4,1264.83,standard,accepted,0.01
LD00025,L076,L158,"Harrisburg, PA","Atlanta, GA",dry_van,auto parts,23596,False,2026-10-14T14:15,2026-10-14T18:15,2026-10-15T16:15,2026-10-16T04:15,736.8,1772.38,standard,accepted,0.236
LD00229,L281,L217,"Dallas, TX","Charlotte, NC",dry_van,beverages,30124,False,2026-10-14T14:15,2026-10-14T18:15,2026-10-15T22:15,2026-10-16T06:15,1131.5,2853.43,standard,tendered,0.15
LD00482,L158,L247,"Atlanta, GA","Jacksonville, FL",reefer,produce,29578,False,2026-10-14T14:15,2026-10-14T16:15,2026-10-14T22:15,2026-10-15T02:15,327.6,1274.81,standard,accepted,0.092
LD00689,L324,L201,"Houston, TX","Dallas, TX",dry_van,beverages,34050,False,2026-10-14T14:15,2026-10-14T20:15,2026-10-14T20:15,2026-10-15T04:15,242.6,900.2,standard,tentative,0.001
LD00777,L155,L254,"Los Angeles, CA","Chicago, IL",dry_van,retail,15788,False,2026-10-14T14:15,2026-10-14T20:15,2026-10-17T12:15,2026-10-18T12:15,2070.5,4482.03,standard,accepted,0.062
LD00986,L413,L393,"Kansas City, MO","El Paso, TX",dry_van,paper products,31802,False,2026-10-14T14:15,2026-10-14T16:15,2026-10-15T21:15,2026-10-16T05:15,1016.1,2645.78,standard,accepted,0.008
LD01066,L184,L142,"Newark, NJ","Atlanta, GA",dry_van,retail,40402,False,2026-10-14T14:15,2026-10-14T16:15,2026-10-15T18:15,2026-10-16T06:15,866.7,2321.2,standard,tendered,0.061
LD01090,L355,L245,"Houston, TX","Nashville, TN",flatbed,steel,33552,True,2026-10-14T14:15,2026-10-14T16:15,2026-10-15T16:15,2026-10-16T16:15,781.6,2060.98,standard,tendered,0.003
LD01375,L085,L350,"Minneapolis, MN","Dallas, TX",dry_van,electronics,24336,False,2026-10-14T14:15,2026-10-14T20:15,2026-10-15T21:15,2026-10-16T05:15,1010.0,2688.88,standard,accepted,0.121
LD01380,L188,L420,"Phoenix, AZ","Indianapolis, IN",dry_van,retail,35656,False,2026-10-14T14:15,2026-10-14T20:15,2026-10-16T20:15,2026-10-17T00:15,1779.3,4636.55,critical,tendered,0.026
LD01429,L154,L068,"Laredo, TX","San Antonio, TX",dry_van,beverages,37431,False,2026-10-14T14:15,2026-10-14T22:15,2026-10-14T19:15,2026-10-15T07:15,187.7,741.63,standard,tendered,0.066
LD01620,L220,L316,"Chicago, IL","New Orleans, LA",dry_van,electronics,16593,False,2026-10-14T14:15,2026-10-14T16:15,2026-10-15T21:15,2026-10-16T09:15,1010.8,2552.47,standard,tendered,0.118
LD02390,L339,L443,"Denver, CO","Minneapolis, MN",dry_van,consumer goods,39102,True,2026-10-14T14:15,2026-10-14T16:15,2026-10-15T18:15,2026-10-16T00:15,843.3,2643.03,standard,accepted,0.131
LD02634,L156,L318,"Charlotte, NC","Memphis, TN",flatbed,pipe,16921,False,2026-10-14T14:15,2026-10-14T16:15,2026-10-15T12:15,2026-10-16T12:15,609.5,1895.75,standard,tendered,0.115
LD02664,L332,L121,"Indianapolis, IN","Dallas, TX",reefer,frozen food,29534,False,2026-10-14T14:15,2026-10-14T22:15,2026-10-15T19:15,2026-10-15T23:15,888.6,2735.62,standard,tendered,0.068
LD02905,L481,L156,"Little Rock, AR","Charlotte, NC",dry_van,auto parts,40565,False,2026-10-14T14:15,2026-10-14T16:15,2026-10-15T18:15,2026-10-16T06:15,757.9,2087.89,high,accepted,0.117
LD03322,L396,L257,"Little Rock, AR","Columbus, OH",reefer,dairy,32001,False,2026-10-14T14:15,2026-10-14T20:15,2026-10-15T17:15,2026-10-16T17:15,768.9,2398.62,standard,accepted,0.163
LD03459,L172,L319,"New Orleans, LA","Chicago, IL",flatbed,machinery,35774,False,2026-10-14T14:15,2026-10-14T20:15,2026-10-15T21:15,2026-10-16T05:15,994.1,2920.04,standard,accepted,0.055
LD03715,L170,L087,"San Antonio, TX","Jacksonville, FL",reefer,meat,22389,False,2026-10-14T14:15,2026-10-14T22:15,2026-10-16T01:15,2026-10-16T07:15,1193.5,3032.7,standard,accepted,0.012
LD03949,L135,L322,"Dallas, TX","Kansas City, MO",dry_van,retail,34952,False,2026-10-14T14:15,2026-10-14T16:15,2026-10-15T02:15,2026-10-15T06:15,545.2,1543.5,standard,tentative,0.044
LD04218,L230,L192,"San Antonio, TX","Chicago, IL",dry_van,consumer goods,34689,False,2026-10-14T14:15,2026-10-14T20:15,2026-10-16T12:15,2026-10-16T18:15,1264.9,2927.49,high,accepted,0.008
LD00974,L262,L309,"Minneapolis, MN","Phoenix, AZ",dry_van,consumer goods,37054,False,2026-10-14T14:30,2026-10-14T16:30,2026-10-16T16:30,2026-10-17T04:30,1526.2,3203.06,high,tendered,0.051
LD01041,L045,L083,"Oklahoma City, OK","Indianapolis, IN",reefer,dairy,32688,False,2026-10-14T14:30,2026-10-14T20:30,2026-10-15T19:30,2026-10-16T19:30,833.5,2524.13,standard,tendered,0.07
LD01347,L398,L433,"Jacksonville, FL","Charlotte, NC",dry_van,electronics,30542,False,2026-10-14T14:30,2026-10-14T22:30,2026-10-15T00:30,2026-10-15T12:30,411.3,1250.66,standard,accepted,0.022
LD01511,L389,L424,"Newark, NJ","Austin, TX",reefer,pharmaceuticals,36195,False,2026-10-14T14:30,2026-10-14T20:30,2026-10-17T07:30,2026-10-17T19:30,1825.8,5443.88,standard,tendered,0.062
LD01666,L459,L126,"Houston, TX","Miami, FL",dry_van,auto parts,35506,False,2026-10-14T14:30,2026-10-14T16:30,2026-10-16T00:30,2026-10-16T12:30,1161.5,2591.62,standard,tentative,0.203
LD01724,L375,L055,"Columbus, OH","Louisville, KY",dry_van,electronics,33715,False,2026-10-14T14:30,2026-10-14T20:30,2026-10-14T19:30,2026-10-15T03:30,216.2,815.34,standard,tendered,0.081
LD01883,L489,L141,"Atlanta, GA","Oklahoma City, OK",flatbed,pipe,29566,False,2026-10-14T14:30,2026-10-14T18:30,2026-10-15T20:30,2026-10-16T02:30,895.5,2348.7,critical,accepted,0.056
LD02143,L451,L216,"Louisville, KY","San Antonio, TX",dry_van,paper products,42092,False,2026-10-14T14:30,2026-10-14T18:30,2026-10-16T00:30,2026-10-16T08:30,1138.0,2569.51,critical,tendered,0.088
LD02249,L469,L198,"Miami, FL","Minneapolis, MN",dry_van,auto parts,29108,False,2026-10-14T14:30,2026-10-14T22:30,2026-10-16T22:30,2026-10-17T02:30,1810.7,4864.86,high,tendered,0.074
LD02382,L397,L306,"Laredo, TX","Dallas, TX",dry_van,retail,39304,False,2026-10-14T14:30,2026-10-14T16:30,2026-10-15T00:30,2026-10-15T04:30,468.7,1333.23,standard,tentative,0.058
LD02834,L373,L394,"Atlanta, GA","Minneapolis, MN",dry_van,paper products,38461,False,2026-10-14T14:30,2026-10-14T18:30,2026-10-15T22:30,2026-10-16T04:30,1092.9,2864.8,standard,tendered,0.01
LD03749,L262,L043,"Minneapolis, MN","Chicago, IL",dry_van,auto parts,24274,False,2026-10-14T14:30,2026-10-14T16:30,2026-10-15T00:30,2026-10-16T00:30,432.7,1293.15,standard,tendered,0.01
LD03952,L483,L162,"St. Louis, MO","Memphis, TN",dry_van,paper products,30887,False,2026-10-14T14:30,2026-10-14T20:30,2026-10-14T21:30,2026-10-15T05:30,289.8,957.97,standard,accepted,0.107
LD04238,L292,L339,"Houston, TX","Denver, CO",dry_van,paper products,35853,False,2026-10-14T14:30,2026-10-14T16:30,2026-10-15T22:30,2026-10-16T02:30,1056.6,2387.36,standard,tentative,0.006
LD00208,L078,L492,"Louisville, KY","Charlotte, NC",dry_van,paper products,35928,False,2026-10-14T14:45,2026-10-14T20:45,2026-10-14T23:45,2026-10-15T11:45,376.8,1033.0,standard,accepted,0.076
LD01403,L385,L338,"Los Angeles, CA","Dallas, TX",reefer,produce,31106,False,2026-10-14T14:45,2026-10-14T16:45,2026-10-16T15:45,2026-10-17T15:45,1480.9,3838.35,high,accepted,0.025
LD01450,L127,L176,"Indianapolis, IN","Denver, CO",flatbed,machinery,41711,False,2026-10-14T14:45,2026-10-14T16:45,2026-10-15T23:45,2026-10-16T03:45,1163.6,3258.03,standard,accepted,0.034
LD01459,L289,L468,"Harrisburg, PA","Newark, NJ",dry_van,auto parts,29547,False,2026-10-14T14:45,2026-10-14T16:45,2026-10-14T21:45,2026-10-15T09:45,200.4,682.18,standard,tentative,0.01
LD01662,L143,L146,"Chicago, IL","Detroit, MI",dry_van,electronics,22283,False,2026-10-14T14:45,2026-10-14T16:45,2026-10-14T21:45,2026-10-15T09:45,243.4,920.51,standard,tendered,0.156
LD02467,L103,L296,"Chicago, IL","Louisville, KY",dry_van,consumer goods,29741,False,2026-10-14T14:45,2026-10-14T22:45,2026-10-14T23:45,2026-10-15T07:45,361.4,1036.71,standard,tendered,0.041
LD02478,L311,L384,"Los Angeles, CA","Minneapolis, MN",dry_van,beverages,41377,False,2026-10-14T14:45,2026-10-14T22:45,2026-10-17T07:45,2026-10-17T19:45,1833.6,4027.09,standard,tendered,0.131
LD02683,L371,L404,"Chicago, IL","Kansas City, MO",dry_van,retail,35053,False,2026-10-14T14:45,2026-10-14T20:45,2026-10-15T03:45,2026-10-15T09:45,505.5,1282.47,standard,accepted,0.112
LD02945,L317,L265,"Little Rock, AR","Harrisburg, PA",dry_van,auto parts,27758,False,2026-10-14T14:45,2026-10-14T16:45,2026-10-15T23:45,2026-10-16T05:45,1126.9,3004.73,standard,tendered,0.091
LD03016,L150,L399,"Columbus, OH","Minneapolis, MN",dry_van,electronics,32559,False,2026-10-14T14:45,2026-10-14T22:45,2026-10-15T16:45,2026-10-15T22:45,758.4,2058.41,standard,tendered,0.214
LD03288,L463,L465,"Indianapolis, IN","Kansas City, MO",dry_van,electronics,38645,False,2026-10-14T14:45,2026-10-14T20:45,2026-10-15T03:45,2026-10-15T09:45,536.2,1384.57,standard,tendered,0.059
LD03666,L185,L265,"Newark, NJ","Harrisburg, PA",dry_van,consumer goods,34604,False,2026-10-14T14:45,2026-10-14T16:45,2026-10-14T19:45,2026-10-15T01:45,162.0,647.84,standard,tendered,0.042
LD04668,L331,L383,"Little Rock, AR","Charlotte, NC",dry_van,auto parts,23940,False,2026-10-14T14:45,2026-10-14T22:45,2026-10-15T17:45,2026-10-15T21:45,775.5,1800.8,standard,tendered,0.02
LD04835,L221,L398,"Atlanta, GA","Jacksonville, FL",dry_van,auto parts,20958,False,2026-10-14T14:45,2026-10-14T20:45,2026-10-14T23:45,2026-10-15T23:45,370.2,1211.28,standard,tendered,0.104
LD00660,L324,L354,"Houston, TX","San Antonio, TX",dry_van,beverages,38734,False,2026-10-14T15:00,2026-10-14T19:00,2026-10-14T21:00,2026-10-15T03:00,262.4,897.42,standard,accepted,0.21
LD00791,L224,L458,"Columbus, OH","Houston, TX",dry_van,auto parts,43224,False,2026-10-14T15:00,2026-10-14T17:00,2026-10-16T02:00,2026-10-17T02:00,1194.1,2650.72,high,tendered,0.151
LD03093,L292,L426,"Houston, TX","St. Louis, MO",dry_van,retail,35011,True,2026-10-14T15:00,2026-10-14T21:00,2026-10-15T20:00,2026-10-16T00:00,844.0,2149.42,standard,tentative,0.049
LD04658,L378,L357,"Kansas City, MO","Indianapolis, IN",reefer,frozen food,38662,False,2026-10-14T15:00,2026-10-14T17:00,2026-10-15T03:00,2026-10-15T09:00,569.6,1807.73,standard,tendered,0.053
LD01635,L297,L402,"Jacksonville, FL","Miami, FL",flatbed,steel,45745,False,2026-10-14T15:30,2026-10-14T17:30,2026-10-15T01:30,2026-10-15T13:30,406.8,1376.0,standard,tendered,0.019
LD01962,L217,L233,"Charlotte, NC","Miami, FL",dry_van,retail,39282,False,2026-10-14T15:30,2026-10-14T19:30,2026-10-15T19:30,2026-10-16T03:30,783.4,1898.08,standard,accepted,0.045
LD04052,L217,L192,"Charlotte, NC","Chicago, IL",reefer,produce,39200,True,2026-10-14T15:30,2026-10-14T17:30,2026-10-15T18:30,2026-10-16T18:30,723.0,2034.03,high,accepted,0.012
LD04473,L131,L357,"Indianapolis, IN","Indianapolis, IN",dry_van,retail,44701,False,2026-10-14T15:30,2026-10-14T19:30,2026-10-14T18:30,2026-10-14T22:30,51.8,323.44,standard,accepted,0.042
LD00066,L491,L288,"Minneapolis, MN","Miami, FL",dry_van,retail,25369,False,2026-10-14T15:45,2026-10-14T23:45,2026-10-16T21:45,2026-10-17T05:45,1808.0,4367.54,standard,tendered,0.01
LD00169,L414,L051,"Memphis, TN","Indianapolis, IN",dry_van,beverages,34154,False,2026-10-14T15:45,2026-10-14T21:45,2026-10-15T01:45,2026-10-15T07:45,419.9,1171.85,standard,tendered,0.117
LD00334,L300,L115,"Houston, TX","Miami, FL",dry_van,consumer goods,22034,False,2026-10-14T15:45,2026-10-14T23:45,2026-10-16T02:45,2026-10-16T14:45,1157.9,2623.07,high,accepted,0.151
LD01084,L265,L095,"Harrisburg, PA","Newark, NJ",dry_van,electronics,40534,False,2026-10-14T15:45,2026-10-14T19:45,2026-10-14T20:45,2026-10-15T00:45,156.3,605.1,standard,tendered,0.025
LD02160,L459,L334,"Houston, TX","Chicago, IL",dry_van,consumer goods,38539,False,2026-10-14T15:45,2026-10-14T17:45,2026-10-16T00:45,2026-10-16T06:45,1127.0,2709.87,standard,tendered,0.042
LD02540,L215,L239,"Oklahoma City, OK","Houston, TX",dry_van,electronics,17957,False,2026-10-14T15:45,2026-10-14T23:45,2026-10-15T04:45,2026-10-15T16:45,496.3,1542.48,standard,tendered,0.071
LD02726,L489,L112,"Atlanta, GA","Columbus, OH",dry_van,consumer goods,17193,False,2026-10-14T15:45,2026-10-14T17:45,2026-10-15T04:45,2026-10-15T10:45,534.7,1457.17,standard,accepted,0.047
LD03359,L057,L182,"Oklahoma City, OK","Denver, CO",dry_van,retail,24808,False,2026-10-14T15:45,2026-10-14T21:45,2026-10-15T15:45,2026-10-15T23:45,617.0,1732.94,standard,tendered,0.082
LD03746,L413,L342,"Kansas City, MO","Chicago, IL",dry_van,beverages,16919,False,2026-10-14T15:45,2026-10-14T17:45,2026-10-15T02:45,2026-10-16T02:45,496.3,1509.02,standard,accepted,0.049
LD03925,L292,L330,"Houston, TX","Kansas City, MO",dry_van,paper products,42332,False,2026-10-14T15:45,2026-10-14T23:45,2026-10-15T18:45,2026-10-16T02:45,778.6,1830.67,standard,accepted,0.063
LD00373,L078,L186,"Louisville, KY","Chicago, IL",reefer,pharmaceuticals,20776,False,2026-10-14T16:00,2026-10-14T22:00,2026-10-15T00:00,2026-10-15T08:00,314.2,1217.01,standard,tendered,0.021
LD00824,L154,L473,"Laredo, TX","Phoenix, AZ",dry_van,auto parts,18937,False,2026-10-14T16:00,2026-10-14T22:00,2026-10-15T22:00,2026-10-16T02:00,1019.9,2670.72,standard,tendered,0.082
LD01189,L342,L174,"Chicago, IL","Indianapolis, IN",dry_van,electronics,10560,False,2026-10-14T16:00,2026-10-14T18:00,2026-10-14T21:00,2026-10-15T03:00,199.9,782.12,standard,tendered,0.012
LD01514,L049,L484,"Memphis, TN","Indianapolis, IN",dry_van,auto parts,20082,False,2026-10-14T16:00,2026-10-14T20:00,2026-10-15T03:00,2026-10-15T11:00,464.2,1415.5,standard,tendered,0.174
LD01540,L093,L114,"Houston, TX","Dallas, TX",dry_van,paper products,35396,False,2026-10-14T16:00,2026-10-14T18:00,2026-10-15T01:00,2026-10-15T09:00,339.8,999.81,standard,tendered,0.014
LD01880,L491,L486,"Minneapolis, MN","Louisville, KY",dry_van,consumer goods,36210,False,2026-10-14T16:00,2026-10-14T22:00,2026-10-15T17:00,2026-10-16T01:00,742.1,1914.97,high,accepted,0.015
LD01934,L377,L338,"Phoenix, AZ","Dallas, TX",dry_van,retail,20707,False,2026-10-14T16:00,2026-10-14T18:00,2026-10-16T01:00,2026-10-16T13:00,1047.3,2889.34,standard,tendered,0.113
LD01948,L378,L284,"Kansas City, MO","Atlanta, GA",dry_van,electronics,33193,False,2026-10-14T16:00,2026-10-14T18:00,2026-10-15T18:00,2026-10-16T18:00,821.6,2239.3,high,tendered,0.133
LD03475,L406,L091,"Oklahoma City, OK","Columbus, OH",dry_van,consumer goods,20408,False,2026-10-14T16:00,2026-10-14T18:00,2026-10-15T22:00,2026-10-16T22:00,1025.5,2666.24,high,accepted,0.148
LD04033,L242,L440,"Little Rock, AR","Memphis, TN",flatbed,machinery,30684,False,2026-10-14T16:00,2026-10-15T00:00,2026-10-14T22:00,2026-10-15T10:00,178.6,780.81,standard,accepted,0.025
LD04676,L172,L347,"New Orleans, LA","Dallas, TX",dry_van,auto parts,29133,False,2026-10-14T16:00,2026-10-14T22:00,2026-10-15T05:00,2026-10-15T17:00,557.7,1404.24,standard,tendered,0.043
LD01359,L265,L328,"Harrisburg, PA","Austin, TX",dry_van,auto parts,33777,False,2026-10-14T16:15,2026-10-14T18:15,2026-10-16T20:15,2026-10-17T08:15,1679.2,3831.99,high,tendered,0.176
LD02826,L046,L158,"Louisville, KY","Atlanta, GA",dry_van,beverages,40815,False,2026-10-14T16:15,2026-10-15T00:15,2026-10-15T02:15,2026-10-15T06:15,395.8,1071.23,standard,accepted,0.04
LD04249,L104,L041,"Nashville, TN","Dallas, TX",dry_van,paper products,29418,False,2026-10-14T16:15,2026-10-14T18:15,2026-10-15T18:15,2026-10-16T02:15,749.1,2104.07,standard,tendered,0.043
LD04577,L092,L167,"Chicago, IL","Little Rock, AR",dry_van,retail,31074,False,2026-10-14T16:15,2026-10-14T22:15,2026-10-15T16:15,2026-10-16T16:15,660.0,1943.22,standard,accepted,0.058
LD04848,L480,L046,"Birmingham, AL","Louisville, KY",reefer,meat,39110,False,2026-10-14T16:15,2026-10-15T00:15,2026-10-15T01:15,2026-10-15T07:15,370.7,1406.12,standard,tendered,0.042
LD00021,L112,L298,"Columbus, OH","Harrisburg, PA",dry_van,paper products,29239,False,2026-10-14T16:30,2026-10-14T18:30,2026-10-15T02:30,2026-10-15T06:30,418.0,1163.78,standard,tendered,0.023
LD00701,L172,L148,"New Orleans, LA","Houston, TX",dry_van,retail,37334,False,2026-10-14T16:30,2026-10-14T20:30,2026-10-15T02:30,2026-10-16T02:30,405.2,1079.72,critical,tendered,0.085
LD00996,L301,L319,"Denver, CO","Chicago, IL",dry_van,beverages,36966,False,2026-10-14T16:30,2026-10-14T22:30,2026-10-16T00:30,2026-10-17T00:30,1113.0,2817.86,standard,accepted,0.157
LD02004,L137,L158,"Jacksonville, FL","Atlanta, GA",reefer,frozen food,42491,False,2026-10-14T16:30,2026-10-14T22:30,2026-10-15T00:30,2026-10-15T08:30,353.7,1269.67,standard,accepted,0.0
LD02104,L281,L102,"Dallas, TX","Indianapolis, IN",dry_van,consumer goods,21272,False,2026-10-14T16:30,2026-10-15T00:30,2026-10-15T20:30,2026-10-16T20:30,931.9,2491.02,standard,tendered,0.085
LD02379,L336,L234,"Columbus, OH","Phoenix, AZ",dry_van,consumer goods,39121,False,2026-10-14T16:30,2026-10-14T22:30,2026-10-17T12:30,2026-10-18T00:30,1992.4,4818.16,high,tendered,0.068
LD02687,L292,L424,"Houston, TX","Austin, TX",reefer,dairy,34353,False,2026-10-14T16:30,2026-10-15T00:30,2026-10-14T23:30,2026-10-15T05:30,187.3,770.17,standard,accepted,0.051
LD03500,L289,L128,"Harrisburg, PA","Miami, FL",reefer,frozen food,29284,False,2026-10-14T16:30,2026-10-14T18:30,2026-10-16T04:30,2026-10-16T10:30,1196.5,3485.33,standard,accepted,0.02
LD03614,L129,L368,"New Orleans, LA","Oklahoma City, OK",reefer,meat,31889,False,2026-10-14T16:30,2026-10-14T20:30,2026-10-15T18:30,2026-10-16T02:30,741.0,2347.52,standard,tendered,0.046
LD03916,L463,L352,"Indianapolis, IN","Chicago, IL",dry_van,retail,21041,False,2026-10-14T16:30,2026-10-14T18:30,2026-10-14T23:30,2026-10-15T23:30,193.4,653.98,critical,accepted,0.023
LD04006,L085,L177,"Minneapolis, MN","Dallas, TX",dry_van,retail,16478,False,2026-10-14T16:30,2026-10-14T18:30,2026-10-15T23:30,2026-10-16T23:30,1028.3,2439.9,standard,tendered,0.079
LD04703,L150,L195,"Columbus, OH","Little Rock, AR",dry_van,electronics,39449,False,2026-10-14T16:30,2026-10-14T22:30,2026-10-15T18:30,2026-10-16T06:30,762.9,2103.19,standard,accepted,0.01
LD00413,L338,L426,"Dallas, TX","St. Louis, MO",dry_van,electronics,29806,False,2026-10-14T16:45,2026-10-14T20:45,2026-10-15T16:45,2026-10-16T04:45,667.7,1867.91,standard,tendered,0.027
LD00650,L099,L270,"Dallas, TX","Detroit, MI",dry_van,beverages,31940,False,2026-10-14T16:45,2026-10-15T00:45,2026-10-16T01:45,2026-10-16T13:45,1189.4,2987.68,standard,accepted,0.092
LD00939,L355,L061,"Houston, TX","Charlotte, NC",dry_van,paper products,36207,False,2026-10-14T16:45,2026-10-14T22:45,2026-10-16T00:45,2026-10-16T06:45,1112.1,2533.99,standard,tentative,0.031
LD00944,L104,L181,"Nashville, TN","Harrisburg, PA",flatbed,lumber,30853,False,2026-10-14T16:45,2026-10-15T00:45,2026-10-15T18:45,2026-10-16T18:45,729.2,2231.26,standard,tendered,0.055
LD01860,L274,L338,"St. Louis, MO","Dallas, TX",dry_van,paper products,26072,False,2026-10-14T16:45,2026-10-14T20:45,2026-10-15T16:45,2026-10-15T22:45,648.0,1824.34,standard,accepted,0.029
LD02281,L375,L180,"Columbus, OH","New Orleans, LA",dry_van,consumer goods,34683,False,2026-10-14T16:45,2026-10-15T00:45,2026-10-15T21:45,2026-10-16T03:45,973.9,2171.75,standard,tendered,0.148
LD02853,L172,L053,"New Orleans, LA","Dallas, TX",dry_van,electronics,18908,False,2026-10-14T16:45,2026-10-14T22:45,2026-10-15T04:45,2026-10-15T08:45,523.6,1456.65,standard,accepted,0.022
LD03385,L176,L337,"Denver, CO","Laredo, TX",dry_van,beverages,31759,False,2026-10-14T16:45,2026-10-15T00:45,2026-10-16T01:45,2026-10-16T05:45,1072.9,2985.75,standard,tendered,0.016
LD04029,L281,L058,"Dallas, TX","Orlando, FL",reefer,dairy,19586,False,2026-10-14T16:45,2026-10-14T18:45,2026-10-16T01:45,2026-10-16T09:45,1162.9,2982.11,standard,accepted,0.061
LD04045,L385,L056,"Los Angeles, CA","Minneapolis, MN",dry_van,auto parts,32891,False,2026-10-14T16:45,2026-10-15T00:45,2026-10-17T09:45,2026-10-17T13:45,1837.8,3902.77,standard,tendered,0.071
LD04113,L097,L439,"Denver, CO","Oklahoma City, OK",dry_van,paper products,26109,False,2026-10-14T16:45,2026-10-14T22:45,2026-10-15T16:45,2026-10-16T00:45,606.7,1710.91,standard,tendered,0.054
LD04712,L055,L341,"Louisville, KY","Charlotte, NC",dry_van,consumer goods,29436,False,2026-10-14T16:45,2026-10-15T00:45,2026-10-15T02:45,2026-10-15T10:45,442.4,1350.02,high,tendered,0.122
LD00476,L148,L131,"Houston, TX","Indianapolis, IN",reefer,meat,31201,False,2026-10-14T17:00,2026-10-14T21:00,2026-10-16T00:00,2026-10-16T06:00,1005.9,3186.8,standard,accepted,0.116
LD00894,L116,L284,"Charlotte, NC","Atlanta, GA",dry_van,paper products,19764,False,2026-10-14T17:00,2026-10-14T23:00,2026-10-15T01:00,2026-10-16T01:00,263.7,972.1,standard,accepted,0.033
LD01076,L336,L205,"Columbus, OH","Oklahoma City, OK",dry_van,paper products,22251,False,2026-10-14T17:00,2026-10-15T01:00,2026-10-15T23:00,2026-10-16T07:00,1015.7,2775.41,standard,tendered,0.037
LD01931,L491,L485,"Minneapolis, MN","Nashville, TN",dry_van,auto parts,37098,False,2026-10-14T17:00,2026-10-14T21:00,2026-10-15T19:00,2026-10-16T19:00,830.9,1923.28,standard,accepted,0.032
LD02716,L127,L320,"Indianapolis, IN","Atlanta, GA",dry_van,consumer goods,35074,False,2026-10-14T17:00,2026-10-14T23:00,2026-10-15T05:00,2026-10-15T11:00,555.4,1651.43,standard,tendered,0.056
LD02769,L459,L134,"Houston, TX","Denver, CO",dry_van,retail,29763,False,2026-10-14T17:00,2026-10-14T19:00,2026-10-16T02:00,2026-10-16T06:00,1112.1,2770.54,standard,accepted,0.028
LD04097,L483,L384,"St. Louis, MO","Minneapolis, MN",dry_van,consumer goods,32472,False,2026-10-14T17:00,2026-10-15T01:00,2026-10-15T04:00,2026-10-15T16:00,523.9,1531.35,standard,accepted,0.018
LD01439,L141,L206,"Oklahoma City, OK","Oklahoma City, OK",dry_van,beverages,28844,False,2026-10-14T17:15,2026-10-15T01:15,2026-10-14T21:15,2026-10-15T01:15,52.5,337.74,standard,tendered,0.204
LD02719,L413,L267,"Kansas City, MO","Indianapolis, IN",reefer,dairy,34997,False,2026-10-14T17:15,2026-10-14T19:15,2026-10-15T06:15,2026-10-16T06:15,554.8,1611.31,standard,accepted,0.237
LD03797,L242,L218,"Little Rock, AR","Oklahoma City, OK",dry_van,auto parts,36917,False,2026-10-14T17:15,2026-10-14T21:15,2026-10-15T02:15,2026-10-15T14:15,347.6,966.51,standard,tentative,0.03
LD04894,L327,L380,"Atlanta, GA","Birmingham, AL",dry_van,paper products,33556,True,2026-10-14T17:15,2026-10-14T19:15,2026-10-14T22:15,2026-10-15T04:15,176.9,668.77,standard,tendered,0.019
LD01976,L478,L296,"Little Rock, AR","Louisville, KY",reefer,pharmaceuticals,27080,False,2026-10-14T17:30,2026-10-14T19:30,2026-10-15T04:30,2026-10-15T10:30,512.3,1730.73,standard,tendered,0.083
LD02626,L116,L350,"Charlotte, NC","Dallas, TX",dry_van,electronics,32887,False,2026-10-14T17:30,2026-10-14T21:30,2026-10-16T02:30,2026-10-16T10:30,1082.0,2503.22,standard,tendered,0.025
LD03879,L113,L286,"Orlando, FL","Detroit, MI",dry_van,paper products,32860,False,2026-10-14T17:30,2026-10-14T19:30,2026-10-16T01:30,2026-10-16T05:30,1139.0,3377.38,standard,accepted,0.024
LD04122,L271,L303,"Austin, TX","Oklahoma City, OK",dry_van,beverages,24510,False,2026-10-14T17:30,2026-10-15T01:30,2026-10-15T04:30,2026-10-15T12:30,458.5,1409.74,standard,tendered,0.039
LD04453,L265,L275,"Harrisburg, PA","Atlanta, GA",dry_van,beverages,23520,False,2026-10-14T17:30,2026-10-14T21:30,2026-10-15T19:30,2026-10-16T01:30,761.0,1838.09,standard,accepted,0.01
LD00198,L454,L161,"Houston, TX","Nashville, TN",reefer,meat,25559,False,2026-10-14T17:45,2026-10-14T19:45,2026-10-15T19:45,2026-10-16T19:45,796.6,2303.76,standard,tendered,0.061
LD00275,L358,L215,"Newark, NJ","Oklahoma City, OK",dry_van,beverages,34385,False,2026-10-14T17:45,2026-10-14T19:45,2026-10-16T20:45,2026-10-17T02:45,1586.6,3704.6,high,accepted,0.066
LD01065,L302,L156,"Phoenix, AZ","Charlotte, NC",dry_van,beverages,15780,False,2026-10-14T17:45,2026-10-14T23:45,2026-10-17T16:45,2026-10-17T20:45,2146.5,5137.24,standard,tendered,0.069
LD01247,L139,L210,"Jacksonville, FL","Detroit, MI",dry_van,consumer goods,10723,False,2026-10-14T17:45,2026-10-14T23:45,2026-10-15T23:45,2026-10-16T07:45,1007.3,2269.84,standard,tendered,0.024
LD01921,L180,L337,"New Orleans, LA","Laredo, TX",flatbed,steel,38098,False,2026-10-14T17:45,2026-10-14T21:45,2026-10-15T19:45,2026-10-15T23:45,710.6,1881.23,critical,tendered,0.012
LD01947,L073,L195,"Laredo, TX","Little Rock, AR",dry_van,paper products,21191,False,2026-10-14T17:45,2026-10-14T19:45,2026-10-15T21:45,2026-10-16T21:45,801.6,2235.69,standard,tendered,0.065
LD02256,L358,L130,"Newark, NJ","Memphis, TN",dry_van,beverages,34862,False,2026-10-14T17:45,2026-10-14T19:45,2026-10-16T02:45,2026-10-17T02:45,1134.8,2625.79,standard,accepted,0.062
LD02460,L444,L091,"Phoenix, AZ","Columbus, OH",reefer,produce,23361,False,2026-10-14T17:45,2026-10-14T19:45,2026-10-17T13:45,2026-10-18T13:45,1964.7,5823.13,standard,accepted,0.002
LD03157,L297,L176,"Jacksonville, FL","Denver, CO",dry_van,paper products,17699,False,2026-10-14T17:45,2026-10-14T19:45,2026-10-16T23:45,2026-10-17T23:45,1745.6,3782.65,high,tendered,0.036
LD03649,L476,L338,"Chicago, IL","Dallas, TX",dry_van,electronics,24507,False,2026-10-14T17:45,2026-10-14T21:45,2026-10-15T23:45,2026-10-16T05:45,966.9,2396.24,standard,accepted,0.007
LD04219,L342,L356,"Chicago, IL","New Orleans, LA",dry_van,paper products,20702,False,2026-10-14T17:45,2026-10-15T01:45,2026-10-15T23:45,2026-10-16T07:45,1006.9,2714.73,standard,accepted,0.057
LD04475,L138,L313,"Little Rock, AR","Miami, FL",dry_van,paper products,30460,False,2026-10-14T17:45,2026-10-14T23:45,2026-10-16T02:45,2026-10-16T14:45,1174.6,2666.06,high,tendered,0.022
LD00260,L419,L394,"Charlotte, NC","Minneapolis, MN",dry_van,electronics,42325,False,2026-10-14T18:00,2026-10-15T00:00,2026-10-16T04:00,2026-10-16T16:00,1128.9,2593.09,high,tendered,0.018
LD00916,L413,L124,"Kansas City, MO","Detroit, MI",reefer,produce,33066,False,2026-10-14T18:00,2026-10-15T00:00,2026-10-15T21:00,2026-10-16T05:00,778.9,2375.36,standard,accepted,0.084
LD01322,L277,L298,"Kansas City, MO","Harrisburg, PA",dry_van,electronics,26013,False,2026-10-14T18:00,2026-10-14T20:00,2026-10-16T04:00,2026-10-16T08:00,1180.7,2981.0,standard,tendered,0.032
LD01963,L315,L124,"Harrisburg, PA","Detroit, MI",dry_van,beverages,32955,False,2026-10-14T18:00,2026-10-14T20:00,2026-10-15T04:00,2026-10-15T10:00,407.2,1305.69,standard,tentative,0.059
LD01979,L454,L129,"Houston, TX","New Orleans, LA",dry_van,paper products,32982,False,2026-10-14T18:00,2026-10-14T22:00,2026-10-15T04:00,2026-10-15T12:00,426.3,1346.79,standard,tendered,0.087
LD02223,L280,L130,"Kansas City, MO","Memphis, TN",dry_van,retail,38841,False,2026-10-14T18:00,2026-10-14T22:00,2026-10-15T06:00,2026-10-15T12:00,458.9,1439.27,standard,tentative,0.143
LD02530,L175,L464,"Dallas, TX","Louisville, KY",dry_van,consumer goods,27624,False,2026-10-14T18:00,2026-10-14T22:00,2026-10-15T22:00,2026-10-16T02:00,871.4,2300.16,standard,tendered,0.002
LD03974,L302,L176,"Phoenix, AZ","Denver, CO",dry_van,electronics,16550,False,2026-10-14T18:00,2026-10-15T00:00,2026-10-15T19:00,2026-10-16T03:00,716.6,1999.64,high,accepted,0.088
LD00870,L372,L087,"Dallas, TX","Jacksonville, FL",dry_van,paper products,21852,False,2026-10-14T18:15,2026-10-14T22:15,2026-10-16T02:15,2026-10-16T06:15,1064.3,2753.56,standard,tendered,0.2
LD01097,L242,L337,"Little Rock, AR","Laredo, TX",flatbed,building materials,35995,False,2026-10-14T18:15,2026-10-15T02:15,2026-10-15T21:15,2026-10-16T09:15,774.7,2282.09,high,tendered,0.074
LD01335,L289,L143,"Harrisburg, PA","Chicago, IL",dry_van,auto parts,34570,False,2026-10-14T18:15,2026-10-14T20:15,2026-10-15T20:15,2026-10-16T04:15,675.9,1697.64,standard,tendered,0.021
LD02592,L281,L182,"Dallas, TX","Denver, CO",dry_van,paper products,26179,True,2026-10-14T18:15,2026-10-14T22:15,2026-10-15T20:15,2026-10-16T02:15,806.4,1924.21,standard,tendered,0.067
LD03209,L085,L096,"Minneapolis, MN","Chicago, IL",dry_van,retail,36762,False,2026-10-14T18:15,2026-10-15T02:15,2026-10-15T04:15,2026-10-15T16:15,445.4,1323.41,standard,accepted,0.011
LD01978,L485,L119,"Nashville, TN","New Orleans, LA",dry_van,auto parts,29404,False,2026-10-14T18:30,2026-10-14T20:30,2026-10-15T07:30,2026-10-15T19:30,565.9,1396.44,standard,tendered,0.021
LD01998,L485,L214,"Nashville, TN","Newark, NJ",dry_van,paper products,31279,True,2026-10-14T18:30,2026-10-15T02:30,2026-10-16T00:30,2026-10-16T04:30,916.1,2353.59,standard,tendered,0.11
LD02133,L419,L147,"Charlotte, NC","Columbus, OH",dry_van,retail,31882,False,2026-10-14T18:30,2026-10-15T02:30,2026-10-15T05:30,2026-10-15T13:30,394.5,1074.35,standard,accepted,0.065
LD02809,L185,L264,"Newark, NJ","Birmingham, AL",dry_van,electronics,34813,False,2026-10-14T18:30,2026-10-14T20:30,2026-10-16T01:30,2026-10-16T07:30,1036.0,2821.19,critical,tendered,0.093
LD04504,L224,L114,"Columbus, OH","Dallas, TX",dry_van,electronics,35956,False,2026-10-14T18:30,2026-10-14T20:30,2026-10-16T03:30,2026-10-16T07:30,1063.8,2583.82,standard,accepted,0.111
LD04763,L317,L291,"Little Rock, AR","Houston, TX",dry_van,beverages,37225,False,2026-10-14T18:30,2026-10-15T00:30,2026-10-15T06:30,2026-10-16T06:30,506.4,1352.5,standard,tendered,0.112
LD00664,L315,L297,"Harrisburg, PA","Jacksonville, FL",reefer,pharmaceuticals,38547,False,2026-10-14T18:45,2026-10-14T20:45,2026-10-15T23:45,2026-10-16T23:45,884.5,2372.03,critical,accepted,0.033
LD01031,L127,L309,"Indianapolis, IN","Phoenix, AZ",dry_van,consumer goods,22879,False,2026-10-14T18:45,2026-10-14T20:45,2026-10-17T00:45,2026-10-18T00:45,1787.5,3907.38,standard,accepted,0.054
LD01260,L358,L414,"Newark, NJ","Memphis, TN",dry_van,auto parts,38478,False,2026-10-14T18:45,2026-10-15T00:45,2026-10-16T03:45,2026-10-16T11:45,1125.2,2747.95,high,tentative,0.017
LD01463,L155,L234,"Los Angeles, CA","Phoenix, AZ",dry_van,retail,21477,False,2026-10-14T18:45,2026-10-14T22:45,2026-10-15T03:45,2026-10-15T07:45,409.8,1142.16,standard,tendered,0.084
LD01636,L175,L115,"Dallas, TX","Miami, FL",dry_van,auto parts,35918,False,2026-10-14T18:45,2026-10-14T22:45,2026-10-16T17:45,2026-10-17T05:45,1354.1,3226.58,high,accepted,0.0
LD02414,L369,L048,"Columbus, OH","Newark, NJ",dry_van,auto parts,28449,False,2026-10-14T18:45,2026-10-14T22:45,2026-10-15T07:45,2026-10-15T11:45,572.6,1599.01,standard,tendered,0.091
LD02556,L445,L303,"Los Angeles, CA","Oklahoma City, OK",flatbed,steel,33747,False,2026-10-14T18:45,2026-10-14T20:45,2026-10-16T17:45,2026-10-17T01:45,1429.5,3821.21,standard,accepted,0.128
LD04471,L425,L204,"Houston, TX","Kansas City, MO",dry_van,auto parts,26141,False,2026-10-14T18:45,2026-10-14T22:45,2026-10-15T21:45,2026-10-16T09:45,784.4,2188.32,high,accepted,0.065
LD01277,L478,L079,"Little Rock, AR","Indianapolis, IN",flatbed,steel,21153,False,2026-10-14T19:00,2026-10-15T01:00,2026-10-15T07:00,2026-10-15T19:00,566.5,1824.34,standard,accepted,0.082
LD02119,L045,L288,"Oklahoma City, OK","Miami, FL",dry_van,consumer goods,32567,False,2026-10-14T19:15,2026-10-14T23:15,2026-10-16T21:15,2026-10-17T09:15,1458.0,3158.07,standard,tendered,0.043
LD04307,L057,L180,"Oklahoma City, OK","New Orleans, LA",dry_van,beverages,40865,False,2026-10-14T19:15,2026-10-15T01:15,2026-10-15T20:15,2026-10-16T04:15,695.3,1739.34,standard,tendered,0.074
LD00012,L305,L152,"Los Angeles, CA","Memphis, TN",reefer,dairy,29294,False,2026-10-14T19:30,2026-10-14T23:30,2026-10-17T14:30,2026-10-18T02:30,1919.4,4654.4,standard,accepted,0.074
LD00756,L378,L373,"Kansas City, MO","Atlanta, GA",dry_van,electronics,30851,False,2026-10-14T19:30,2026-10-14T21:30,2026-10-15T21:30,2026-10-16T21:30,820.7,2195.79,high,tendered,0.075
LD03091,L208,L338,"Oklahoma City, OK","Dallas, TX",dry_van,retail,19709,False,2026-10-14T19:30,2026-10-14T21:30,2026-10-15T01:30,2026-10-15T13:30,206.9,689.56,standard,accepted,0.078
LD04258,L377,L204,"Phoenix, AZ","Kansas City, MO",flatbed,pipe,21084,False,2026-10-14T19:30,2026-10-15T01:30,2026-10-16T18:30,2026-10-17T02:30,1269.0,3457.72,standard,tendered,0.188
LD01820,L045,L100,"Oklahoma City, OK","Charlotte, NC",dry_van,auto parts,36459,False,2026-10-14T19:45,2026-10-14T21:45,2026-10-16T05:45,2026-10-16T17:45,1107.6,2683.16,standard,tendered,0.007
LD02391,L067,L269,"Houston, TX","Harrisburg, PA",dry_van,beverages,40743,False,2026-10-14T19:45,2026-10-14T21:45,2026-10-16T22:45,2026-10-17T10:45,1503.9,3949.37,standard,tentative,0.003
LD02632,L344,L458,"Laredo, TX","Houston, TX",dry_van,paper products,29368,False,2026-10-14T20:15,2026-10-14T22:15,2026-10-15T05:15,2026-10-15T09:15,324.1,985.45,standard,tendered,0.028
LD00631,L086,L287,"Memphis, TN","Atlanta, GA",dry_van,auto parts,32773,False,2026-10-14T20:30,2026-10-15T00:30,2026-10-15T05:30,2026-10-16T05:30,412.2,1277.69,critical,accepted,0.016
LD01927,L185,L084,"Newark, NJ","St. Louis, MO",dry_van,paper products,17433,False,2026-10-14T20:30,2026-10-15T02:30,2026-10-16T03:30,2026-10-17T03:30,1044.7,2526.59,standard,accepted,0.044
LD02128,L343,L328,"Louisville, KY","Austin, TX",dry_van,retail,39843,False,2026-10-14T20:30,2026-10-14T22:30,2026-10-16T06:30,2026-10-17T06:30,1099.2,2803.11,high,accepted,0.028
LD02378,L086,L394,"Memphis, TN","Minneapolis, MN",flatbed,steel,39126,False,2026-10-14T20:45,2026-10-15T04:45,2026-10-15T23:45,2026-10-16T05:45,831.9,2603.49,standard,tendered,0.032
LD02614,L456,L182,"Memphis, TN","Denver, CO",dry_van,auto parts,31197,False,2026-10-14T20:45,2026-10-15T04:45,2026-10-16T05:45,2026-10-17T05:45,1063.5,2735.42,standard,accepted,0.005
LD04147,L369,L087,"Columbus, OH","Jacksonville, FL",dry_van,beverages,18472,False,2026-10-14T20:45,2026-10-15T00:45,2026-10-15T23:45,2026-10-16T23:45,791.5,2033.87,standard,tendered,0.084
LD00872,L342,L459,"Chicago, IL","Houston, TX",dry_van,consumer goods,42055,False,2026-10-15T00:00,2026-10-15T08:00,2026-10-16T08:00,2026-10-17T08:00,1117.9,2471.6,standard,tentative,0.095
LD00352,L224,L120,"Columbus, OH","Austin, TX",dry_van,auto parts,18252,False,2026-10-15T00:15,2026-10-15T04:15,2026-10-16T23:15,2026-10-17T03:15,1277.7,2826.79,standard,tendered,0.047
LD01287,L148,L252,"Houston, TX","Columbus, OH",dry_van,auto parts,36104,False,2026-10-15T00:15,2026-10-15T02:15,2026-10-16T10:15,2026-10-17T10:15,1184.4,2833.18,standard,tendered,0.014
LD03567,L057,L409,"Oklahoma City, OK","Columbus, OH",dry_van,retail,11672,False,2026-10-15T00:45,2026-10-15T06:45,2026-10-16T07:45,2026-10-16T19:45,1040.4,2439.54,standard,tendered,0.014
LD04022,L337,L484,"Laredo, TX","Indianapolis, IN",reefer,pharmaceuticals,37520,False,2026-10-15T00:45,2026-10-15T08:45,2026-10-17T01:45,2026-10-18T01:45,1372.2,4055.05,standard,tendered,0.002
LD04529,L224,L428,"Columbus, OH","Newark, NJ",dry_van,consumer goods,39236,False,2026-10-15T00:45,2026-10-15T04:45,2026-10-15T14:45,2026-10-15T18:45,563.9,1519.09,standard,tendered,0.068
LD04818,L280,L368,"Kansas City, MO","Oklahoma City, OK",dry_van,paper products,25684,False,2026-10-15T00:45,2026-10-15T08:45,2026-10-15T11:45,2026-10-15T15:45,380.5,1250.94,standard,tendered,0.005
LD00387,L062,L487,"Laredo, TX","Dallas, TX",dry_van,paper products,34775,False,2026-10-15T01:00,2026-10-15T07:00,2026-10-15T13:00,2026-10-16T01:00,451.0,1288.62,standard,accepted,0.039
LD01494,L093,L313,"Houston, TX","Miami, FL",dry_van,retail,19523,False,2026-10-15T01:00,2026-10-15T09:00,2026-10-16T11:00,2026-10-16T15:00,1173.5,2695.45,standard,accepted,0.065
LD01680,L305,L102,"Los Angeles, CA","Indianapolis, IN",flatbed,building materials,24625,False,2026-10-15T01:00,2026-10-15T03:00,2026-10-18T00:00,2026-10-18T04:00,2164.2,5305.64,critical,tendered,0.011
LD01688,L375,L352,"Columbus, OH","Chicago, IL",dry_van,consumer goods,29675,False,2026-10-15T01:00,2026-10-15T09:00,2026-10-15T08:00,2026-10-15T20:00,318.4,1101.88,high,tendered,0.026
LD02953,L049,L182,"Memphis, TN","Denver, CO",dry_van,retail,41869,True,2026-10-15T01:00,2026-10-15T07:00,2026-10-16T09:00,2026-10-17T09:00,1074.3,2652.16,standard,accepted,0.045
LD00738,L485,L117,"Nashville, TN","Chicago, IL",dry_van,retail,18521,False,2026-10-15T01:30,2026-10-15T09:30,2026-10-15T13:30,2026-10-15T21:30,488.0,1382.33,standard,tendered,0.01
LD03755,L097,L096,"Denver, CO","Chicago, IL",dry_van,electronics,31752,False,2026-10-15T01:30,2026-10-15T07:30,2026-10-16T10:30,2026-10-16T18:30,1066.9,2831.79,standard,tendered,0.017
LD04790,L224,L421,"Columbus, OH","Louisville, KY",dry_van,paper products,16629,False,2026-10-15T01:30,2026-10-15T03:30,2026-10-15T08:30,2026-10-15T12:30,208.4,772.48,standard,tentative,0.069
LD00830,L086,L430,"Memphis, TN","Minneapolis, MN",dry_van,auto parts,15859,False,2026-10-15T01:45,2026-10-15T03:45,2026-10-16T04:45,2026-10-16T16:45,854.7,1946.85,standard,tendered,0.071
LD00704,L093,L052,"Houston, TX","Atlanta, GA",dry_van,retail,35429,False,2026-10-15T02:00,2026-10-15T04:00,2026-10-16T07:00,2026-10-16T19:00,898.6,2184.95,standard,tendered,0.004
LD03381,L045,L395,"Oklahoma City, OK","Austin, TX",reefer,produce,31342,False,2026-10-15T02:00,2026-10-15T06:00,2026-10-15T13:00,2026-10-15T21:00,407.7,1354.53,critical,tendered,0.023
LD04058,L344,L108,"Laredo, TX","Houston, TX",reefer,produce,36377,False,2026-10-15T02:00,2026-10-15T08:00,2026-10-15T11:00,2026-10-15T17:00,346.7,1171.24,standard,accepted,0.026
LD04705,L067,L486,"Houston, TX","Louisville, KY",dry_van,beverages,13154,False,2026-10-15T02:00,2026-10-15T08:00,2026-10-16T08:00,2026-10-17T08:00,945.5,2143.38,standard,accepted,0.115
LD04741,L135,L136,"Dallas, TX","San Antonio, TX",flatbed,machinery,34557,False,2026-10-15T02:00,2026-10-15T04:00,2026-10-15T10:00,2026-10-15T18:00,332.6,1043.68,standard,accepted,0.02
LD01971,L274,L078,"St. Louis, MO","Louisville, KY",dry_van,electronics,35004,False,2026-10-15T02:15,2026-10-15T06:15,2026-10-15T09:15,2026-10-15T21:15,291.5,975.57,standard,accepted,0.009
LD02105,L057,L056,"Oklahoma City, OK","Minneapolis, MN",flatbed,building materials,18386,False,2026-10-15T02:15,2026-10-15T04:15,2026-10-16T06:15,2026-10-16T18:15,846.6,2250.63,standard,tendered,0.051
LD02524,L405,L147,"St. Louis, MO","Columbus, OH",dry_van,consumer goods,40466,False,2026-10-15T02:15,2026-10-15T06:15,2026-10-15T13:15,2026-10-16T01:15,473.7,1444.65,standard,tendered,0.05
LD03413,L368,L482,"Oklahoma City, OK","Orlando, FL",dry_van,consumer goods,19214,False,2026-10-15T02:30,2026-10-15T10:30,2026-10-17T02:30,2026-10-17T06:30,1308.4,2881.55,standard,tendered,0.039
LD00700,L411,L342,"Austin, TX","Chicago, IL",dry_van,beverages,31569,False,2026-10-15T02:45,2026-10-15T06:45,2026-10-16T11:45,2026-10-16T19:45,1136.9,2747.36,standard,tendered,0.037
LD01945,L372,L299,"Dallas, TX","Kansas City, MO",dry_van,beverages,26474,False,2026-10-15T02:45,2026-10-15T04:45,2026-10-15T14:45,2026-10-15T20:45,530.3,1536.76,standard,tentative,0.002
LD01095,L344,L464,"Laredo, TX","Louisville, KY",dry_van,electronics,22650,False,2026-10-15T03:00,2026-10-15T09:00,2026-10-17T01:00,2026-10-17T13:00,1293.4,2928.94,standard,accepted,0.022
LD01654,L372,L152,"Dallas, TX","Memphis, TN",dry_van,retail,26833,False,2026-10-15T03:00,2026-10-15T05:00,2026-10-15T14:00,2026-10-15T22:00,490.8,1250.32,high,accepted,0.006
LD02655,L453,L303,"Houston, TX","Oklahoma City, OK",dry_van,consumer goods,30993,False,2026-10-15T03:00,2026-10-15T07:00,2026-10-15T14:00,2026-10-15T22:00,515.4,1463.23,standard,tentative,0.03
LD03292,L305,L368,"Los Angeles, CA","Oklahoma City, OK",dry_van,consumer goods,34827,False,2026-10-15T03:00,2026-10-15T09:00,2026-10-17T02:00,2026-10-17T14:00,1381.1,3321.13,standard,tendered,0.059
LD00188,L134,L294,"Denver, CO","Los Angeles, CA",dry_van,consumer goods,18703,False,2026-10-15T03:15,2026-10-15T05:15,2026-10-16T10:15,2026-10-16T16:15,995.1,2857.9,standard,tendered,0.044
LD01868,L170,L227,"San Antonio, TX","Charlotte, NC",dry_van,beverages,15978,False,2026-10-15T03:15,2026-10-15T11:15,2026-10-17T02:15,2026-10-17T10:15,1295.0,2797.67,standard,tendered,0.101
LD03923,L086,L320,"Memphis, TN","Atlanta, GA",dry_van,paper products,34411,False,2026-10-15T03:30,2026-10-15T07:30,2026-10-15T12:30,2026-10-15T16:30,420.7,1305.66,standard,tendered,0.017
LD01142,L148,L288,"Houston, TX","Miami, FL",flatbed,lumber,34930,False,2026-10-15T03:45,2026-10-15T05:45,2026-10-16T13:45,2026-10-16T19:45,1160.8,3225.79,standard,tendered,0.03
LD01199,L227,L115,"Charlotte, NC","Miami, FL",dry_van,beverages,36600,False,2026-10-15T03:45,2026-10-15T09:45,2026-10-16T07:45,2026-10-16T19:45,806.7,1931.31,standard,accepted,0.019
LD03498,L199,L426,"Phoenix, AZ","St. Louis, MO",dry_van,auto parts,30821,False,2026-10-15T03:45,2026-10-15T09:45,2026-10-17T05:45,2026-10-17T09:45,1514.1,3619.08,standard,accepted,0.041
LD04172,L271,L480,"Austin, TX","Birmingham, AL",dry_van,paper products,22589,False,2026-10-15T04:00,2026-10-15T12:00,2026-10-16T09:00,2026-10-16T15:00,851.2,2020.72,high,accepted,0.12
LD02060,L046,L164,"Louisville, KY","San Antonio, TX",dry_van,electronics,31803,False,2026-10-15T04:15,2026-10-15T12:15,2026-10-16T13:15,2026-10-17T01:15,1108.6,2948.31,standard,tentative,0.016
LD04967,L438,L441,"Dallas, TX","Columbus, OH",dry_van,auto parts,40932,False,2026-10-15T04:15,2026-10-15T12:15,2026-10-16T12:15,2026-10-16T16:15,1078.1,2845.47,standard,tendered,0.237
LD01268,L483,L273,"St. Louis, MO","Newark, NJ",flatbed,pipe,39201,False,2026-10-15T04:30,2026-10-15T06:30,2026-10-16T11:30,2026-10-16T17:30,1062.9,2825.28,high,accepted,0.034
LD00745,L046,L077,"Louisville, KY","Jacksonville, FL",dry_van,beverages,21647,False,2026-10-15T04:45,2026-10-15T10:45,2026-10-16T06:45,2026-10-16T12:45,717.7,1788.74,critical,accepted,0.017
LD04721,L344,L320,"Laredo, TX","Atlanta, GA",dry_van,paper products,17924,False,2026-10-15T04:45,2026-10-15T06:45,2026-10-16T14:45,2026-10-17T14:45,1191.3,2686.98,standard,accepted,0.029
LD01087,L476,L102,"Chicago, IL","Indianapolis, IN",dry_van,retail,22663,False,2026-10-15T05:00,2026-10-15T11:00,2026-10-15T11:00,2026-10-15T17:00,192.3,659.34,critical,accepted,0.038
LD01313,L271,L136,"Austin, TX","San Antonio, TX",reefer,pharmaceuticals,21146,False,2026-10-15T05:00,2026-10-15T09:00,2026-10-15T10:00,2026-10-15T14:00,89.4,495.46,standard,accepted,0.027
LD01518,L380,L465,"Birmingham, AL","Kansas City, MO",dry_van,auto parts,34863,False,2026-10-15T05:00,2026-10-15T11:00,2026-10-16T07:00,2026-10-17T07:00,696.3,1640.97,standard,accepted,0.028
LD01911,L396,L051,"Little Rock, AR","Indianapolis, IN",dry_van,retail,29483,False,2026-10-15T05:00,2026-10-15T11:00,2026-10-15T19:00,2026-10-16T03:00,581.5,1753.75,standard,tendered,0.088
LD03664,L453,L267,"Houston, TX","Indianapolis, IN",dry_van,electronics,38658,False,2026-10-15T05:00,2026-10-15T09:00,2026-10-16T11:00,2026-10-17T11:00,1026.2,2278.51,standard,tendered,0.031
LD03887,L208,L234,"Oklahoma City, OK","Phoenix, AZ",dry_van,paper products,28058,False,2026-10-15T05:00,2026-10-15T09:00,2026-10-16T11:00,2026-10-16T23:00,1009.4,2554.15,standard,accepted,0.057
LD04523,L344,L158,"Laredo, TX","Atlanta, GA",dry_van,electronics,30973,False,2026-10-15T05:00,2026-10-15T11:00,2026-10-16T15:00,2026-10-16T21:00,1173.9,2813.98,standard,tendered,0.257
LD04843,L443,L133,"Minneapolis, MN","Dallas, TX",dry_van,auto parts,34999,False,2026-10-15T05:00,2026-10-15T11:00,2026-10-16T14:00,2026-10-16T20:00,1056.4,2392.87,standard,accepted,0.012
LD00129,L173,L139,"Atlanta, GA","Jacksonville, FL",dry_van,consumer goods,22219,False,2026-10-15T05:15,2026-10-15T07:15,2026-10-15T14:15,2026-10-16T02:15,358.9,1111.87,standard,tendered,0.084
LD00181,L485,L163,"Nashville, TN","San Antonio, TX",dry_van,paper products,27385,False,2026-10-15T05:15,2026-10-15T09:15,2026-10-16T12:15,2026-10-16T20:15,987.8,2535.47,high,tendered,0.009
LD02711,L483,L187,"St. Louis, MO","Oklahoma City, OK",dry_van,beverages,40182,True,2026-10-15T05:15,2026-10-15T11:15,2026-10-15T16:15,2026-10-16T16:15,526.0,1426.23,standard,accepted,0.053
LD02022,L073,L102,"Laredo, TX","Indianapolis, IN",dry_van,auto parts,27365,False,2026-10-15T05:30,2026-10-15T07:30,2026-10-17T06:30,2026-10-17T14:30,1403.5,3139.87,standard,tendered,0.001
LD02644,L200,L229,"Miami, FL","Denver, CO",dry_van,consumer goods,30095,False,2026-10-15T05:30,2026-10-15T07:30,2026-10-18T02:30,2026-10-18T14:30,2044.8,5951.79,standard,tentative,0.105
LD03723,L241,L177,"Indianapolis, IN","Dallas, TX",dry_van,consumer goods,35869,False,2026-10-15T05:30,2026-10-15T13:30,2026-10-16T12:30,2026-10-16T16:30,905.2,2489.73,standard,tendered,0.075
LD03921,L244,L234,"Dallas, TX","Phoenix, AZ",dry_van,beverages,37347,False,2026-10-15T05:30,2026-10-15T07:30,2026-10-16T13:30,2026-10-16T17:30,1058.4,2703.62,standard,accepted,0.081
LD00480,L079,L383,"Indianapolis, IN","Charlotte, NC",dry_van,consumer goods,28136,False,2026-10-15T05:45,2026-10-15T11:45,2026-10-15T17:45,2026-10-16T05:45,568.5,1510.06,standard,accepted,0.123
LD00814,L372,L043,"Dallas, TX","Chicago, IL",flatbed,pipe,37607,False,2026-10-15T05:45,2026-10-15T07:45,2026-10-16T10:45,2026-10-16T14:45,939.4,2758.92,standard,accepted,0.037
LD00892,L369,L288,"Columbus, OH","Miami, FL",reefer,produce,17780,False,2026-10-15T05:45,2026-10-15T13:45,2026-10-16T15:45,2026-10-17T15:45,1179.7,3334.83,standard,tendered,0.104
LD01349,L136,L129,"San Antonio, TX","New Orleans, LA",dry_van,electronics,33739,False,2026-10-15T05:45,2026-10-15T07:45,2026-10-16T05:45,2026-10-16T09:45,638.8,1701.53,standard,tendered,0.138
LD03027,L376,L394,"Chicago, IL","Minneapolis, MN",dry_van,consumer goods,31700,False,2026-10-15T05:45,2026-10-15T07:45,2026-10-15T15:45,2026-10-15T23:45,415.9,1228.71,standard,tendered,0.009
LD03769,L335,L161,"Los Angeles, CA","Nashville, TN",dry_van,paper products,28290,False,2026-10-15T05:45,2026-10-15T13:45,2026-10-18T05:45,2026-10-18T11:45,2149.5,5370.07,standard,accepted,0.189
LD04144,L380,L337,"Birmingham, AL","Laredo, TX",flatbed,steel,13772,False,2026-10-15T05:45,2026-10-15T11:45,2026-10-16T14:45,2026-10-16T20:45,1041.8,2926.11,high,accepted,0.035
LD04246,L368,L121,"Oklahoma City, OK","Dallas, TX",dry_van,paper products,37341,False,2026-10-15T05:45,2026-10-15T07:45,2026-10-15T13:45,2026-10-16T13:45,227.8,795.06,standard,accepted,0.072
LD00277,L173,L443,"Atlanta, GA","Minneapolis, MN",reefer,dairy,39907,False,2026-10-15T06:00,2026-10-15T08:00,2026-10-16T14:00,2026-10-16T20:00,1096.6,3428.35,standard,tendered,0.004
LD00324,L305,L201,"Los Angeles, CA","Dallas, TX",dry_van,auto parts,20196,False,2026-10-15T06:00,2026-10-15T12:00,2026-10-17T07:00,2026-10-18T07:00,1501.9,3166.41,standard,tendered,0.077
LD00491,L496,L130,"Jacksonville, FL","Memphis, TN",dry_van,paper products,18617,False,2026-10-15T06:00,2026-10-15T12:00,2026-10-16T06:00,2026-10-16T18:00,686.5,1704.74,standard,accepted,0.009
LD00727,L382,L136,"Memphis, TN","San Antonio, TX",dry_van,retail,22281,False,2026-10-15T06:00,2026-10-15T08:00,2026-10-16T09:00,2026-10-16T21:00,783.0,2001.85,high,tendered,0.056
LD00876,L302,L320,"Phoenix, AZ","Atlanta, GA",reefer,frozen food,35536,True,2026-10-15T06:00,2026-10-15T10:00,2026-10-18T01:00,2026-10-18T05:00,1922.2,5410.08,high,tendered,0.06
LD00918,L409,L349,"Columbus, OH","Charlotte, NC",dry_van,retail,37257,False,2026-10-15T06:00,2026-10-15T12:00,2026-10-15T16:00,2026-10-16T00:00,463.3,1446.01,standard,accepted,0.002
LD02679,L388,L227,"Louisville, KY","Charlotte, NC",dry_van,paper products,13403,False,2026-10-15T06:00,2026-10-15T08:00,2026-10-15T14:00,2026-10-16T02:00,391.2,1174.76,standard,accepted,0.148
LD02956,L271,L099,"Austin, TX","Dallas, TX",dry_van,electronics,42534,False,2026-10-15T06:00,2026-10-15T08:00,2026-10-15T14:00,2026-10-16T02:00,255.0,871.27,standard,accepted,0.044
LD02969,L412,L205,"Memphis, TN","Oklahoma City, OK",dry_van,consumer goods,40890,False,2026-10-15T06:00,2026-10-15T08:00,2026-10-15T17:00,2026-10-15T23:00,504.4,1349.01,standard,tendered,0.069
LD03085,L344,L272,"Laredo, TX","Nashville, TN",dry_van,consumer goods,34038,False,2026-10-15T06:00,2026-10-15T08:00,2026-10-16T15:00,2026-10-17T03:00,1125.8,2897.9,standard,tendered,0.134
LD03877,L385,L310,"Los Angeles, CA","El Paso, TX",dry_van,auto parts,26619,False,2026-10-15T06:00,2026-10-15T08:00,2026-10-16T09:00,2026-10-16T17:00,850.2,2383.17,standard,accepted,0.034
LD04964,L137,L465,"Jacksonville, FL","Kansas City, MO",dry_van,auto parts,20509,False,2026-10-15T06:00,2026-10-15T12:00,2026-10-16T15:00,2026-10-16T21:00,1157.6,2818.88,standard,tendered,0.011
LD00257,L170,L347,"San Antonio, TX","Dallas, TX",dry_van,consumer goods,26535,False,2026-10-15T06:15,2026-10-15T12:15,2026-10-15T15:15,2026-10-16T15:15,311.1,982.42,standard,accepted,0.059
LD00400,L482,L184,"Orlando, FL","Newark, NJ",dry_van,beverages,25187,False,2026-10-15T06:15,2026-10-15T08:15,2026-10-16T15:15,2026-10-16T19:15,1101.4,3241.6,standard,tendered,0.026
LD00767,L220,L246,"Chicago, IL","Columbus, OH",dry_van,electronics,11826,False,2026-10-15T06:15,2026-10-15T12:15,2026-10-15T14:15,2026-10-15T18:15,331.5,1015.13,standard,accepted,0.004
LD00828,L245,L479,"Nashville, TN","San Antonio, TX",dry_van,beverages,41010,True,2026-10-15T06:15,2026-10-15T14:15,2026-10-16T12:15,2026-10-16T16:15,971.4,2379.43,standard,tentative,0.168
LD01371,L173,L174,"Atlanta, GA","Indianapolis, IN",dry_van,consumer goods,41486,False,2026-10-15T06:15,2026-10-15T14:15,2026-10-15T17:15,2026-10-15T23:15,500.1,1295.86,high,accepted,0.01
LD02225,L371,L398,"Chicago, IL","Jacksonville, FL",flatbed,lumber,23529,False,2026-10-15T06:15,2026-10-15T12:15,2026-10-16T15:15,2026-10-16T23:15,1067.9,2960.32,standard,accepted,0.088
LD02516,L118,L183,"Houston, TX","Louisville, KY",reefer,dairy,21838,False,2026-10-15T06:15,2026-10-15T10:15,2026-10-16T13:15,2026-10-16T21:15,997.6,2973.01,standard,tentative,0.095
LD02646,L075,L288,"Chicago, IL","Miami, FL",dry_van,auto parts,25225,False,2026-10-15T06:15,2026-10-15T14:15,2026-10-17T06:15,2026-10-17T12:15,1425.3,3350.8,standard,tendered,0.006
LD02801,L412,L473,"Memphis, TN","Phoenix, AZ",dry_van,electronics,32112,False,2026-10-15T06:15,2026-10-15T08:15,2026-10-17T07:15,2026-10-17T15:15,1534.8,3533.53,critical,accepted,0.276
LD03216,L423,L144,"St. Louis, MO","San Antonio, TX",dry_van,auto parts,35942,False,2026-10-15T06:15,2026-10-15T08:15,2026-10-16T12:15,2026-10-16T20:15,989.8,2607.43,high,accepted,0.026
LD03511,L437,L109,"Laredo, TX","Dallas, TX",dry_van,electronics,22771,False,2026-10-15T06:15,2026-10-15T10:15,2026-10-15T18:15,2026-10-16T00:15,496.3,1403.56,high,accepted,0.008
LD03986,L335,L249,"Los Angeles, CA","Little Rock, AR",dry_van,beverages,30804,False,2026-10-15T06:15,2026-10-15T12:15,2026-10-17T14:15,2026-10-17T20:15,1800.3,3750.53,standard,tentative,0.106
LD04556,L369,L169,"Columbus, OH","Charlotte, NC",flatbed,machinery,24522,False,2026-10-15T06:15,2026-10-15T10:15,2026-10-15T16:15,2026-10-16T00:15,392.9,1421.34,standard,tendered,0.04
LD04770,L184,L176,"Newark, NJ","Denver, CO",dry_van,electronics,20575,False,2026-10-15T06:15,2026-10-15T08:15,2026-10-18T02:15,2026-10-19T02:15,1925.7,4796.74,standard,accepted,0.112
LD04946,L212,L476,"Austin, TX","Chicago, IL",dry_van,auto parts,27860,False,2026-10-15T06:15,2026-10-15T14:15,2026-10-16T16:15,2026-10-17T16:15,1173.7,2528.68,critical,tentative,0.006
LD00595,L219,L410,"Nashville, TN","Louisville, KY",dry_van,retail,14611,False,2026-10-15T06:30,2026-10-15T08:30,2026-10-15T12:30,2026-10-15T20:30,196.5,731.88,standard,accepted,0.016
LD00854,L293,L409,"Dallas, TX","Columbus, OH",flatbed,pipe,32754,False,2026-10-15T06:30,2026-10-15T10:30,2026-10-16T14:30,2026-10-16T22:30,1093.6,3061.91,standard,tendered,0.122
LD00960,L321,L046,"Miami, FL","Louisville, KY",reefer,pharmaceuticals,17278,False,2026-10-15T06:30,2026-10-15T08:30,2026-10-16T14:30,2026-10-16T18:30,1091.0,3236.55,standard,tentative,0.041
LD01112,L098,L171,"Houston, TX","New Orleans, LA",dry_van,electronics,33991,False,2026-10-15T06:30,2026-10-15T08:30,2026-10-15T16:30,2026-10-16T00:30,390.6,1094.16,standard,tendered,0.02
LD01207,L476,L361,"Chicago, IL","Little Rock, AR",reefer,pharmaceuticals,35273,False,2026-10-15T06:30,2026-10-15T14:30,2026-10-16T06:30,2026-10-16T14:30,659.6,2111.69,standard,accepted,0.01
LD02367,L184,L472,"Newark, NJ","St. Louis, MO",dry_van,electronics,29994,False,2026-10-15T06:30,2026-10-15T14:30,2026-10-16T13:30,2026-10-17T01:30,1037.5,2424.01,standard,tendered,0.142
LD03314,L075,L440,"Chicago, IL","Memphis, TN",dry_van,consumer goods,28273,False,2026-10-15T06:30,2026-10-15T10:30,2026-10-15T19:30,2026-10-16T03:30,580.5,1459.43,standard,accepted,0.076
LD03535,L405,L158,"St. Louis, MO","Atlanta, GA",dry_van,auto parts,30963,False,2026-10-15T06:30,2026-10-15T08:30,2026-10-15T19:30,2026-10-16T07:30,562.5,1646.33,high,tendered,0.018
LD04348,L403,L358,"Atlanta, GA","Newark, NJ",dry_van,retail,19307,False,2026-10-15T06:30,2026-10-15T08:30,2026-10-16T11:30,2026-10-17T11:30,919.0,2101.73,standard,tendered,0.055
LD04731,L069,L044,"Los Angeles, CA","Dallas, TX",reefer,dairy,29169,False,2026-10-15T06:30,2026-10-15T08:30,2026-10-17T08:30,2026-10-17T14:30,1480.0,3707.63,standard,tendered,0.019
LD04875,L375,L111,"Columbus, OH","Newark, NJ",dry_van,auto parts,37618,False,2026-10-15T06:30,2026-10-15T14:30,2026-10-15T18:30,2026-10-15T22:30,567.8,1402.14,standard,accepted,0.028
LD04973,L452,L484,"Chicago, IL","Indianapolis, IN",flatbed,pipe,22102,False,2026-10-15T06:30,2026-10-15T08:30,2026-10-15T11:30,2026-10-15T15:30,201.1,804.39,standard,tendered,0.067
LD00807,L403,L319,"Atlanta, GA","Chicago, IL",flatbed,machinery,21961,False,2026-10-15T06:45,2026-10-15T08:45,2026-10-16T07:45,2026-10-16T11:45,714.0,1996.34,standard,accepted,0.013
LD00859,L382,L481,"Memphis, TN","Little Rock, AR",reefer,meat,34132,False,2026-10-15T06:45,2026-10-15T12:45,2026-10-15T12:45,2026-10-15T18:45,158.1,680.28,standard,tendered,0.026
LD01088,L397,L423,"Laredo, TX","St. Louis, MO",dry_van,electronics,42193,False,2026-10-15T06:45,2026-10-15T10:45,2026-10-16T13:45,2026-10-17T01:45,1093.7,2523.44,standard,accepted,0.013
LD01674,L449,L394,"Indianapolis, IN","Minneapolis, MN",reefer,pharmaceuticals,19213,False,2026-10-15T06:45,2026-10-15T08:45,2026-10-16T05:45,2026-10-16T13:45,616.0,1797.82,standard,tentative,0.118
LD02882,L450,L356,"Indianapolis, IN","New Orleans, LA",dry_van,electronics,28623,False,2026-10-15T06:45,2026-10-15T08:45,2026-10-16T11:45,2026-10-17T11:45,886.1,2098.41,standard,tendered,0.002
LD03173,L219,L484,"Nashville, TN","Indianapolis, IN",dry_van,beverages,18438,False,2026-10-15T06:45,2026-10-15T14:45,2026-10-15T14:45,2026-10-15T22:45,281.5,868.29,standard,accepted,0.082
LD03310,L360,L254,"Columbus, OH","Chicago, IL",dry_van,auto parts,38170,False,2026-10-15T06:45,2026-10-15T08:45,2026-10-15T15:45,2026-10-15T23:45,314.5,914.61,standard,tendered,0.082
LD03504,L166,L056,"Atlanta, GA","Minneapolis, MN",flatbed,steel,37226,False,2026-10-15T06:45,2026-10-15T08:45,2026-10-16T15:45,2026-10-17T03:45,1090.7,2924.6,standard,accepted,0.017
LD03690,L385,L339,"Los Angeles, CA","Denver, CO",dry_van,consumer goods,22769,False,2026-10-15T06:45,2026-10-15T08:45,2026-10-16T12:45,2026-10-16T20:45,1008.6,2439.01,standard,tendered,0.042
LD04121,L050,L491,"Atlanta, GA","Minneapolis, MN",reefer,dairy,25146,False,2026-10-15T06:45,2026-10-15T12:45,2026-10-16T14:45,2026-10-16T20:45,1074.6,3119.21,standard,accepted,0.111
LD04710,L230,L481,"San Antonio, TX","Little Rock, AR",dry_van,beverages,27845,False,2026-10-15T06:45,2026-10-15T08:45,2026-10-16T07:45,2026-10-16T13:45,636.6,1842.35,standard,accepted,0.074
LD00299,L479,L100,"San Antonio, TX","Charlotte, NC",dry_van,auto parts,25937,False,2026-10-15T07:00,2026-10-15T13:00,2026-10-17T05:00,2026-10-17T09:00,1286.8,3011.51,standard,tendered,0.031
LD00417,L220,L370,"Chicago, IL","Orlando, FL",dry_van,retail,21445,False,2026-10-15T07:00,2026-10-15T09:00,2026-10-16T17:00,2026-10-16T21:00,1184.7,2804.62,standard,tendered,0.144
LD00455,L419,L181,"Charlotte, NC","Harrisburg, PA",dry_van,beverages,39956,True,2026-10-15T07:00,2026-10-15T13:00,2026-10-15T19:00,2026-10-16T01:00,463.0,1400.77,standard,accepted,0.007
LD01073,L458,L052,"Houston, TX","Atlanta, GA",dry_van,paper products,34852,False,2026-10-15T07:00,2026-10-15T09:00,2026-10-16T11:00,2026-10-16T17:00,884.3,2350.04,standard,accepted,0.02
LD01178,L140,L272,"Kansas City, MO","Nashville, TN",dry_van,retail,27497,False,2026-10-15T07:00,2026-10-15T15:00,2026-10-15T18:00,2026-10-16T02:00,560.7,1626.21,standard,tendered,0.067
LD01303,L319,L189,"Chicago, IL","Harrisburg, PA",reefer,frozen food,22522,False,2026-10-15T07:00,2026-10-15T09:00,2026-10-16T08:00,2026-10-16T12:00,708.4,2237.37,standard,tentative,0.046
LD02279,L366,L252,"Newark, NJ","Columbus, OH",reefer,dairy,35738,False,2026-10-15T07:00,2026-10-15T15:00,2026-10-15T20:00,2026-10-16T20:00,573.1,1733.14,critical,accepted,0.006
LD02447,L441,L177,"Columbus, OH","Dallas, TX",dry_van,retail,31021,True,2026-10-15T07:00,2026-10-15T11:00,2026-10-16T15:00,2026-10-16T21:00,1099.6,2634.65,standard,accepted,0.006
LD03466,L355,L125,"Houston, TX","Dallas, TX",dry_van,paper products,26177,False,2026-10-15T07:00,2026-10-15T15:00,2026-10-15T14:00,2026-10-15T22:00,293.2,892.94,standard,accepted,0.019
LD03767,L378,L097,"Kansas City, MO","Denver, CO",dry_van,beverages,22960,False,2026-10-15T07:00,2026-10-15T11:00,2026-10-16T06:00,2026-10-16T10:00,654.1,1557.19,standard,tendered,0.012
LD04021,L290,L270,"New Orleans, LA","Detroit, MI",dry_van,beverages,32132,False,2026-10-15T07:00,2026-10-15T11:00,2026-10-16T16:00,2026-10-17T00:00,1152.5,2888.54,standard,tendered,0.033
LD04140,L493,L128,"Orlando, FL","Miami, FL",dry_van,beverages,33380,False,2026-10-15T07:00,2026-10-15T13:00,2026-10-15T13:00,2026-10-15T21:00,203.4,763.45,standard,tentative,0.028
LD04160,L149,L134,"Jacksonville, FL","Denver, CO",flatbed,pipe,17295,False,2026-10-15T07:00,2026-10-15T09:00,2026-10-17T13:00,2026-10-18T13:00,1792.4,4786.22,standard,accepted,0.023
LD04484,L131,L334,"Indianapolis, IN","Chicago, IL",dry_van,retail,38792,False,2026-10-15T07:00,2026-10-15T13:00,2026-10-15T13:00,2026-10-15T17:00,220.3,747.53,standard,tendered,0.006
LD04846,L291,L110,"Houston, TX","Dallas, TX",dry_van,auto parts,16168,True,2026-10-15T07:00,2026-10-15T15:00,2026-10-15T14:00,2026-10-15T18:00,296.4,978.84,standard,tendered,0.317
LD00029,L321,L205,"Miami, FL","Oklahoma City, OK",dry_van,consumer goods,33935,False,2026-10-15T07:15,2026-10-15T09:15,2026-10-17T07:15,2026-10-17T13:15,1464.2,3646.57,standard,tendered,0.049
LD00237,L371,L492,"Chicago, IL","Charlotte, NC",dry_van,retail,41535,False,2026-10-15T07:15,2026-10-15T11:15,2026-10-16T10:15,2026-10-16T14:15,690.7,2018.19,standard,accepted,0.022
LD00901,L438,L473,"Dallas, TX","Phoenix, AZ",dry_van,electronics,25280,False,2026-10-15T07:15,2026-10-15T13:15,2026-10-16T16:15,2026-10-17T00:15,1121.8,2842.78,standard,tendered,0.064
LD01426,L211,L163,"Jacksonville, FL","San Antonio, TX",dry_van,electronics,25338,False,2026-10-15T07:15,2026-10-15T11:15,2026-10-17T04:15,2026-10-17T08:15,1234.6,3296.43,standard,tendered,0.055
LD01710,L360,L353,"Columbus, OH","Atlanta, GA",reefer,produce,39084,False,2026-10-15T07:15,2026-10-15T13:15,2026-10-15T20:15,2026-10-16T00:15,531.8,1626.06,standard,accepted,0.066
LD01720,L338,L446,"Dallas, TX","Charlotte, NC",dry_van,retail,30178,False,2026-10-15T07:15,2026-10-15T13:15,2026-10-16T15:15,2026-10-16T19:15,1118.2,2661.15,standard,tendered,0.087
LD01766,L073,L354,"Laredo, TX","San Antonio, TX",flatbed,pipe,35230,False,2026-10-15T07:15,2026-10-15T09:15,2026-10-15T15:15,2026-10-16T15:15,213.6,837.58,high,accepted,0.154
LD01789,L319,L484,"Chicago, IL","Indianapolis, IN",flatbed,machinery,35456,False,2026-10-15T07:15,2026-10-15T09:15,2026-10-15T13:15,2026-10-15T21:15,218.8,816.28,high,tendered,0.034
LD01847,L070,L257,"Little Rock, AR","Columbus, OH",dry_van,auto parts,24141,False,2026-10-15T07:15,2026-10-15T09:15,2026-10-16T09:15,2026-10-16T21:15,748.2,1828.31,standard,tentative,0.087
LD01919,L255,L482,"Detroit, MI","Orlando, FL",reefer,frozen food,32866,False,2026-10-15T07:15,2026-10-15T15:15,2026-10-16T18:15,2026-10-16T22:15,1155.0,3607.74,standard,accepted,0.209
LD02200,L454,L388,"Houston, TX","Louisville, KY",dry_van,electronics,36848,False,2026-10-15T07:15,2026-10-15T13:15,2026-10-16T13:15,2026-10-17T13:15,985.3,2693.51,standard,tendered,0.1
LD02288,L255,L395,"Detroit, MI","Austin, TX",flatbed,pipe,30290,False,2026-10-15T07:15,2026-10-15T09:15,2026-10-17T08:15,2026-10-17T16:15,1409.8,3726.4,standard,tentative,0.01
LD02939,L279,L187,"Columbus, OH","Oklahoma City, OK",dry_van,consumer goods,20962,False,2026-10-15T07:15,2026-10-15T09:15,2026-10-16T14:15,2026-10-16T20:15,1035.6,2332.34,standard,accepted,0.177
LD03072,L483,L477,"St. Louis, MO","Miami, FL",dry_van,auto parts,39617,False,2026-10-15T07:15,2026-10-15T09:15,2026-10-17T04:15,2026-10-17T10:15,1290.2,2944.14,standard,tentative,0.068
LD03371,L346,L171,"Houston, TX","New Orleans, LA",dry_van,consumer goods,9766,False,2026-10-15T07:15,2026-10-15T15:15,2026-10-15T15:15,2026-10-15T21:15,383.0,1105.62,standard,tendered,0.217
LD03430,L441,L271,"Columbus, OH","Austin, TX",dry_van,paper products,19187,False,2026-10-15T07:15,2026-10-15T09:15,2026-10-17T04:15,2026-10-18T04:15,1295.8,3015.37,standard,accepted,0.022
LD03523,L179,L285,"Los Angeles, CA","Indianapolis, IN",dry_van,beverages,37350,False,2026-10-15T07:15,2026-10-15T13:15,2026-10-18T07:15,2026-10-18T19:15,2188.4,5095.35,high,accepted,0.091
LD03577,L123,L439,"Los Angeles, CA","Oklahoma City, OK",reefer,produce,40473,False,2026-10-15T07:15,2026-10-15T15:15,2026-10-17T07:15,2026-10-17T15:15,1430.5,3868.94,high,tendered,0.124
LD04463,L294,L309,"Los Angeles, CA","Phoenix, AZ",flatbed,lumber,34158,False,2026-10-15T07:15,2026-10-15T09:15,2026-10-15T17:15,2026-10-16T05:15,403.0,1269.6,standard,tendered,0.074
LD04481,L467,L364,"Miami, FL","Kansas City, MO",dry_van,paper products,31386,False,2026-10-15T07:15,2026-10-15T15:15,2026-10-17T09:15,2026-10-18T09:15,1531.9,3651.66,standard,accepted,0.005
LD04889,L224,L472,"Columbus, OH","St. Louis, MO",reefer,frozen food,26095,False,2026-10-15T07:15,2026-10-15T11:15,2026-10-15T19:15,2026-10-16T07:15,465.0,1533.27,standard,accepted,0.023
LD04944,L291,L257,"Houston, TX","Columbus, OH",dry_van,consumer goods,20548,False,2026-10-15T07:15,2026-10-15T13:15,2026-10-17T02:15,2026-10-17T10:15,1226.8,2682.89,standard,accepted,0.037
LD00291,L293,L413,"Dallas, TX","Kansas City, MO",reefer,produce,32078,True,2026-10-15T07:30,2026-10-15T13:30,2026-10-15T19:30,2026-10-15T23:30,544.0,1650.56,standard,tendered,0.045
LD00559,L441,L205,"Columbus, OH","Oklahoma City, OK",reefer,frozen food,23219,False,2026-10-15T07:30,2026-10-15T11:30,2026-10-16T13:30,2026-10-16T21:30,1023.0,3251.86,high,accepted,0.031
LD01491,L423,L429,"St. Louis, MO","Chicago, IL",reefer,meat,32846,False,2026-10-15T07:30,2026-10-15T13:30,2026-10-15T15:30,2026-10-15T21:30,316.3,1212.39,standard,accepted,0.041
LD01602,L211,L380,"Jacksonville, FL","Birmingham, AL",flatbed,building materials,16577,False,2026-10-15T07:30,2026-10-15T13:30,2026-10-15T18:30,2026-10-15T22:30,477.9,1600.15,standard,tentative,0.088
LD01641,L196,L370,"Indianapolis, IN","Orlando, FL",dry_van,electronics,35022,False,2026-10-15T07:30,2026-10-15T15:30,2026-10-16T12:30,2026-10-17T00:30,984.7,2458.67,standard,tendered,0.034
LD01762,L358,L370,"Newark, NJ","Orlando, FL",dry_van,electronics,30077,True,2026-10-15T07:30,2026-10-15T13:30,2026-10-16T16:30,2026-10-17T04:30,1128.4,3030.38,standard,tentative,0.047
LD02233,L108,L275,"Houston, TX","Atlanta, GA",dry_van,consumer goods,34974,False,2026-10-15T07:30,2026-10-15T11:30,2026-10-16T11:30,2026-10-16T19:30,846.4,2353.44,standard,accepted,0.206
LD02577,L376,L299,"Chicago, IL","Kansas City, MO",dry_van,retail,27330,False,2026-10-15T07:30,2026-10-15T09:30,2026-10-15T19:30,2026-10-16T19:30,485.1,1431.04,high,tendered,0.016
LD02625,L324,L068,"Houston, TX","San Antonio, TX",dry_van,beverages,41676,False,2026-10-15T07:30,2026-10-15T09:30,2026-10-15T13:30,2026-10-15T19:30,237.9,890.56,standard,tentative,0.046
LD02888,L168,L111,"Jacksonville, FL","Newark, NJ",dry_van,beverages,39455,False,2026-10-15T07:30,2026-10-15T11:30,2026-10-16T13:30,2026-10-16T19:30,998.9,2743.96,standard,accepted,0.019
LD02970,L211,L128,"Jacksonville, FL","Miami, FL",dry_van,auto parts,43263,False,2026-10-15T07:30,2026-10-15T09:30,2026-10-15T16:30,2026-10-15T22:30,357.3,1202.6,standard,accepted,0.031
LD03361,L168,L472,"Jacksonville, FL","St. Louis, MO",dry_van,electronics,20504,True,2026-10-15T07:30,2026-10-15T15:30,2026-10-16T11:30,2026-10-17T11:30,918.3,2344.95,standard,tendered,0.02
LD04102,L458,L083,"Houston, TX","Indianapolis, IN",dry_van,auto parts,38676,False,2026-10-15T07:30,2026-10-15T13:30,2026-10-16T14:30,2026-10-16T18:30,1074.6,2872.75,standard,tentative,0.007
LD04319,L219,L484,"Nashville, TN","Indianapolis, IN",dry_van,paper products,32634,False,2026-10-15T07:30,2026-10-15T11:30,2026-10-15T15:30,2026-10-15T19:30,281.5,838.41,standard,accepted,0.149
LD04487,L489,L380,"Atlanta, GA","Birmingham, AL",dry_van,retail,39288,False,2026-10-15T07:30,2026-10-15T11:30,2026-10-15T13:30,2026-10-16T01:30,139.4,551.83,high,accepted,0.05
LD04633,L212,L460,"Austin, TX","Newark, NJ",dry_van,consumer goods,17175,False,2026-10-15T07:30,2026-10-15T15:30,2026-10-17T14:30,2026-10-17T22:30,1792.9,4141.58,standard,accepted,0.179
LD04692,L078,L480,"Louisville, KY","Birmingham, AL",dry_van,consumer goods,31108,False,2026-10-15T07:30,2026-10-15T15:30,2026-10-15T16:30,2026-10-16T04:30,369.9,1018.39,standard,tendered,0.014
LD04704,L104,L123,"Nashville, TN","Los Angeles, CA",dry_van,auto parts,23921,False,2026-10-15T07:30,2026-10-15T13:30,2026-10-18T07:30,2026-10-18T19:30,2136.9,4522.31,standard,accepted,0.032
LD04799,L130,L114,"Memphis, TN","Dallas, TX",dry_van,retail,34975,False,2026-10-15T07:30,2026-10-15T15:30,2026-10-15T19:30,2026-10-16T07:30,509.3,1421.29,high,tendered,0.062
LD04910,L262,L226,"Minneapolis, MN","Columbus, OH",dry_van,auto parts,25735,False,2026-10-15T07:30,2026-10-15T15:30,2026-10-16T09:30,2026-10-17T09:30,761.6,2124.75,standard,tendered,0.081
LD00086,L438,L373,"Dallas, TX","Atlanta, GA",dry_van,auto parts,31862,False,2026-10-15T07:45,2026-10-15T13:45,2026-10-16T11:45,2026-10-16T19:45,841.6,2314.29,high,accepted,0.13
LD00167,L291,L267,"Houston, TX","Indianapolis, IN",dry_van,auto parts,43439,False,2026-10-15T07:45,2026-10-15T11:45,2026-10-16T14:45,2026-10-17T02:45,1070.7,2614.94,standard,tendered,0.105
LD00342,L485,L350,"Nashville, TN","Dallas, TX",dry_van,beverages,25287,False,2026-10-15T07:45,2026-10-15T09:45,2026-10-16T09:45,2026-10-16T13:45,717.2,1875.61,standard,tendered,0.009
LD01340,L338,L087,"Dallas, TX","Jacksonville, FL",dry_van,consumer goods,21837,False,2026-10-15T07:45,2026-10-15T13:45,2026-10-16T15:45,2026-10-16T19:45,1092.3,2911.31,high,tendered,0.007
LD01410,L098,L216,"Houston, TX","San Antonio, TX",dry_van,electronics,27330,False,2026-10-15T07:45,2026-10-15T11:45,2026-10-15T14:45,2026-10-16T14:45,216.9,741.88,standard,tendered,0.217
LD01592,L462,L063,"Indianapolis, IN","San Antonio, TX",dry_van,paper products,38749,False,2026-10-15T07:45,2026-10-15T11:45,2026-10-16T17:45,2026-10-16T23:45,1196.4,2947.03,standard,accepted,0.02
LD01913,L185,L139,"Newark, NJ","Jacksonville, FL",reefer,pharmaceuticals,28953,False,2026-10-15T07:45,2026-10-15T15:45,2026-10-16T13:45,2026-10-17T01:45,990.7,2757.38,standard,tendered,0.061
LD02101,L070,L358,"Little Rock, AR","Newark, NJ",reefer,dairy,23365,False,2026-10-15T07:45,2026-10-15T09:45,2026-10-17T05:45,2026-10-17T13:45,1295.5,3835.53,standard,accepted,0.023
LD02877,L143,L432,"Chicago, IL","Miami, FL",reefer,produce,42686,False,2026-10-15T07:45,2026-10-15T15:45,2026-10-17T08:45,2026-10-17T20:45,1411.5,3571.5,standard,accepted,0.072
LD03012,L283,L099,"Newark, NJ","Dallas, TX",dry_van,beverages,25044,False,2026-10-15T07:45,2026-10-15T13:45,2026-10-17T12:45,2026-10-18T12:45,1630.3,4106.46,standard,accepted,0.052
LD03123,L083,L205,"Indianapolis, IN","Oklahoma City, OK",reefer,meat,35162,False,2026-10-15T07:45,2026-10-15T09:45,2026-10-16T11:45,2026-10-16T17:45,834.7,2305.12,standard,tentative,0.018
LD03661,L343,L114,"Louisville, KY","Dallas, TX",dry_van,auto parts,32038,False,2026-10-15T07:45,2026-10-15T09:45,2026-10-16T13:45,2026-10-17T13:45,881.0,2284.96,standard,accepted,0.157
LD03908,L168,L340,"Jacksonville, FL","Detroit, MI",dry_van,beverages,37485,False,2026-10-15T07:45,2026-10-15T09:45,2026-10-16T12:45,2026-10-16T18:45,970.8,2364.03,standard,tendered,0.103
LD04474,L346,L351,"Houston, TX","Chicago, IL",dry_van,auto parts,37316,False,2026-10-15T07:45,2026-10-15T15:45,2026-10-16T15:45,2026-10-16T21:45,1155.6,3066.19,standard,accepted,0.083
LD04550,L424,L457,"Austin, TX","Dallas, TX",dry_van,paper products,28767,False,2026-10-15T07:45,2026-10-15T11:45,2026-10-15T14:45,2026-10-16T02:45,268.0,819.83,standard,tendered,0.042
LD00050,L156,L414,"Charlotte, NC","Memphis, TN",dry_van,auto parts,31479,False,2026-10-15T08:00,2026-10-15T12:00,2026-10-16T06:00,2026-10-17T06:00,607.7,1699.28,standard,tendered,0.013
LD00375,L406,L247,"Oklahoma City, OK","Jacksonville, FL",dry_van,electronics,36624,False,2026-10-15T08:00,2026-10-15T12:00,2026-10-16T17:00,2026-10-17T01:00,1155.4,2765.07,standard,tendered,0.015
LD00473,L419,L070,"Charlotte, NC","Little Rock, AR",reefer,dairy,28967,False,2026-10-15T08:00,2026-10-15T14:00,2026-10-16T12:00,2026-10-16T18:00,789.8,2106.64,standard,accepted,0.046
LD00489,L054,L421,"Austin, TX","Louisville, KY",dry_van,auto parts,15228,False,2026-10-15T08:00,2026-10-15T16:00,2026-10-16T15:00,2026-10-16T19:00,1063.5,2832.29,standard,tendered,0.069
LD00883,L143,L395,"Chicago, IL","Austin, TX",dry_van,beverages,21682,False,2026-10-15T08:00,2026-10-15T14:00,2026-10-16T18:00,2026-10-17T02:00,1145.5,2687.57,standard,tendered,0.091
LD01168,L043,L158,"Chicago, IL","Atlanta, GA",dry_van,auto parts,43865,False,2026-10-15T08:00,2026-10-15T16:00,2026-10-16T10:00,2026-10-17T10:00,719.9,1846.24,standard,tendered,0.015
LD01552,L154,L210,"Laredo, TX","Detroit, MI",reefer,produce,32334,False,2026-10-15T08:00,2026-10-15T14:00,2026-10-17T12:00,2026-10-17T18:00,1659.9,4096.9,standard,tentative,0.184
LD01953,L065,L480,"Miami, FL","Birmingham, AL",dry_van,paper products,28552,True,2026-10-15T08:00,2026-10-15T14:00,2026-10-16T10:00,2026-10-16T14:00,815.4,2287.83,standard,accepted,0.001
LD02456,L176,L161,"Denver, CO","Nashville, TN",dry_van,consumer goods,35047,False,2026-10-15T08:00,2026-10-15T10:00,2026-10-16T19:00,2026-10-17T07:00,1208.3,3258.79,high,tentative,0.118
LD02512,L205,L423,"Oklahoma City, OK","St. Louis, MO",dry_van,electronics,38518,False,2026-10-15T08:00,2026-10-15T12:00,2026-10-15T20:00,2026-10-16T08:00,556.0,1574.29,standard,tendered,0.036
LD02815,L167,L154,"Little Rock, AR","Laredo, TX",flatbed,building materials,20807,False,2026-10-15T08:00,2026-10-15T14:00,2026-10-16T11:00,2026-10-16T19:00,785.8,2495.95,standard,tendered,0.021
LD02908,L072,L306,"Atlanta, GA","Dallas, TX",dry_van,beverages,35407,False,2026-10-15T08:00,2026-10-15T14:00,2026-10-16T12:00,2026-10-17T12:00,866.2,2104.53,standard,tendered,0.01
LD03090,L403,L204,"Atlanta, GA","Kansas City, MO",reefer,meat,39238,False,2026-10-15T08:00,2026-10-15T10:00,2026-10-16T10:00,2026-10-17T10:00,785.3,2149.58,standard,tendered,0.048
LD03116,L212,L484,"Austin, TX","Indianapolis, IN",dry_van,auto parts,33172,False,2026-10-15T08:00,2026-10-15T16:00,2026-10-16T17:00,2026-10-16T21:00,1108.1,2632.0,standard,accepted,0.016
LD03719,L051,L320,"Indianapolis, IN","Atlanta, GA",dry_van,auto parts,34345,False,2026-10-15T08:00,2026-10-15T12:00,2026-10-15T20:00,2026-10-16T00:00,508.5,1367.71,standard,tendered,0.069
LD04638,L425,L500,"Houston, TX","Los Angeles, CA",reefer,frozen food,34688,False,2026-10-15T08:00,2026-10-15T10:00,2026-10-17T12:00,2026-10-17T18:00,1604.9,4073.84,standard,tendered,0.005
LD04656,L242,L424,"Little Rock, AR","Austin, TX",dry_van,auto parts,25902,False,2026-10-15T08:00,2026-10-15T16:00,2026-10-15T21:00,2026-10-16T21:00,550.9,1424.29,standard,tendered,0.066
LD04716,L246,L446,"Columbus, OH","Charlotte, NC",dry_van,paper products,38184,False,2026-10-15T08:00,2026-10-15T10:00,2026-10-15T18:00,2026-10-16T18:00,411.8,1248.81,high,accepted,0.105
LD00049,L143,L182,"Chicago, IL","Denver, CO",dry_van,beverages,33363,False,2026-10-15T08:15,2026-10-15T10:15,2026-10-16T17:15,2026-10-16T23:15,1123.5,2843.57,standard,tendered,0.027
LD00173,L448,L061,"St. Louis, MO","Charlotte, NC",dry_van,auto parts,32433,False,2026-10-15T08:15,2026-10-15T10:15,2026-10-16T08:15,2026-10-16T14:15,682.0,1931.93,standard,tendered,0.064
LD00210,L244,L446,"Dallas, TX","Charlotte, NC",dry_van,paper products,35957,False,2026-10-15T08:15,2026-10-15T14:15,2026-10-16T17:15,2026-10-16T21:15,1107.0,2866.41,standard,tentative,0.134
LD01697,L219,L296,"Nashville, TN","Louisville, KY",dry_van,auto parts,23746,False,2026-10-15T08:15,2026-10-15T12:15,2026-10-15T14:15,2026-10-16T14:15,165.9,599.65,standard,accepted,0.04
LD01764,L352,L055,"Chicago, IL","Louisville, KY",dry_van,paper products,37602,False,2026-10-15T08:15,2026-10-15T10:15,2026-10-15T16:15,2026-10-16T00:15,274.7,829.6,standard,accepted,0.012
LD01855,L094,L090,"New Orleans, LA","Chicago, IL",dry_van,beverages,28697,False,2026-10-15T08:15,2026-10-15T10:15,2026-10-16T14:15,2026-10-16T18:15,979.4,2170.15,standard,accepted,0.012
LD02000,L296,L126,"Louisville, KY","Miami, FL",dry_van,paper products,26944,False,2026-10-15T08:15,2026-10-15T10:15,2026-10-16T16:15,2026-10-16T20:15,1120.0,2845.91,standard,tentative,0.018
LD02020,L291,L275,"Houston, TX","Atlanta, GA",dry_van,beverages,37779,False,2026-10-15T08:15,2026-10-15T14:15,2026-10-16T11:15,2026-10-17T11:15,874.0,1998.79,standard,accepted,0.037
LD02396,L060,L131,"Dallas, TX","Indianapolis, IN",reefer,meat,29966,False,2026-10-15T08:15,2026-10-15T16:15,2026-10-16T12:15,2026-10-16T16:15,908.5,2953.1,standard,accepted,0.05
LD02412,L184,L266,"Newark, NJ","Columbus, OH",dry_van,beverages,30348,False,2026-10-15T08:15,2026-10-15T16:15,2026-10-15T21:15,2026-10-16T21:15,550.0,1391.36,standard,tendered,0.043
LD02677,L413,L228,"Kansas City, MO","Houston, TX",flatbed,building materials,25058,False,2026-10-15T08:15,2026-10-15T10:15,2026-10-16T11:15,2026-10-16T17:15,799.9,2078.0,standard,tentative,0.059
LD02954,L426,L063,"St. Louis, MO","San Antonio, TX",dry_van,paper products,40627,False,2026-10-15T08:15,2026-10-15T16:15,2026-10-16T15:15,2026-10-16T21:15,966.4,2375.29,standard,tendered,0.174
LD03017,L337,L339,"Laredo, TX","Denver, CO",dry_van,beverages,34089,False,2026-10-15T08:15,2026-10-15T10:15,2026-10-16T18:15,2026-10-17T00:15,1076.1,2576.24,standard,tendered,0.019
LD03057,L342,L267,"Chicago, IL","Indianapolis, IN",dry_van,consumer goods,30201,False,2026-10-15T08:15,2026-10-15T10:15,2026-10-15T13:15,2026-10-16T13:15,197.2,781.29,standard,accepted,0.147
LD03203,L251,L174,"Chicago, IL","Indianapolis, IN",dry_van,auto parts,30963,False,2026-10-15T08:15,2026-10-15T12:15,2026-10-15T14:15,2026-10-16T02:15,198.0,786.92,standard,accepted,0.146
LD03224,L311,L082,"Los Angeles, CA","Phoenix, AZ",dry_van,electronics,23595,False,2026-10-15T08:15,2026-10-15T16:15,2026-10-15T18:15,2026-10-16T06:15,466.0,1274.11,standard,tendered,0.061
LD03242,L113,L091,"Orlando, FL","Columbus, OH",dry_van,beverages,39484,False,2026-10-15T08:15,2026-10-15T10:15,2026-10-16T13:15,2026-10-16T17:15,961.2,2454.0,critical,tentative,0.012
LD03421,L348,L090,"Los Angeles, CA","Chicago, IL",dry_van,paper products,32061,False,2026-10-15T08:15,2026-10-15T10:15,2026-10-18T07:15,2026-10-18T15:15,2092.2,4921.4,standard,tentative,0.088
LD03619,L403,L377,"Atlanta, GA","Phoenix, AZ",reefer,dairy,37741,False,2026-10-15T08:15,2026-10-15T12:15,2026-10-18T02:15,2026-10-18T14:15,1878.6,4744.5,standard,tendered,0.14
LD03647,L276,L141,"Charlotte, NC","Oklahoma City, OK",dry_van,beverages,25700,False,2026-10-15T08:15,2026-10-15T10:15,2026-10-16T17:15,2026-10-17T05:15,1142.5,3037.24,standard,tendered,0.166
LD03699,L198,L367,"Minneapolis, MN","Atlanta, GA",reefer,pharmaceuticals,33292,False,2026-10-15T08:15,2026-10-15T10:15,2026-10-16T18:15,2026-10-16T22:15,1099.6,3465.02,standard,accepted,0.186
LD04171,L219,L398,"Nashville, TN","Jacksonville, FL",dry_van,electronics,27065,False,2026-10-15T08:15,2026-10-15T14:15,2026-10-16T09:15,2026-10-16T13:15,641.2,1676.71,standard,tendered,0.036
LD04224,L343,L476,"Louisville, KY","Chicago, IL",dry_van,paper products,36654,False,2026-10-15T08:15,2026-10-15T10:15,2026-10-15T17:15,2026-10-15T23:15,274.9,954.96,standard,tendered,0.085
LD04982,L437,L471,"Laredo, TX","Charlotte, NC",dry_van,beverages,30869,False,2026-10-15T08:15,2026-10-15T10:15,2026-10-17T10:15,2026-10-17T22:15,1441.8,3388.8,standard,tendered,0.086
LD00203,L405,L112,"St. Louis, MO","Columbus, OH",dry_van,electronics,38924,False,2026-10-15T08:30,2026-10-15T16:30,2026-10-15T19:30,2026-10-16T19:30,473.4,1267.94,standard,tentative,0.111
LD00250,L291,L164,"Houston, TX","San Antonio, TX",dry_van,auto parts,26706,False,2026-10-15T08:30,2026-10-15T10:30,2026-10-15T13:30,2026-10-15T17:30,184.4,697.43,standard,accepted,0.112
LD00531,L167,L486,"Little Rock, AR","Louisville, KY",dry_van,consumer goods,34682,False,2026-10-15T08:30,2026-10-15T16:30,2026-10-15T21:30,2026-10-16T05:30,555.9,1419.81,high,tendered,0.03
LD00579,L241,L398,"Indianapolis, IN","Jacksonville, FL",dry_van,auto parts,35499,False,2026-10-15T08:30,2026-10-15T10:30,2026-10-16T14:30,2026-10-17T14:30,850.5,2212.52,standard,accepted,0.002
LD00726,L122,L434,"Chicago, IL","Jacksonville, FL",dry_van,beverages,37458,True,2026-10-15T08:30,2026-10-15T16:30,2026-10-16T15:30,2026-10-16T21:30,1053.5,2843.43,standard,tendered,0.049
LD01281,L155,L371,"Los Angeles, CA","Chicago, IL",flatbed,pipe,24158,False,2026-10-15T08:30,2026-10-15T10:30,2026-10-18T05:30,2026-10-18T17:30,2062.9,4776.02,high,accepted,0.065
LD01749,L094,L067,"New Orleans, LA","Houston, TX",dry_van,beverages,42038,False,2026-10-15T08:30,2026-10-15T14:30,2026-10-15T17:30,2026-10-16T17:30,362.1,1125.52,standard,accepted,0.075
LD01844,L099,L445,"Dallas, TX","Los Angeles, CA",dry_van,consumer goods,34029,False,2026-10-15T08:30,2026-10-15T12:30,2026-10-17T09:30,2026-10-17T13:30,1479.7,3800.13,critical,tendered,0.09
LD02181,L443,L328,"Minneapolis, MN","Austin, TX",dry_van,retail,9291,False,2026-10-15T08:30,2026-10-15T16:30,2026-10-17T07:30,2026-10-17T13:30,1285.7,3378.77,standard,tendered,0.011
LD02214,L360,L068,"Columbus, OH","San Antonio, TX",dry_van,auto parts,38058,False,2026-10-15T08:30,2026-10-15T10:30,2026-10-17T07:30,2026-10-18T07:30,1338.9,3159.82,standard,accepted,0.203
LD03604,L140,L121,"Kansas City, MO","Dallas, TX",dry_van,consumer goods,38353,False,2026-10-15T08:30,2026-10-15T12:30,2026-10-15T19:30,2026-10-16T01:30,545.3,1602.73,high,tendered,0.028
LD03807,L380,L484,"Birmingham, AL","Indianapolis, IN",dry_van,beverages,28428,False,2026-10-15T08:30,2026-10-15T10:30,2026-10-15T21:30,2026-10-16T09:30,504.2,1453.82,standard,accepted,0.016
LD04371,L073,L457,"Laredo, TX","Dallas, TX",dry_van,retail,36550,False,2026-10-15T08:30,2026-10-15T14:30,2026-10-15T21:30,2026-10-16T03:30,520.6,1406.88,standard,accepted,0.189
LD00659,L167,L435,"Little Rock, AR","Chicago, IL",dry_van,beverages,41164,False,2026-10-15T08:45,2026-10-15T14:45,2026-10-16T09:45,2026-10-16T15:45,666.6,1723.83,standard,tendered,0.036
LD00816,L294,L395,"Los Angeles, CA","Austin, TX",flatbed,steel,41567,False,2026-10-15T08:45,2026-10-15T10:45,2026-10-17T09:45,2026-10-17T13:45,1451.0,4011.46,standard,tendered,0.028
LD01419,L162,L120,"Memphis, TN","Austin, TX",dry_van,electronics,32705,False,2026-10-15T08:45,2026-10-15T14:45,2026-10-16T09:45,2026-10-16T15:45,685.4,1730.53,standard,accepted,0.136
LD01722,L300,L421,"Houston, TX","Louisville, KY",dry_van,beverages,13373,False,2026-10-15T08:45,2026-10-15T16:45,2026-10-16T16:45,2026-10-16T20:45,974.7,2396.84,standard,accepted,0.025
LD01747,L072,L472,"Atlanta, GA","St. Louis, MO",flatbed,machinery,21218,False,2026-10-15T08:45,2026-10-15T10:45,2026-10-15T21:45,2026-10-16T03:45,582.9,1844.6,high,tendered,0.016
LD01942,L167,L220,"Little Rock, AR","Chicago, IL",flatbed,machinery,34819,False,2026-10-15T08:45,2026-10-15T14:45,2026-10-16T09:45,2026-10-16T21:45,661.0,2098.24,standard,tendered,0.081
LD01983,L191,L263,"Los Angeles, CA","Nashville, TN",dry_van,retail,36343,False,2026-10-15T08:45,2026-10-15T10:45,2026-10-18T09:45,2026-10-18T21:45,2142.3,5402.6,standard,tentative,0.008
LD02029,L306,L431,"Dallas, TX","Laredo, TX",dry_van,electronics,41413,False,2026-10-15T08:45,2026-10-15T16:45,2026-10-15T20:45,2026-10-16T00:45,488.0,1355.12,high,tentative,0.054
LD02142,L461,L177,"Indianapolis, IN","Dallas, TX",reefer,frozen food,29025,False,2026-10-15T08:45,2026-10-15T12:45,2026-10-16T12:45,2026-10-16T18:45,898.7,2838.8,high,tendered,0.191
LD02224,L064,L083,"Harrisburg, PA","Indianapolis, IN",dry_van,consumer goods,17498,False,2026-10-15T08:45,2026-10-15T14:45,2026-10-15T21:45,2026-10-16T21:45,603.7,1655.19,standard,tentative,0.09
LD02330,L233,L383,"Miami, FL","Charlotte, NC",dry_van,beverages,28324,False,2026-10-15T08:45,2026-10-15T14:45,2026-10-16T10:45,2026-10-16T22:45,753.0,2088.15,standard,accepted,0.064
LD02348,L180,L214,"New Orleans, LA","Newark, NJ",dry_van,beverages,33042,False,2026-10-15T08:45,2026-10-15T10:45,2026-10-17T09:45,2026-10-17T17:45,1422.5,3027.44,standard,tendered,0.012
LD02384,L332,L432,"Indianapolis, IN","Miami, FL",reefer,dairy,36559,False,2026-10-15T08:45,2026-10-15T10:45,2026-10-17T05:45,2026-10-17T17:45,1216.7,3604.23,standard,tentative,0.073
LD02762,L310,L270,"El Paso, TX","Detroit, MI",dry_van,beverages,36383,False,2026-10-15T08:45,2026-10-15T12:45,2026-10-17T14:45,2026-10-17T22:45,1757.5,3841.53,standard,tendered,0.014
LD02825,L409,L142,"Columbus, OH","Atlanta, GA",dry_van,beverages,43608,False,2026-10-15T08:45,2026-10-15T10:45,2026-10-15T20:45,2026-10-16T20:45,540.9,1366.13,high,accepted,0.071
LD03125,L362,L114,"Houston, TX","Dallas, TX",dry_van,electronics,33630,False,2026-10-15T08:45,2026-10-15T10:45,2026-10-15T15:45,2026-10-15T21:45,277.3,945.7,standard,tendered,0.035
LD03508,L055,L270,"Louisville, KY","Detroit, MI",reefer,pharmaceuticals,27157,False,2026-10-15T08:45,2026-10-15T16:45,2026-10-15T17:45,2026-10-15T21:45,359.3,1256.17,standard,tendered,0.059
LD03601,L376,L097,"Chicago, IL","Denver, CO",flatbed,machinery,30823,False,2026-10-15T08:45,2026-10-15T14:45,2026-10-16T16:45,2026-10-17T16:45,1064.8,2593.66,standard,accepted,0.102
LD04076,L103,L408,"Chicago, IL","Charlotte, NC",reefer,frozen food,33231,False,2026-10-15T08:45,2026-10-15T16:45,2026-10-16T10:45,2026-10-16T18:45,725.9,2308.12,standard,tendered,0.039
LD04335,L296,L128,"Louisville, KY","Miami, FL",dry_van,auto parts,25704,False,2026-10-15T08:45,2026-10-15T10:45,2026-10-16T16:45,2026-10-16T22:45,1087.0,2592.06,high,accepted,0.21
LD04418,L268,L274,"Orlando, FL","St. Louis, MO",dry_van,retail,39165,False,2026-10-15T08:45,2026-10-15T14:45,2026-10-16T16:45,2026-10-17T16:45,1014.9,2884.42,standard,tendered,0.009
LD04495,L167,L190,"Little Rock, AR","Oklahoma City, OK",dry_van,electronics,37114,False,2026-10-15T08:45,2026-10-15T16:45,2026-10-15T17:45,2026-10-16T17:45,344.0,1146.74,standard,tendered,0.051
LD04581,L361,L430,"Little Rock, AR","Minneapolis, MN",flatbed,lumber,21281,False,2026-10-15T08:45,2026-10-15T12:45,2026-10-16T12:45,2026-10-17T00:45,862.9,2580.71,standard,tendered,0.05
LD04622,L213,L298,"Jacksonville, FL","Harrisburg, PA",dry_van,auto parts,36330,False,2026-10-15T08:45,2026-10-15T12:45,2026-10-16T12:45,2026-10-16T18:45,885.7,2467.85,standard,tendered,0.067
LD04662,L424,L247,"Austin, TX","Jacksonville, FL",dry_van,beverages,18620,False,2026-10-15T08:45,2026-10-15T16:45,2026-10-16T17:45,2026-10-17T01:45,1159.4,2738.13,standard,tendered,0.066
LD04771,L251,L077,"Chicago, IL","Jacksonville, FL",dry_van,paper products,30854,False,2026-10-15T08:45,2026-10-15T14:45,2026-10-16T15:45,2026-10-16T23:45,1036.1,2801.55,high,accepted,0.063
LD04832,L055,L303,"Louisville, KY","Oklahoma City, OK",dry_van,electronics,30420,False,2026-10-15T08:45,2026-10-15T14:45,2026-10-16T11:45,2026-10-16T19:45,800.4,2053.78,standard,accepted,0.01
LD00084,L118,L298,"Houston, TX","Harrisburg, PA",reefer,frozen food,36183,False,2026-10-15T09:00,2026-10-15T11:00,2026-10-17T12:00,2026-10-17T18:00,1547.9,4637.33,standard,tendered,0.018
LD00501,L300,L129,"Houston, TX","New Orleans, LA",dry_van,consumer goods,41494,False,2026-10-15T09:00,2026-10-15T15:00,2026-10-15T20:00,2026-10-16T08:00,396.7,1161.39,standard,tendered,0.02
LD00649,L149,L233,"Jacksonville, FL","Miami, FL",flatbed,building materials,39987,False,2026-10-15T09:00,2026-10-15T11:00,2026-10-15T18:00,2026-10-16T02:00,391.0,1320.29,standard,tendered,0.001
LD01104,L045,L185,"Oklahoma City, OK","Newark, NJ",reefer,meat,31794,False,2026-10-15T09:00,2026-10-15T17:00,2026-10-17T13:00,2026-10-17T19:00,1583.8,4140.82,standard,tendered,0.034
LD01194,L179,L424,"Los Angeles, CA","Austin, TX",dry_van,beverages,33057,False,2026-10-15T09:00,2026-10-15T17:00,2026-10-17T10:00,2026-10-17T18:00,1472.5,3859.83,standard,tendered,0.071
LD01312,L146,L142,"Detroit, MI","Atlanta, GA",dry_van,beverages,22848,False,2026-10-15T09:00,2026-10-15T17:00,2026-10-16T11:00,2026-10-16T23:00,705.2,2043.28,high,tendered,0.013
LD02238,L418,L249,"Jacksonville, FL","Little Rock, AR",dry_van,auto parts,24333,False,2026-10-15T09:00,2026-10-15T17:00,2026-10-16T12:00,2026-10-17T00:00,813.6,1915.14,critical,accepted,0.013
LD02333,L453,L126,"Houston, TX","Miami, FL",dry_van,electronics,35853,False,2026-10-15T09:00,2026-10-15T15:00,2026-10-16T17:00,2026-10-17T01:00,1146.7,2530.01,standard,tentative,0.043
LD03393,L143,L110,"Chicago, IL","Dallas, TX",dry_van,beverages,29770,False,2026-10-15T09:00,2026-10-15T11:00,2026-10-16T15:00,2026-10-16T23:00,939.4,2549.35,standard,tendered,0.004
LD03743,L221,L061,"Atlanta, GA","Charlotte, NC",dry_van,beverages,36081,False,2026-10-15T09:00,2026-10-15T17:00,2026-10-15T16:00,2026-10-16T16:00,255.6,925.72,standard,tendered,0.009
LD04120,L281,L238,"Dallas, TX","Los Angeles, CA",dry_van,electronics,37904,False,2026-10-15T09:00,2026-10-15T15:00,2026-10-17T09:00,2026-10-17T13:00,1476.5,3731.1,standard,tendered,0.155
LD04139,L074,L187,"Dallas, TX","Oklahoma City, OK",dry_van,beverages,24865,False,2026-10-15T09:00,2026-10-15T17:00,2026-10-15T16:00,2026-10-15T20:00,251.2,832.05,high,tendered,0.005
LD04185,L389,L279,"Newark, NJ","Columbus, OH",reefer,pharmaceuticals,31207,False,2026-10-15T09:00,2026-10-15T15:00,2026-10-15T21:00,2026-10-16T03:00,543.7,1613.65,standard,tendered,0.03
LD04231,L162,L125,"Memphis, TN","Dallas, TX",dry_van,paper products,31823,False,2026-10-15T09:00,2026-10-15T13:00,2026-10-15T21:00,2026-10-16T05:00,482.1,1440.71,high,tendered,0.032
LD04327,L491,L177,"Minneapolis, MN","Dallas, TX",flatbed,pipe,35531,False,2026-10-15T09:00,2026-10-15T11:00,2026-10-16T15:00,2026-10-16T23:00,1042.3,3141.22,standard,tentative,0.126
LD04441,L193,L202,"Denver, CO","Atlanta, GA",flatbed,lumber,28758,False,2026-10-15T09:00,2026-10-15T17:00,2026-10-17T10:00,2026-10-17T18:00,1458.4,4773.67,standard,tendered,0.044
LD04626,L180,L159,"New Orleans, LA","Houston, TX",flatbed,machinery,34130,False,2026-10-15T09:00,2026-10-15T15:00,2026-10-15T19:00,2026-10-16T07:00,372.1,1258.17,standard,tendered,0.049
LD04689,L113,L180,"Orlando, FL","New Orleans, LA",dry_van,electronics,26097,False,2026-10-15T09:00,2026-10-15T13:00,2026-10-16T08:00,2026-10-16T20:00,641.2,1860.25,standard,accepted,0.137
LD00697,L337,L347,"Laredo, TX","Dallas, TX",dry_van,consumer goods,33424,False,2026-10-15T09:15,2026-10-15T13:15,2026-10-15T22:15,2026-10-16T10:15,487.1,1463.04,standard,tendered,0.078
LD00858,L148,L043,"Houston, TX","Chicago, IL",flatbed,steel,17797,False,2026-10-15T09:15,2026-10-15T11:15,2026-10-16T18:15,2026-10-17T02:15,1124.4,3008.29,standard,tendered,0.025
LD00973,L166,L272,"Atlanta, GA","Nashville, TN",dry_van,consumer goods,43962,False,2026-10-15T09:15,2026-10-15T15:15,2026-10-15T17:15,2026-10-15T23:15,263.9,888.73,standard,tendered,0.037
LD01134,L279,L181,"Columbus, OH","Harrisburg, PA",dry_van,consumer goods,40720,False,2026-10-15T09:15,2026-10-15T13:15,2026-10-15T18:15,2026-10-16T18:15,370.9,1060.69,standard,tendered,0.048
LD01288,L098,L161,"Houston, TX","Nashville, TN",dry_van,retail,28048,False,2026-10-15T09:15,2026-10-15T11:15,2026-10-16T13:15,2026-10-17T01:15,810.3,2053.93,standard,tendered,0.042
LD01619,L346,L480,"Houston, TX","Birmingham, AL",dry_van,consumer goods,24860,False,2026-10-15T09:15,2026-10-15T15:15,2026-10-16T09:15,2026-10-16T15:15,710.1,1764.28,critical,accepted,0.028
LD01967,L246,L240,"Columbus, OH","Harrisburg, PA",dry_van,retail,29588,False,2026-10-15T09:15,2026-10-15T15:15,2026-10-15T19:15,2026-10-16T01:15,393.7,1194.53,standard,tendered,0.059
LD02050,L319,L487,"Chicago, IL","Dallas, TX",reefer,dairy,27019,False,2026-10-15T09:15,2026-10-15T15:15,2026-10-16T15:15,2026-10-16T23:15,980.8,2807.47,standard,tendered,0.183
LD02097,L475,L313,"Indianapolis, IN","Miami, FL",dry_van,consumer goods,30654,False,2026-10-15T09:15,2026-10-15T17:15,2026-10-17T06:15,2026-10-17T10:15,1260.7,2710.72,standard,tendered,0.105
LD02320,L312,L271,"Los Angeles, CA","Austin, TX",dry_van,auto parts,27681,False,2026-10-15T09:15,2026-10-15T15:15,2026-10-17T12:15,2026-10-17T20:15,1476.5,3383.26,standard,tentative,0.003
LD02441,L208,L067,"Oklahoma City, OK","Houston, TX",reefer,dairy,27409,False,2026-10-15T09:15,2026-10-15T11:15,2026-10-15T19:15,2026-10-16T19:15,462.8,1385.99,critical,accepted,0.018
LD02468,L099,L486,"Dallas, TX","Louisville, KY",dry_van,auto parts,28095,False,2026-10-15T09:15,2026-10-15T13:15,2026-10-16T13:15,2026-10-17T13:15,882.2,2300.7,critical,tendered,0.028
LD02504,L311,L097,"Los Angeles, CA","Denver, CO",reefer,pharmaceuticals,18064,False,2026-10-15T09:15,2026-10-15T15:15,2026-10-16T16:15,2026-10-17T04:15,1036.4,2756.26,standard,tendered,0.033
LD02519,L461,L368,"Indianapolis, IN","Oklahoma City, OK",dry_van,auto parts,23947,False,2026-10-15T09:15,2026-10-15T13:15,2026-10-16T11:15,2026-10-16T15:15,823.2,1908.71,standard,accepted,0.012
LD02602,L198,L356,"Minneapolis, MN","New Orleans, LA",flatbed,pipe,28714,False,2026-10-15T09:15,2026-10-15T15:15,2026-10-17T08:15,2026-10-17T14:15,1285.4,3231.04,standard,tendered,0.05
LD02765,L439,L481,"Oklahoma City, OK","Little Rock, AR",dry_van,electronics,40892,False,2026-10-15T09:15,2026-10-15T11:15,2026-10-15T18:15,2026-10-16T06:15,384.8,1112.81,critical,tendered,0.059
LD02783,L319,L409,"Chicago, IL","Columbus, OH",reefer,dairy,20831,False,2026-10-15T09:15,2026-10-15T15:15,2026-10-15T17:15,2026-10-15T23:15,320.9,1277.29,standard,accepted,0.204
LD02836,L442,L266,"St. Louis, MO","Columbus, OH",dry_van,auto parts,38254,False,2026-10-15T09:15,2026-10-15T11:15,2026-10-15T20:15,2026-10-16T20:15,456.6,1209.36,standard,tentative,0.042
LD03112,L391,L139,"Austin, TX","Jacksonville, FL",reefer,dairy,29228,False,2026-10-15T09:15,2026-10-15T15:15,2026-10-16T20:15,2026-10-17T02:15,1183.9,3565.49,standard,accepted,0.148
LD03261,L069,L207,"Los Angeles, CA","Birmingham, AL",dry_van,retail,34739,False,2026-10-15T09:15,2026-10-15T17:15,2026-10-18T10:15,2026-10-18T22:15,2195.0,4822.14,standard,tendered,0.218
LD03490,L375,L189,"Columbus, OH","Harrisburg, PA",flatbed,steel,22366,False,2026-10-15T09:15,2026-10-15T17:15,2026-10-15T18:15,2026-10-16T02:15,409.0,1360.28,standard,tendered,0.035
LD03697,L453,L109,"Houston, TX","Dallas, TX",reefer,meat,27807,False,2026-10-15T09:15,2026-10-15T11:15,2026-10-15T16:15,2026-10-16T04:15,298.0,1047.77,standard,tendered,0.007
LD03738,L426,L388,"St. Louis, MO","Louisville, KY",dry_van,retail,16186,False,2026-10-15T09:15,2026-10-15T13:15,2026-10-15T18:15,2026-10-16T18:15,315.7,1051.11,standard,tendered,0.031
LD03931,L374,L365,"Newark, NJ","Birmingham, AL",reefer,produce,34297,False,2026-10-15T09:15,2026-10-15T11:15,2026-10-16T17:15,2026-10-16T23:15,1056.5,3309.34,standard,tendered,0.079
LD04111,L334,L214,"Chicago, IL","Newark, NJ",dry_van,consumer goods,24309,False,2026-10-15T09:15,2026-10-15T15:15,2026-10-16T14:15,2026-10-17T02:15,852.6,2129.41,standard,tendered,0.039
LD04542,L223,L150,"Kansas City, MO","Columbus, OH",dry_van,retail,22280,False,2026-10-15T09:15,2026-10-15T13:15,2026-10-16T10:15,2026-10-16T22:15,741.9,1775.81,standard,tentative,0.025
LD04785,L317,L412,"Little Rock, AR","Memphis, TN",reefer,dairy,24688,False,2026-10-15T09:15,2026-10-15T17:15,2026-10-15T14:15,2026-10-16T14:15,155.2,765.65,high,tendered,0.035
LD00215,L208,L144,"Oklahoma City, OK","San Antonio, TX",dry_van,retail,23554,False,2026-10-15T09:30,2026-10-15T11:30,2026-10-15T21:30,2026-10-16T05:30,534.5,1428.05,standard,tendered,0.015
LD00226,L185,L408,"Newark, NJ","Charlotte, NC",dry_van,auto parts,18320,False,2026-10-15T09:30,2026-10-15T13:30,2026-10-16T08:30,2026-10-16T20:30,605.6,1780.12,standard,accepted,0.143
LD00234,L215,L357,"Oklahoma City, OK","Indianapolis, IN",dry_van,electronics,39782,False,2026-10-15T09:30,2026-10-15T15:30,2026-10-16T14:30,2026-10-17T02:30,847.9,2195.98,high,tentative,0.035
LD00249,L122,L482,"Chicago, IL","Orlando, FL",dry_van,beverages,34986,False,2026-10-15T09:30,2026-10-15T17:30,2026-10-16T19:30,2026-10-17T03:30,1197.0,2704.11,high,accepted,0.088
LD00263,L118,L433,"Houston, TX","Charlotte, NC",reefer,meat,33725,False,2026-10-15T09:30,2026-10-15T17:30,2026-10-16T18:30,2026-10-17T02:30,1103.5,2933.35,standard,accepted,0.033
LD00904,L282,L115,"Little Rock, AR","Miami, FL",dry_van,auto parts,27500,False,2026-10-15T09:30,2026-10-15T15:30,2026-10-16T20:30,2026-10-17T04:30,1159.4,2573.24,standard,accepted,0.132
LD00997,L123,L129,"Los Angeles, CA","New Orleans, LA",dry_van,beverages,13769,False,2026-10-15T09:30,2026-10-15T15:30,2026-10-18T06:30,2026-10-18T14:30,2056.3,4460.37,standard,accepted,0.013
LD01183,L372,L229,"Dallas, TX","Denver, CO",flatbed,machinery,31395,False,2026-10-15T09:30,2026-10-15T15:30,2026-10-16T11:30,2026-10-16T19:30,763.9,2324.42,standard,accepted,0.007
LD01845,L140,L236,"Kansas City, MO","New Orleans, LA",dry_van,beverages,31266,False,2026-10-15T09:30,2026-10-15T17:30,2026-10-16T12:30,2026-10-16T18:30,843.8,2200.69,standard,accepted,0.057
LD01898,L244,L477,"Dallas, TX","Miami, FL",dry_van,retail,34687,False,2026-10-15T09:30,2026-10-15T17:30,2026-10-17T07:30,2026-10-17T11:30,1317.2,3280.94,critical,accepted,0.077
LD02322,L152,L398,"Memphis, TN","Jacksonville, FL",reefer,dairy,28585,False,2026-10-15T09:30,2026-10-15T11:30,2026-10-16T10:30,2026-10-16T14:30,724.1,1981.59,standard,tendered,0.12
LD02657,L242,L160,"Little Rock, AR","San Antonio, TX",dry_van,paper products,32858,False,2026-10-15T09:30,2026-10-15T17:30,2026-10-15T22:30,2026-10-16T10:30,580.1,1695.96,standard,tendered,0.131
LD02685,L443,L499,"Minneapolis, MN","Dallas, TX",dry_van,auto parts,30560,False,2026-10-15T09:30,2026-10-15T11:30,2026-10-16T18:30,2026-10-17T00:30,1030.0,2443.31,standard,accepted,0.047
LD02857,L389,L206,"Newark, NJ","Oklahoma City, OK",dry_van,retail,12761,False,2026-10-15T09:30,2026-10-15T13:30,2026-10-17T11:30,2026-10-17T17:30,1556.9,3303.62,standard,accepted,0.017
LD03427,L217,L161,"Charlotte, NC","Nashville, TN",reefer,frozen food,24709,False,2026-10-15T09:30,2026-10-15T11:30,2026-10-15T20:30,2026-10-16T00:30,417.7,1545.64,standard,accepted,0.024
LD03542,L491,L354,"Minneapolis, MN","San Antonio, TX",reefer,pharmaceuticals,30678,False,2026-10-15T09:30,2026-10-15T15:30,2026-10-17T06:30,2026-10-17T14:30,1336.8,3709.77,standard,tentative,0.101
LD04049,L129,L246,"New Orleans, LA","Columbus, OH",dry_van,retail,38382,False,2026-10-15T09:30,2026-10-15T11:30,2026-10-16T15:30,2026-10-16T21:30,969.5,2427.83,standard,tendered,0.055
LD04378,L130,L099,"Memphis, TN","Dallas, TX",dry_van,consumer goods,25528,False,2026-10-15T09:30,2026-10-15T13:30,2026-10-15T21:30,2026-10-16T09:30,513.0,1472.1,standard,tendered,0.023
LD04657,L225,L205,"Chicago, IL","Oklahoma City, OK",flatbed,lumber,23440,False,2026-10-15T09:30,2026-10-15T13:30,2026-10-16T13:30,2026-10-16T19:30,865.8,2302.31,standard,accepted,0.042
LD04714,L191,L079,"Los Angeles, CA","Indianapolis, IN",reefer,produce,26187,False,2026-10-15T09:30,2026-10-15T13:30,2026-10-18T10:30,2026-10-18T14:30,2128.7,6291.66,standard,tendered,0.084
LD00536,L082,L042,"Phoenix, AZ","Chicago, IL",flatbed,steel,45834,False,2026-10-15T09:45,2026-10-15T17:45,2026-10-17T14:45,2026-10-17T18:45,1699.8,5254.44,standard,tendered,0.04
LD00632,L172,L433,"New Orleans, LA","Charlotte, NC",dry_van,electronics,42785,False,2026-10-15T09:45,2026-10-15T11:45,2026-10-16T11:45,2026-10-16T17:45,753.0,1993.67,standard,tendered,0.051
LD00665,L273,L041,"Newark, NJ","Dallas, TX",reefer,produce,35268,False,2026-10-15T09:45,2026-10-15T15:45,2026-10-17T13:45,2026-10-18T13:45,1655.0,4934.39,standard,tendered,0.04
LD00718,L327,L083,"Atlanta, GA","Indianapolis, IN",dry_van,electronics,27371,False,2026-10-15T09:45,2026-10-15T13:45,2026-10-15T20:45,2026-10-16T00:45,514.2,1432.93,standard,accepted,0.008
LD00956,L283,L181,"Newark, NJ","Harrisburg, PA",reefer,meat,13526,False,2026-10-15T09:45,2026-10-15T11:45,2026-10-15T15:45,2026-10-15T23:45,188.9,760.43,standard,accepted,0.065
LD01212,L140,L399,"Kansas City, MO","Minneapolis, MN",dry_van,retail,18569,False,2026-10-15T09:45,2026-10-15T15:45,2026-10-15T19:45,2026-10-15T23:45,467.7,1326.73,standard,accepted,0.027
LD01693,L417,L359,"Nashville, TN","Orlando, FL",flatbed,steel,36839,False,2026-10-15T09:45,2026-10-15T13:45,2026-10-16T11:45,2026-10-16T19:45,723.7,1875.26,high,tendered,0.012
LD01785,L221,L380,"Atlanta, GA","Birmingham, AL",dry_van,electronics,37668,False,2026-10-15T09:45,2026-10-15T13:45,2026-10-15T15:45,2026-10-16T15:45,188.4,737.02,high,tendered,0.132
LD01786,L227,L233,"Charlotte, NC","Miami, FL",dry_van,paper products,20692,False,2026-10-15T09:45,2026-10-15T13:45,2026-10-16T12:45,2026-10-16T20:45,781.9,1856.16,standard,accepted,0.146
LD01805,L269,L129,"Harrisburg, PA","New Orleans, LA",dry_van,electronics,32577,False,2026-10-15T09:45,2026-10-15T13:45,2026-10-17T08:45,2026-10-17T16:45,1248.8,2919.52,standard,tendered,0.061
LD01912,L150,L114,"Columbus, OH","Dallas, TX",dry_van,electronics,19877,False,2026-10-15T09:45,2026-10-15T17:45,2026-10-16T17:45,2026-10-16T23:45,1087.6,2425.13,standard,tentative,0.007
LD01937,L371,L485,"Chicago, IL","Nashville, TN",dry_van,retail,31349,False,2026-10-15T09:45,2026-10-15T11:45,2026-10-15T22:45,2026-10-16T04:45,483.4,1323.19,standard,accepted,0.071
LD02352,L380,L110,"Birmingham, AL","Dallas, TX",reefer,produce,20877,False,2026-10-15T09:45,2026-10-15T13:45,2026-10-16T11:45,2026-10-16T19:45,688.5,2247.69,standard,accepted,0.026
LD02471,L438,L261,"Dallas, TX","Chicago, IL",reefer,dairy,38680,False,2026-10-15T09:45,2026-10-15T11:45,2026-10-16T15:45,2026-10-16T23:45,960.6,2904.02,critical,tendered,0.013
LD02608,L384,L471,"Minneapolis, MN","Charlotte, NC",dry_van,retail,24950,False,2026-10-15T09:45,2026-10-15T15:45,2026-10-16T17:45,2026-10-17T05:45,1107.9,2445.3,standard,accepted,0.017
LD02893,L183,L494,"Louisville, KY","Dallas, TX",reefer,dairy,39787,False,2026-10-15T09:45,2026-10-15T11:45,2026-10-16T13:45,2026-10-17T13:45,873.7,2707.85,standard,accepted,0.063
LD03553,L119,L398,"New Orleans, LA","Jacksonville, FL",dry_van,consumer goods,17363,False,2026-10-15T09:45,2026-10-15T13:45,2026-10-16T09:45,2026-10-16T21:45,644.2,1787.86,standard,tendered,0.194
LD03849,L146,L083,"Detroit, MI","Indianapolis, IN",flatbed,machinery,43133,False,2026-10-15T09:45,2026-10-15T15:45,2026-10-15T17:45,2026-10-15T23:45,247.8,935.9,standard,tendered,0.098
LD03919,L242,L052,"Little Rock, AR","Atlanta, GA",reefer,produce,29803,False,2026-10-15T09:45,2026-10-15T11:45,2026-10-15T22:45,2026-10-16T04:45,576.6,1970.77,standard,tendered,0.113
LD04109,L293,L297,"Dallas, TX","Jacksonville, FL",flatbed,building materials,28110,False,2026-10-15T09:45,2026-10-15T11:45,2026-10-16T17:45,2026-10-17T17:45,1081.7,2794.14,standard,tendered,0.079
LD04145,L067,L222,"Houston, TX","Dallas, TX",dry_van,paper products,36030,False,2026-10-15T09:45,2026-10-15T15:45,2026-10-15T17:45,2026-10-15T23:45,256.6,819.17,standard,tendered,0.126
LD04146,L078,L395,"Louisville, KY","Austin, TX",dry_van,paper products,40401,False,2026-10-15T09:45,2026-10-15T17:45,2026-10-16T16:45,2026-10-17T16:45,1042.9,2809.98,standard,tendered,0.067
LD04460,L051,L067,"Indianapolis, IN","Houston, TX",dry_van,auto parts,35773,False,2026-10-15T09:45,2026-10-15T17:45,2026-10-16T16:45,2026-10-16T22:45,986.7,2686.04,standard,tendered,0.029
LD00422,L382,L459,"Memphis, TN","Houston, TX",dry_van,retail,35029,False,2026-10-15T10:00,2026-10-15T14:00,2026-10-15T23:00,2026-10-16T23:00,576.2,1716.84,standard,tendered,0.054
LD00446,L453,L457,"Houston, TX","Dallas, TX",reefer,produce,41846,False,2026-10-15T10:00,2026-10-15T18:00,2026-10-15T17:00,2026-10-16T17:00,304.7,1140.85,standard,accepted,0.018
LD00570,L156,L338,"Charlotte, NC","Dallas, TX",dry_van,consumer goods,34327,False,2026-10-15T10:00,2026-10-15T18:00,2026-10-16T18:00,2026-10-16T22:00,1121.5,2546.78,standard,tentative,0.043
LD01123,L445,L267,"Los Angeles, CA","Indianapolis, IN",reefer,pharmaceuticals,33162,False,2026-10-15T10:00,2026-10-15T18:00,2026-10-18T09:00,2026-10-18T13:00,2171.8,6264.13,standard,tentative,0.027
LD01434,L255,L083,"Detroit, MI","Indianapolis, IN",dry_van,retail,41843,False,2026-10-15T10:00,2026-10-15T12:00,2026-10-15T19:00,2026-10-16T07:00,307.5,953.93,high,tendered,0.063
LD01461,L454,L274,"Houston, TX","St. Louis, MO",reefer,meat,29713,False,2026-10-15T10:00,2026-10-15T12:00,2026-10-16T12:00,2026-10-16T16:00,797.2,2297.39,standard,accepted,0.134
LD01774,L397,L255,"Laredo, TX","Detroit, MI",dry_van,electronics,24934,False,2026-10-15T10:00,2026-10-15T16:00,2026-10-17T13:00,2026-10-17T19:00,1653.3,3555.02,high,tendered,0.048
LD02007,L337,L395,"Laredo, TX","Austin, TX",dry_van,paper products,38882,False,2026-10-15T10:00,2026-10-15T14:00,2026-10-15T19:00,2026-10-16T07:00,286.0,931.94,standard,accepted,0.001
LD02628,L373,L291,"Atlanta, GA","Houston, TX",dry_van,retail,39015,False,2026-10-15T10:00,2026-10-15T16:00,2026-10-16T14:00,2026-10-16T18:00,888.5,2469.79,standard,accepted,0.02
LD02736,L290,L164,"New Orleans, LA","San Antonio, TX",dry_van,retail,29031,False,2026-10-15T10:00,2026-10-15T12:00,2026-10-16T09:00,2026-10-16T17:00,607.5,1685.3,high,tendered,0.023
LD02916,L211,L395,"Jacksonville, FL","Austin, TX",dry_van,paper products,30456,False,2026-10-15T10:00,2026-10-15T18:00,2026-10-16T20:00,2026-10-17T08:00,1170.8,3088.54,standard,accepted,0.031
LD03153,L075,L051,"Chicago, IL","Indianapolis, IN",flatbed,building materials,41011,False,2026-10-15T10:00,2026-10-15T18:00,2026-10-15T16:00,2026-10-16T04:00,216.5,846.66,standard,tendered,0.095
LD03207,L070,L236,"Little Rock, AR","New Orleans, LA",dry_van,beverages,20333,False,2026-10-15T10:00,2026-10-15T12:00,2026-10-15T20:00,2026-10-16T20:00,444.1,1421.11,standard,tendered,0.038
LD03266,L279,L109,"Columbus, OH","Dallas, TX",dry_van,paper products,44024,False,2026-10-15T10:00,2026-10-15T16:00,2026-10-16T18:00,2026-10-17T06:00,1096.0,2525.59,standard,tendered,0.039
LD03281,L092,L426,"Chicago, IL","St. Louis, MO",dry_van,paper products,28205,True,2026-10-15T10:00,2026-10-15T12:00,2026-10-15T17:00,2026-10-16T05:00,301.9,909.33,standard,accepted,0.076
LD03311,L290,L115,"New Orleans, LA","Miami, FL",flatbed,lumber,41440,False,2026-10-15T10:00,2026-10-15T18:00,2026-10-16T12:00,2026-10-17T00:00,795.0,2434.29,standard,tendered,0.041
LD03469,L461,L152,"Indianapolis, IN","Memphis, TN",reefer,dairy,14395,False,2026-10-15T10:00,2026-10-15T14:00,2026-10-15T19:00,2026-10-16T07:00,433.5,1577.69,standard,tentative,0.066
LD03682,L148,L220,"Houston, TX","Chicago, IL",dry_van,electronics,36368,False,2026-10-15T10:00,2026-10-15T14:00,2026-10-16T19:00,2026-10-17T01:00,1124.9,2896.04,high,accepted,0.001
LD03855,L246,L255,"Columbus, OH","Detroit, MI",reefer,frozen food,13689,False,2026-10-15T10:00,2026-10-15T12:00,2026-10-15T17:00,2026-10-15T21:00,215.8,876.5,standard,accepted,0.209
LD03882,L251,L446,"Chicago, IL","Charlotte, NC",reefer,dairy,36320,False,2026-10-15T10:00,2026-10-15T16:00,2026-10-16T11:00,2026-10-17T11:00,699.4,2219.81,standard,tentative,0.049
LD04039,L219,L102,"Nashville, TN","Indianapolis, IN",reefer,produce,30150,False,2026-10-15T10:00,2026-10-15T14:00,2026-10-15T18:00,2026-10-16T06:00,285.8,1170.61,standard,accepted,0.01
LD04137,L376,L053,"Chicago, IL","Dallas, TX",reefer,pharmaceuticals,33093,False,2026-10-15T10:00,2026-10-15T12:00,2026-10-16T16:00,2026-10-17T16:00,954.1,2552.93,standard,tentative,0.03
LD04356,L150,L248,"Columbus, OH","Laredo, TX",dry_van,electronics,22463,False,2026-10-15T10:00,2026-10-15T16:00,2026-10-17T13:00,2026-10-18T13:00,1544.8,3423.62,standard,tendered,0.017
LD04412,L162,L313,"Memphis, TN","Miami, FL",dry_van,auto parts,17307,False,2026-10-15T10:00,2026-10-15T12:00,2026-10-16T18:00,2026-10-16T22:00,1075.4,2769.52,standard,tendered,0.055
LD04541,L312,L306,"Los Angeles, CA","Dallas, TX",reefer,dairy,38472,False,2026-10-15T10:00,2026-10-15T12:00,2026-10-17T12:00,2026-10-17T20:00,1465.2,3791.63,critical,tendered,0.019
LD04829,L055,L075,"Louisville, KY","Chicago, IL",dry_van,consumer goods,21496,False,2026-10-15T10:00,2026-10-15T14:00,2026-10-15T18:00,2026-10-16T02:00,290.2,850.15,standard,accepted,0.079
LD04884,L060,L252,"Dallas, TX","Columbus, OH",dry_van,electronics,17141,False,2026-10-15T10:00,2026-10-15T14:00,2026-10-16T18:00,2026-10-17T06:00,1109.9,2807.16,high,accepted,0.019
LD00008,L377,L479,"Phoenix, AZ","San Antonio, TX",dry_van,electronics,39852,False,2026-10-15T10:15,2026-10-15T16:15,2026-10-16T19:15,2026-10-16T23:15,1027.5,3030.63,standard,tendered,0.031
LD00040,L074,L379,"Dallas, TX","Laredo, TX",dry_van,paper products,9522,True,2026-10-15T10:15,2026-10-15T12:15,2026-10-15T20:15,2026-10-16T02:15,433.7,1395.42,standard,accepted,0.098
LD00238,L445,L140,"Los Angeles, CA","Kansas City, MO",dry_van,consumer goods,40104,True,2026-10-15T10:15,2026-10-15T16:15,2026-10-17T13:15,2026-10-17T19:15,1630.1,3461.25,standard,accepted,0.068
LD00316,L301,L439,"Denver, CO","Oklahoma City, OK",reefer,pharmaceuticals,19521,False,2026-10-15T10:15,2026-10-15T18:15,2026-10-16T09:15,2026-10-16T17:15,620.7,2336.74,high,tendered,0.014
LD00393,L472,L100,"St. Louis, MO","Charlotte, NC",dry_van,electronics,33547,False,2026-10-15T10:15,2026-10-15T12:15,2026-10-16T12:15,2026-10-17T00:15,693.3,1808.26,high,tendered,0.077
LD00609,L099,L129,"Dallas, TX","New Orleans, LA",reefer,frozen food,18012,False,2026-10-15T10:15,2026-10-15T12:15,2026-10-15T22:15,2026-10-16T10:15,579.2,1735.69,standard,accepted,0.035
LD00988,L387,L243,"Chicago, IL","Kansas City, MO",dry_van,consumer goods,39410,False,2026-10-15T10:15,2026-10-15T18:15,2026-10-15T20:15,2026-10-16T02:15,456.3,1276.98,standard,tendered,0.024
LD01221,L185,L421,"Newark, NJ","Louisville, KY",dry_van,retail,37466,False,2026-10-15T10:15,2026-10-15T18:15,2026-10-16T13:15,2026-10-16T19:15,779.0,2224.8,standard,accepted,0.016
LD02010,L169,L083,"Charlotte, NC","Indianapolis, IN",dry_van,paper products,39432,False,2026-10-15T10:15,2026-10-15T14:15,2026-10-15T21:15,2026-10-16T21:15,509.4,1327.36,critical,tendered,0.085
LD02049,L448,L256,"St. Louis, MO","Harrisburg, PA",dry_van,paper products,32602,False,2026-10-15T10:15,2026-10-15T14:15,2026-10-16T13:15,2026-10-17T01:15,837.6,2079.0,standard,tentative,0.032
LD02113,L092,L264,"Chicago, IL","Birmingham, AL",dry_van,consumer goods,34237,False,2026-10-15T10:15,2026-10-15T18:15,2026-10-16T10:15,2026-10-16T22:15,684.0,1609.1,standard,tentative,0.094
LD02315,L101,L180,"Birmingham, AL","New Orleans, LA",reefer,frozen food,22823,False,2026-10-15T10:15,2026-10-15T18:15,2026-10-15T20:15,2026-10-16T08:15,415.0,1318.01,standard,tendered,0.065
LD02696,L437,L164,"Laredo, TX","San Antonio, TX",reefer,produce,34856,False,2026-10-15T10:15,2026-10-15T16:15,2026-10-15T17:15,2026-10-15T23:15,220.8,988.63,high,tendered,0.099
LD03256,L273,L427,"Newark, NJ","Atlanta, GA",reefer,frozen food,36865,False,2026-10-15T10:15,2026-10-15T12:15,2026-10-16T14:15,2026-10-17T02:15,873.8,2480.13,standard,tendered,0.115
LD03368,L225,L210,"Chicago, IL","Detroit, MI",dry_van,consumer goods,26271,False,2026-10-15T10:15,2026-10-15T12:15,2026-10-15T17:15,2026-10-16T01:15,261.0,948.85,standard,accepted,0.062
LD03654,L326,L201,"Denver, CO","Dallas, TX",dry_van,consumer goods,18905,False,2026-10-15T10:15,2026-10-15T18:15,2026-10-16T14:15,2026-10-16T20:15,836.0,2556.86,standard,tendered,0.183
LD03929,L049,L122,"Memphis, TN","Chicago, IL",dry_van,consumer goods,25674,False,2026-10-15T10:15,2026-10-15T14:15,2026-10-16T10:15,2026-10-16T18:15,609.9,1627.52,standard,accepted,0.055
LD04112,L498,L269,"Louisville, KY","Harrisburg, PA",dry_van,retail,43673,False,2026-10-15T10:15,2026-10-15T12:15,2026-10-15T23:15,2026-10-16T05:15,584.2,1447.07,standard,accepted,0.008
LD04123,L169,L480,"Charlotte, NC","Birmingham, AL",dry_van,consumer goods,24498,False,2026-10-15T10:15,2026-10-15T18:15,2026-10-15T20:15,2026-10-16T08:15,422.6,1303.15,standard,accepted,0.078
LD04150,L448,L117,"St. Louis, MO","Chicago, IL",dry_van,consumer goods,23820,False,2026-10-15T10:15,2026-10-15T16:15,2026-10-15T18:15,2026-10-16T00:15,310.1,914.42,critical,tendered,0.028
LD04349,L278,L449,"Newark, NJ","Indianapolis, IN",dry_van,electronics,33979,False,2026-10-15T10:15,2026-10-15T14:15,2026-10-16T12:15,2026-10-17T00:15,759.2,1828.33,standard,accepted,0.026
LD04364,L358,L296,"Newark, NJ","Louisville, KY",reefer,pharmaceuticals,22042,False,2026-10-15T10:15,2026-10-15T18:15,2026-10-16T13:15,2026-10-16T19:15,791.7,2565.81,standard,accepted,0.056
LD04472,L075,L084,"Chicago, IL","St. Louis, MO",reefer,frozen food,37032,False,2026-10-15T10:15,2026-10-15T14:15,2026-10-15T18:15,2026-10-16T18:15,293.8,1014.47,standard,tendered,0.055
LD04532,L344,L310,"Laredo, TX","El Paso, TX",dry_van,electronics,40984,False,2026-10-15T10:15,2026-10-15T12:15,2026-10-15T23:15,2026-10-16T07:15,580.9,1624.46,standard,accepted,0.108
LD04591,L205,L176,"Oklahoma City, OK","Denver, CO",reefer,dairy,14424,False,2026-10-15T10:15,2026-10-15T16:15,2026-10-15T23:15,2026-10-16T03:15,592.9,1767.43,standard,accepted,0.05
LD04804,L314,L273,"Charlotte, NC","Newark, NJ",reefer,dairy,35739,False,2026-10-15T10:15,2026-10-15T18:15,2026-10-16T10:15,2026-10-16T16:15,646.9,1793.85,standard,accepted,0.037
LD00661,L161,L162,"Nashville, TN","Memphis, TN",dry_van,paper products,30228,False,2026-10-15T10:30,2026-10-15T14:30,2026-10-15T17:30,2026-10-15T21:30,240.1,799.36,standard,accepted,0.186
LD01160,L215,L120,"Oklahoma City, OK","Austin, TX",reefer,frozen food,19069,False,2026-10-15T10:30,2026-10-15T12:30,2026-10-15T22:30,2026-10-16T06:30,455.6,1612.85,standard,tendered,0.322
LD01297,L384,L147,"Minneapolis, MN","Columbus, OH",dry_van,retail,23364,False,2026-10-15T10:30,2026-10-15T16:30,2026-10-16T12:30,2026-10-17T00:30,762.3,1970.83,standard,accepted,0.157
LD01362,L073,L215,"Laredo, TX","Oklahoma City, OK",dry_van,consumer goods,18241,False,2026-10-15T10:30,2026-10-15T12:30,2026-10-16T13:30,2026-10-16T19:30,713.7,1710.11,critical,tendered,0.001
LD01932,L372,L112,"Dallas, TX","Columbus, OH",dry_van,retail,28324,False,2026-10-15T10:30,2026-10-15T12:30,2026-10-16T18:30,2026-10-17T00:30,1063.8,2595.03,standard,accepted,0.026
LD02089,L373,L121,"Atlanta, GA","Dallas, TX",dry_van,retail,33437,False,2026-10-15T10:30,2026-10-15T12:30,2026-10-16T14:30,2026-10-16T22:30,862.3,1963.66,standard,tentative,0.09
LD02250,L312,L459,"Los Angeles, CA","Houston, TX",reefer,dairy,21308,False,2026-10-15T10:30,2026-10-15T12:30,2026-10-17T16:30,2026-10-18T00:30,1663.3,4822.72,standard,tendered,0.011
LD02513,L225,L151,"Chicago, IL","Minneapolis, MN",reefer,produce,31171,False,2026-10-15T10:30,2026-10-15T12:30,2026-10-15T20:30,2026-10-16T02:30,446.0,1459.32,standard,tendered,0.023
LD02522,L453,L316,"Houston, TX","New Orleans, LA",dry_van,paper products,33959,False,2026-10-15T10:30,2026-10-15T14:30,2026-10-15T18:30,2026-10-16T06:30,341.8,963.14,standard,tendered,0.103
LD02574,L480,L210,"Birmingham, AL","Detroit, MI",reefer,frozen food,38517,False,2026-10-15T10:30,2026-10-15T14:30,2026-10-16T11:30,2026-10-16T19:30,740.4,2199.95,standard,accepted,0.003
LD02675,L154,L228,"Laredo, TX","Houston, TX",dry_van,auto parts,27535,False,2026-10-15T10:30,2026-10-15T16:30,2026-10-15T18:30,2026-10-16T00:30,339.3,1076.68,standard,accepted,0.028
LD02844,L317,L352,"Little Rock, AR","Chicago, IL",dry_van,paper products,12886,False,2026-10-15T10:30,2026-10-15T12:30,2026-10-16T10:30,2026-10-16T14:30,641.1,1634.54,standard,tentative,0.056
LD02922,L119,L217,"New Orleans, LA","Charlotte, NC",flatbed,pipe,24346,False,2026-10-15T10:30,2026-10-15T12:30,2026-10-16T13:30,2026-10-17T13:30,795.2,2316.91,standard,tendered,0.002
LD03066,L307,L356,"Chicago, IL","New Orleans, LA",dry_van,auto parts,29186,False,2026-10-15T10:30,2026-10-15T12:30,2026-10-16T17:30,2026-10-17T05:30,1015.0,2560.44,standard,tendered,0.066
LD03081,L271,L041,"Austin, TX","Dallas, TX",dry_van,electronics,35850,False,2026-10-15T10:30,2026-10-15T18:30,2026-10-15T17:30,2026-10-15T23:30,213.7,759.31,standard,tendered,0.089
LD03334,L417,L279,"Nashville, TN","Columbus, OH",flatbed,building materials,36673,False,2026-10-15T10:30,2026-10-15T18:30,2026-10-15T21:30,2026-10-16T21:30,399.8,1363.66,high,tentative,0.053
LD03966,L391,L474,"Austin, TX","Chicago, IL",dry_van,auto parts,30340,False,2026-10-15T10:30,2026-10-15T14:30,2026-10-16T21:30,2026-10-17T03:30,1208.2,2605.96,standard,tendered,0.254
LD04141,L268,L187,"Orlando, FL","Oklahoma City, OK",reefer,frozen food,22966,False,2026-10-15T10:30,2026-10-15T16:30,2026-10-17T09:30,2026-10-17T21:30,1273.0,4004.66,standard,tendered,0.136
LD04194,L296,L114,"Louisville, KY","Dallas, TX",dry_van,paper products,42705,False,2026-10-15T10:30,2026-10-15T12:30,2026-10-16T13:30,2026-10-16T17:30,849.2,2101.05,standard,accepted,0.136
LD04204,L094,L384,"New Orleans, LA","Minneapolis, MN",dry_van,paper products,42271,False,2026-10-15T10:30,2026-10-15T12:30,2026-10-17T07:30,2026-10-18T07:30,1233.8,2960.62,standard,tendered,0.053
LD04230,L072,L477,"Atlanta, GA","Miami, FL",reefer,dairy,36923,False,2026-10-15T10:30,2026-10-15T12:30,2026-10-16T12:30,2026-10-16T16:30,716.7,2269.73,standard,tendered,0.013
LD04235,L385,L443,"Los Angeles, CA","Minneapolis, MN",reefer,meat,33757,False,2026-10-15T10:30,2026-10-15T14:30,2026-10-18T03:30,2026-10-19T03:30,1841.7,4553.83,standard,tendered,0.067
LD04266,L129,L352,"New Orleans, LA","Chicago, IL",dry_van,auto parts,31737,False,2026-10-15T10:30,2026-10-15T12:30,2026-10-16T16:30,2026-10-17T04:30,1005.8,2710.44,standard,tendered,0.059
LD04308,L459,L299,"Houston, TX","Kansas City, MO",reefer,dairy,37764,False,2026-10-15T10:30,2026-10-15T18:30,2026-10-16T13:30,2026-10-16T21:30,788.8,2499.03,standard,tendered,0.157
LD04720,L312,L229,"Los Angeles, CA","Denver, CO",dry_van,auto parts,36891,False,2026-10-15T10:30,2026-10-15T12:30,2026-10-16T18:30,2026-10-17T06:30,1022.4,2795.07,standard,tendered,0.11
LD04807,L463,L291,"Indianapolis, IN","Houston, TX",dry_van,consumer goods,40876,False,2026-10-15T10:30,2026-10-15T16:30,2026-10-16T18:30,2026-10-17T02:30,1060.3,2317.23,critical,tentative,0.128
LD04825,L443,L102,"Minneapolis, MN","Indianapolis, IN",dry_van,paper products,20882,False,2026-10-15T10:30,2026-10-15T14:30,2026-10-16T11:30,2026-10-16T17:30,638.0,1653.24,standard,accepted,0.003
LD04977,L113,L131,"Orlando, FL","Indianapolis, IN",reefer,frozen food,19274,False,2026-10-15T10:30,2026-10-15T18:30,2026-10-16T15:30,2026-10-16T23:30,958.4,2911.11,standard,tendered,0.097
LD00408,L392,L409,"Detroit, MI","Columbus, OH",dry_van,electronics,11459,False,2026-10-15T10:45,2026-10-15T16:45,2026-10-15T16:45,2026-10-16T16:45,188.3,743.69,standard,tendered,0.031
LD00471,L342,L487,"Chicago, IL","Dallas, TX",dry_van,retail,22897,False,2026-10-15T10:45,2026-10-15T16:45,2026-10-16T15:45,2026-10-16T19:45,971.4,2681.77,standard,tendered,0.053
LD01147,L475,L384,"Indianapolis, IN","Minneapolis, MN",dry_van,beverages,17623,False,2026-10-15T10:45,2026-10-15T12:45,2026-10-15T22:45,2026-10-16T02:45,583.7,1675.31,standard,tendered,0.182
LD01179,L366,L134,"Newark, NJ","Denver, CO",reefer,dairy,28930,False,2026-10-15T10:45,2026-10-15T14:45,2026-10-18T06:45,2026-10-18T12:45,1959.5,5428.11,standard,tendered,0.038
LD01480,L424,L151,"Austin, TX","Minneapolis, MN",dry_van,paper products,34269,False,2026-10-15T10:45,2026-10-15T12:45,2026-10-17T07:45,2026-10-17T13:45,1271.1,3134.85,high,accepted,0.045
LD02123,L075,L047,"Chicago, IL","El Paso, TX",dry_van,auto parts,33201,False,2026-10-15T10:45,2026-10-15T12:45,2026-10-17T12:45,2026-10-17T20:45,1507.0,3824.49,high,tendered,0.145
LD02649,L362,L490,"Houston, TX","Phoenix, AZ",dry_van,paper products,43055,False,2026-10-15T10:45,2026-10-15T12:45,2026-10-16T20:45,2026-10-17T08:45,1209.0,2676.52,high,tendered,0.078
LD03801,L103,L285,"Chicago, IL","Indianapolis, IN",dry_van,consumer goods,16972,True,2026-10-15T10:45,2026-10-15T18:45,2026-10-15T16:45,2026-10-16T00:45,209.3,705.29,standard,accepted,0.121
LD03812,L360,L284,"Columbus, OH","Atlanta, GA",dry_van,paper products,39185,False,2026-10-15T10:45,2026-10-15T12:45,2026-10-15T23:45,2026-10-16T23:45,528.4,1462.64,standard,tendered,0.015
LD04279,L391,L161,"Austin, TX","Nashville, TN",reefer,produce,12452,False,2026-10-15T10:45,2026-10-15T18:45,2026-10-16T16:45,2026-10-17T16:45,915.5,2603.93,high,accepted,0.048
LD04502,L335,L309,"Los Angeles, CA","Phoenix, AZ",dry_van,auto parts,35284,False,2026-10-15T10:45,2026-10-15T18:45,2026-10-15T21:45,2026-10-16T09:45,435.1,1333.3,standard,tendered,0.132
LD04574,L137,L273,"Jacksonville, FL","Newark, NJ",dry_van,paper products,23172,False,2026-10-15T10:45,2026-10-15T12:45,2026-10-16T16:45,2026-10-17T04:45,1012.0,2311.87,high,accepted,0.06
LD04987,L075,L318,"Chicago, IL","Memphis, TN",dry_van,retail,29216,False,2026-10-15T10:45,2026-10-15T14:45,2026-10-15T23:45,2026-10-16T23:45,594.6,1537.17,standard,accepted,0.083
LD00192,L158,L187,"Atlanta, GA","Oklahoma City, OK",reefer,meat,34897,False,2026-10-15T11:00,2026-10-15T13:00,2026-10-16T16:00,2026-10-17T00:00,899.1,2355.93,high,tendered,0.035
LD00592,L118,L120,"Houston, TX","Austin, TX",dry_van,beverages,35630,False,2026-10-15T11:00,2026-10-15T19:00,2026-10-15T17:00,2026-10-15T21:00,191.1,724.91,standard,tendered,0.065
LD00927,L405,L143,"St. Louis, MO","Chicago, IL",flatbed,steel,36148,False,2026-10-15T11:00,2026-10-15T13:00,2026-10-15T19:00,2026-10-16T19:00,300.4,1051.89,standard,accepted,0.068
LD00977,L411,L162,"Austin, TX","Memphis, TN",dry_van,auto parts,36480,False,2026-10-15T11:00,2026-10-15T19:00,2026-10-16T11:00,2026-10-16T19:00,643.2,1695.03,high,tendered,0.068
LD01596,L382,L334,"Memphis, TN","Chicago, IL",reefer,meat,26312,False,2026-10-15T11:00,2026-10-15T15:00,2026-10-16T00:00,2026-10-16T12:00,595.8,1736.82,standard,tendered,0.072
LD01755,L193,L358,"Denver, CO","Newark, NJ",dry_van,beverages,21165,False,2026-10-15T11:00,2026-10-15T15:00,2026-10-18T08:00,2026-10-18T16:00,1958.6,4612.07,standard,accepted,0.021
LD01997,L306,L361,"Dallas, TX","Little Rock, AR",reefer,meat,37218,False,2026-10-15T11:00,2026-10-15T15:00,2026-10-15T20:00,2026-10-16T02:00,361.5,1263.95,standard,accepted,0.094
LD02166,L458,L439,"Houston, TX","Oklahoma City, OK",reefer,meat,36959,False,2026-10-15T11:00,2026-10-15T19:00,2026-10-15T22:00,2026-10-16T10:00,493.8,1458.77,standard,tendered,0.078
LD02917,L283,L380,"Newark, NJ","Birmingham, AL",dry_van,paper products,38854,False,2026-10-15T11:00,2026-10-15T13:00,2026-10-16T19:00,2026-10-16T23:00,1024.0,2777.74,standard,tendered,0.063
LD03204,L278,L207,"Newark, NJ","Birmingham, AL",reefer,produce,24345,False,2026-10-15T11:00,2026-10-15T17:00,2026-10-16T17:00,2026-10-17T01:00,975.2,2870.14,standard,accepted,0.063
LD03399,L300,L295,"Houston, TX","New Orleans, LA",reefer,meat,32059,False,2026-10-15T11:00,2026-10-15T17:00,2026-10-15T22:00,2026-10-16T06:00,382.2,1293.62,high,accepted,0.179
LD03625,L459,L089,"Houston, TX","New Orleans, LA",dry_van,beverages,40639,False,2026-10-15T11:00,2026-10-15T13:00,2026-10-15T20:00,2026-10-16T02:00,338.0,1146.89,standard,tentative,0.024
LD03718,L458,L426,"Houston, TX","St. Louis, MO",dry_van,beverages,41134,False,2026-10-15T11:00,2026-10-15T19:00,2026-10-16T14:00,2026-10-17T14:00,853.9,2388.13,standard,tendered,0.031
LD03888,L447,L097,"Miami, FL","Denver, CO",dry_van,beverages,42215,False,2026-10-15T11:00,2026-10-15T13:00,2026-10-18T10:00,2026-10-18T14:00,2081.1,6007.99,standard,accepted,0.088
LD03901,L291,L083,"Houston, TX","Indianapolis, IN",dry_van,auto parts,35723,False,2026-10-15T11:00,2026-10-15T13:00,2026-10-16T18:00,2026-10-17T06:00,1083.9,2691.72,standard,tentative,0.104
LD04083,L403,L112,"Atlanta, GA","Columbus, OH",dry_van,beverages,43271,False,2026-10-15T11:00,2026-10-15T15:00,2026-10-15T22:00,2026-10-16T22:00,521.1,1552.51,standard,tendered,0.061
LD04331,L419,L459,"Charlotte, NC","Houston, TX",dry_van,auto parts,35492,False,2026-10-15T11:00,2026-10-15T19:00,2026-10-16T21:00,2026-10-17T21:00,1109.8,2835.34,standard,tendered,0.061
LD04752,L426,L143,"St. Louis, MO","Chicago, IL",dry_van,auto parts,35640,False,2026-10-15T11:00,2026-10-15T19:00,2026-10-15T20:00,2026-10-16T02:00,289.4,1016.13,standard,tendered,0.092
LD04878,L170,L291,"San Antonio, TX","Houston, TX",dry_van,beverages,34380,False,2026-10-15T11:00,2026-10-15T13:00,2026-10-15T18:00,2026-10-16T18:00,184.4,763.65,high,tentative,0.011
LD04892,L217,L441,"Charlotte, NC","Columbus, OH",reefer,frozen food,14827,False,2026-10-15T11:00,2026-10-15T15:00,2026-10-15T22:00,2026-10-16T06:00,420.7,1357.88,standard,tendered,0.021
LD00219,L122,L044,"Chicago, IL","Dallas, TX",dry_van,beverages,30644,False,2026-10-15T11:15,2026-10-15T19:15,2026-10-16T18:15,2026-10-17T00:15,1018.9,2277.43,standard,tendered,0.211
LD00819,L406,L361,"Oklahoma City, OK","Little Rock, AR",dry_van,retail,23731,False,2026-10-15T11:15,2026-10-15T15:15,2026-10-15T19:15,2026-10-16T07:15,356.4,1095.34,standard,tentative,0.073
LD01197,L276,L066,"Charlotte, NC","Chicago, IL",reefer,produce,37229,False,2026-10-15T11:15,2026-10-15T13:15,2026-10-16T13:15,2026-10-16T19:15,735.4,2362.88,standard,tendered,0.013
LD01575,L158,L102,"Atlanta, GA","Indianapolis, IN",dry_van,auto parts,31704,False,2026-10-15T11:15,2026-10-15T19:15,2026-10-15T23:15,2026-10-16T23:15,516.7,1421.68,high,tendered,0.056
LD02028,L071,L096,"Dallas, TX","Chicago, IL",dry_van,electronics,24860,False,2026-10-15T11:15,2026-10-15T13:15,2026-10-16T17:15,2026-10-17T01:15,930.1,2200.51,standard,tentative,0.091
LD02096,L108,L368,"Houston, TX","Oklahoma City, OK",dry_van,beverages,28451,False,2026-10-15T11:15,2026-10-15T19:15,2026-10-15T23:15,2026-10-16T11:15,511.0,1492.51,standard,tentative,0.128
LD02369,L290,L248,"New Orleans, LA","Laredo, TX",dry_van,paper products,36423,False,2026-10-15T11:15,2026-10-15T19:15,2026-10-16T12:15,2026-10-16T18:15,745.9,1933.82,standard,accepted,0.014
LD02374,L148,L295,"Houston, TX","New Orleans, LA",dry_van,electronics,40967,False,2026-10-15T11:15,2026-10-15T15:15,2026-10-15T21:15,2026-10-16T09:15,402.7,1243.52,standard,accepted,0.006
LD02507,L168,L058,"Jacksonville, FL","Orlando, FL",dry_van,paper products,37539,False,2026-10-15T11:15,2026-10-15T13:15,2026-10-15T15:15,2026-10-15T23:15,143.9,548.17,critical,tendered,0.112
LD02607,L480,L112,"Birmingham, AL","Columbus, OH",dry_van,auto parts,24035,False,2026-10-15T11:15,2026-10-15T15:15,2026-10-15T23:15,2026-10-16T11:15,549.4,1488.63,high,accepted,0.007
LD02904,L116,L218,"Charlotte, NC","Oklahoma City, OK",dry_van,consumer goods,42131,False,2026-10-15T11:15,2026-10-15T13:15,2026-10-16T20:15,2026-10-17T08:15,1119.7,2761.6,critical,accepted,0.062
LD02972,L112,L079,"Columbus, OH","Indianapolis, IN",dry_van,auto parts,16830,False,2026-10-15T11:15,2026-10-15T17:15,2026-10-15T18:15,2026-10-16T02:15,240.2,888.28,standard,accepted,0.047
LD02975,L425,L171,"Houston, TX","New Orleans, LA",dry_van,electronics,29257,False,2026-10-15T11:15,2026-10-15T17:15,2026-10-15T22:15,2026-10-16T02:15,409.7,1307.78,standard,tentative,0.005
LD03205,L103,L402,"Chicago, IL","Miami, FL",dry_van,beverages,37156,False,2026-10-15T11:15,2026-10-15T13:15,2026-10-17T13:15,2026-10-18T13:15,1484.4,3828.76,standard,accepted,0.009
LD03570,L443,L111,"Minneapolis, MN","Newark, NJ",dry_van,auto parts,24812,False,2026-10-15T11:15,2026-10-15T13:15,2026-10-17T09:15,2026-10-17T15:15,1213.4,2966.43,high,accepted,0.021
LD03698,L112,L126,"Columbus, OH","Miami, FL",dry_van,paper products,31552,False,2026-10-15T11:15,2026-10-15T13:15,2026-10-16T21:15,2026-10-17T21:15,1193.4,3160.92,standard,accepted,0.082
LD03932,L324,L253,"Houston, TX","Newark, NJ",dry_van,auto parts,40820,False,2026-10-15T11:15,2026-10-15T19:15,2026-10-17T15:15,2026-10-18T15:15,1665.5,4123.01,high,tendered,0.122
LD04042,L173,L402,"Atlanta, GA","Miami, FL",dry_van,electronics,29632,False,2026-10-15T11:15,2026-10-15T15:15,2026-10-16T13:15,2026-10-16T17:15,754.8,2092.64,standard,accepted,0.015
LD04617,L419,L336,"Charlotte, NC","Columbus, OH",reefer,pharmaceuticals,20911,False,2026-10-15T11:15,2026-10-15T19:15,2026-10-15T22:15,2026-10-16T06:15,411.6,1558.15,standard,accepted,0.021
LD04650,L449,L170,"Indianapolis, IN","San Antonio, TX",dry_van,beverages,34986,False,2026-10-15T11:15,2026-10-15T17:15,2026-10-16T20:15,2026-10-17T00:15,1170.0,2761.77,standard,tentative,0.073
LD04728,L085,L404,"Minneapolis, MN","Kansas City, MO",dry_van,electronics,27489,False,2026-10-15T11:15,2026-10-15T17:15,2026-10-15T22:15,2026-10-16T22:15,487.6,1479.36,standard,tendered,0.022
LD04834,L459,L426,"Houston, TX","St. Louis, MO",dry_van,auto parts,26240,False,2026-10-15T11:15,2026-10-15T13:15,2026-10-16T15:15,2026-10-17T15:15,827.8,2330.04,standard,tendered,0.075
LD04935,L190,L414,"Oklahoma City, OK","Memphis, TN",dry_van,beverages,38900,False,2026-10-15T11:15,2026-10-15T15:15,2026-10-16T00:15,2026-10-16T04:15,541.3,1658.87,standard,tendered,0.008
LD00602,L163,L120,"San Antonio, TX","Austin, TX",reefer,dairy,37505,False,2026-10-15T11:30,2026-10-15T19:30,2026-10-15T15:30,2026-10-16T15:30,65.5,410.2,high,accepted,0.003
LD00722,L346,L147,"Houston, TX","Columbus, OH",dry_van,beverages,25124,False,2026-10-15T11:30,2026-10-15T13:30,2026-10-16T20:30,2026-10-17T02:30,1186.2,2692.48,standard,tendered,0.251
LD00964,L245,L133,"Nashville, TN","Dallas, TX",reefer,pharmaceuticals,25990,False,2026-10-15T11:30,2026-10-15T13:30,2026-10-16T12:30,2026-10-16T16:30,713.1,2263.92,critical,accepted,0.018
LD01061,L448,L295,"St. Louis, MO","New Orleans, LA",dry_van,electronics,36573,False,2026-10-15T11:30,2026-10-15T17:30,2026-10-16T12:30,2026-10-17T00:30,725.9,1862.11,standard,tendered,0.126
LD01326,L288,L436,"Miami, FL","Minneapolis, MN",dry_van,consumer goods,22517,False,2026-10-15T11:30,2026-10-15T13:30,2026-10-17T18:30,2026-10-18T02:30,1785.1,4273.55,standard,tendered,0.181
LD01399,L152,L201,"Memphis, TN","Dallas, TX",dry_van,beverages,32380,False,2026-10-15T11:30,2026-10-15T13:30,2026-10-15T21:30,2026-10-16T05:30,491.6,1459.09,standard,tendered,0.093
LD01689,L122,L341,"Chicago, IL","Charlotte, NC",flatbed,pipe,12976,False,2026-10-15T11:30,2026-10-15T17:30,2026-10-16T12:30,2026-10-16T18:30,715.1,2196.65,high,tendered,0.035
LD02183,L462,L119,"Indianapolis, IN","New Orleans, LA",dry_van,electronics,36222,False,2026-10-15T11:30,2026-10-15T17:30,2026-10-16T14:30,2026-10-17T14:30,839.0,2359.0,standard,accepted,0.13
LD02482,L098,L423,"Houston, TX","St. Louis, MO",dry_van,consumer goods,25965,False,2026-10-15T11:30,2026-10-15T13:30,2026-10-16T16:30,2026-10-17T04:30,836.1,2235.65,standard,tentative,0.092
LD02555,L411,L236,"Austin, TX","New Orleans, LA",dry_van,electronics,25745,False,2026-10-15T11:30,2026-10-15T19:30,2026-10-16T00:30,2026-10-16T04:30,570.2,1451.28,high,accepted,0.025
LD02647,L070,L298,"Little Rock, AR","Harrisburg, PA",dry_van,consumer goods,33628,False,2026-10-15T11:30,2026-10-15T17:30,2026-10-16T20:30,2026-10-17T20:30,1137.1,2666.68,standard,tendered,0.088
LD02781,L478,L384,"Little Rock, AR","Minneapolis, MN",dry_van,paper products,33718,False,2026-10-15T11:30,2026-10-15T13:30,2026-10-16T14:30,2026-10-16T20:30,833.3,2211.89,critical,accepted,0.007
LD03094,L152,L330,"Memphis, TN","Kansas City, MO",flatbed,lumber,38127,False,2026-10-15T11:30,2026-10-15T17:30,2026-10-15T21:30,2026-10-16T05:30,454.7,1373.62,standard,accepted,0.025
LD03443,L458,L398,"Houston, TX","Jacksonville, FL",reefer,meat,19396,False,2026-10-15T11:30,2026-10-15T13:30,2026-10-16T17:30,2026-10-17T17:30,1035.9,2692.49,high,tendered,0.056
LD03727,L212,L249,"Austin, TX","Little Rock, AR",dry_van,beverages,35993,False,2026-10-15T11:30,2026-10-15T17:30,2026-10-15T23:30,2026-10-16T03:30,533.2,1494.19,high,tendered,0.006
LD03787,L258,L458,"Charlotte, NC","Houston, TX",dry_van,retail,32902,False,2026-10-15T11:30,2026-10-15T13:30,2026-10-16T19:30,2026-10-17T01:30,1138.6,2596.83,standard,tendered,0.052
LD04050,L152,L436,"Memphis, TN","Minneapolis, MN",dry_van,electronics,40156,False,2026-10-15T11:30,2026-10-15T13:30,2026-10-16T13:30,2026-10-16T17:30,813.4,1872.05,standard,tendered,0.075
LD04051,L400,L292,"Austin, TX","Houston, TX",dry_van,paper products,29924,True,2026-10-15T11:30,2026-10-15T19:30,2026-10-15T16:30,2026-10-15T20:30,173.5,611.21,high,accepted,0.108
LD04597,L149,L105,"Jacksonville, FL","Kansas City, MO",reefer,pharmaceuticals,31069,False,2026-10-15T11:30,2026-10-15T19:30,2026-10-16T19:30,2026-10-16T23:30,1125.3,3245.66,standard,tendered,0.14
LD04826,L449,L261,"Indianapolis, IN","Chicago, IL",dry_van,paper products,29194,False,2026-10-15T11:30,2026-10-15T17:30,2026-10-15T17:30,2026-10-16T17:30,200.4,754.13,standard,tendered,0.064
LD04890,L373,L226,"Atlanta, GA","Columbus, OH",dry_van,paper products,21659,False,2026-10-15T11:30,2026-10-15T19:30,2026-10-15T23:30,2026-10-16T03:30,532.1,1472.42,standard,tendered,0.055
LD04961,L392,L140,"Detroit, MI","Kansas City, MO",reefer,dairy,22027,False,2026-10-15T11:30,2026-10-15T17:30,2026-10-16T13:30,2026-10-16T17:30,768.1,2522.45,standard,accepted,0.029
LD00193,L449,L477,"Indianapolis, IN","Miami, FL",dry_van,auto parts,40516,False,2026-10-15T11:45,2026-10-15T13:45,2026-10-17T07:45,2026-10-17T19:45,1212.3,3002.83,standard,tendered,0.087
LD00698,L169,L491,"Charlotte, NC","Minneapolis, MN",dry_van,paper products,37812,False,2026-10-15T11:45,2026-10-15T13:45,2026-10-16T19:45,2026-10-17T03:45,1109.7,2930.75,standard,accepted,0.019
LD00729,L368,L053,"Oklahoma City, OK","Dallas, TX",reefer,pharmaceuticals,9556,False,2026-10-15T11:45,2026-10-15T15:45,2026-10-15T19:45,2026-10-16T01:45,244.3,999.9,standard,tendered,0.058
LD00765,L398,L048,"Jacksonville, FL","Newark, NJ",dry_van,beverages,37476,False,2026-10-15T11:45,2026-10-15T19:45,2026-10-16T18:45,2026-10-17T06:45,1017.0,2291.13,standard,tendered,0.021
LD00811,L398,L296,"Jacksonville, FL","Louisville, KY",dry_van,beverages,22459,False,2026-10-15T11:45,2026-10-15T19:45,2026-10-16T13:45,2026-10-16T17:45,734.0,1745.28,standard,tendered,0.126
LD00873,L387,L325,"Chicago, IL","Indianapolis, IN",dry_van,paper products,24295,False,2026-10-15T11:45,2026-10-15T17:45,2026-10-15T17:45,2026-10-15T21:45,211.5,717.58,standard,tendered,0.167
LD00945,L291,L133,"Houston, TX","Dallas, TX",reefer,frozen food,36022,False,2026-10-15T11:45,2026-10-15T13:45,2026-10-15T17:45,2026-10-16T01:45,267.7,988.26,standard,tendered,0.271
LD01075,L370,L181,"Orlando, FL","Harrisburg, PA",reefer,dairy,37468,False,2026-10-15T11:45,2026-10-15T13:45,2026-10-16T19:45,2026-10-17T19:45,999.4,3136.1,standard,tentative,0.036
LD01404,L462,L311,"Indianapolis, IN","Los Angeles, CA",reefer,dairy,38036,False,2026-10-15T11:45,2026-10-15T15:45,2026-10-18T11:45,2026-10-19T11:45,2189.7,5299.68,high,accepted,0.031
LD01622,L149,L126,"Jacksonville, FL","Miami, FL",dry_van,paper products,25822,False,2026-10-15T11:45,2026-10-15T13:45,2026-10-15T20:45,2026-10-16T02:45,408.4,1170.4,high,tendered,0.02
LD01725,L078,L411,"Louisville, KY","Austin, TX",dry_van,consumer goods,22392,False,2026-10-15T11:45,2026-10-15T13:45,2026-10-16T18:45,2026-10-17T02:45,1035.6,2582.65,high,tendered,0.035
LD01989,L361,L236,"Little Rock, AR","New Orleans, LA",flatbed,steel,33090,False,2026-10-15T11:45,2026-10-15T19:45,2026-10-15T21:45,2026-10-16T21:45,438.2,1323.23,critical,tendered,0.067
LD02077,L167,L285,"Little Rock, AR","Indianapolis, IN",dry_van,electronics,40990,False,2026-10-15T11:45,2026-10-15T15:45,2026-10-16T11:45,2026-10-16T23:45,626.8,1723.8,standard,tendered,0.002
LD02141,L152,L439,"Memphis, TN","Oklahoma City, OK",dry_van,auto parts,16413,False,2026-10-15T11:45,2026-10-15T15:45,2026-10-15T22:45,2026-10-16T02:45,523.9,1490.02,standard,tentative,0.006
LD02886,L314,L373,"Charlotte, NC","Atlanta, GA",dry_van,consumer goods,41484,False,2026-10-15T11:45,2026-10-15T19:45,2026-10-15T17:45,2026-10-16T01:45,235.4,787.14,standard,tendered,0.002
LD02907,L145,L190,"Newark, NJ","Oklahoma City, OK",dry_van,consumer goods,35393,False,2026-10-15T11:45,2026-10-15T13:45,2026-10-17T14:45,2026-10-18T02:45,1620.4,3527.88,standard,tendered,0.061
LD02955,L118,L481,"Houston, TX","Little Rock, AR",dry_van,retail,42870,False,2026-10-15T11:45,2026-10-15T15:45,2026-10-15T22:45,2026-10-16T22:45,480.6,1492.44,standard,accepted,0.032
LD02984,L459,L222,"Houston, TX","Dallas, TX",dry_van,electronics,13685,False,2026-10-15T11:45,2026-10-15T13:45,2026-10-15T19:45,2026-10-16T03:45,281.6,1014.36,standard,accepted,0.112
LD02985,L055,L232,"Louisville, KY","San Antonio, TX",dry_van,consumer goods,30006,False,2026-10-15T11:45,2026-10-15T13:45,2026-10-16T20:45,2026-10-17T00:45,1122.8,2543.56,standard,accepted,0.003
LD03349,L191,L491,"Los Angeles, CA","Minneapolis, MN",reefer,dairy,26083,False,2026-10-15T11:45,2026-10-15T13:45,2026-10-18T07:45,2026-10-19T07:45,1839.2,4941.88,high,accepted,0.198
LD03565,L122,L042,"Chicago, IL","Chicago, IL",flatbed,lumber,36744,False,2026-10-15T11:45,2026-10-15T13:45,2026-10-15T14:45,2026-10-15T22:45,59.0,364.09,standard,accepted,0.069
LD04593,L422,L144,"Phoenix, AZ","San Antonio, TX",dry_van,consumer goods,16987,False,2026-10-15T11:45,2026-10-15T17:45,2026-10-16T18:45,2026-10-17T00:45,1038.5,2960.45,standard,accepted,0.012
LD04649,L097,L114,"Denver, CO","Dallas, TX",dry_van,consumer goods,35218,False,2026-10-15T11:45,2026-10-15T13:45,2026-10-16T14:45,2026-10-17T14:45,786.8,2129.59,standard,tendered,0.011
LD04674,L273,L342,"Newark, NJ","Chicago, IL",reefer,pharmaceuticals,35617,False,2026-10-15T11:45,2026-10-15T13:45,2026-10-16T14:45,2026-10-16T20:45,838.2,2422.68,standard,accepted,0.072
LD00009,L154,L479,"Laredo, TX","San Antonio, TX",dry_van,auto parts,21409,False,2026-10-15T12:00,2026-10-15T14:00,2026-10-15T17:00,2026-10-15T23:00,178.8,637.07,standard,accepted,0.073
LD00177,L119,L174,"New Orleans, LA","Indianapolis, IN",flatbed,machinery,20696,False,2026-10-15T12:00,2026-10-15T18:00,2026-10-16T16:00,2026-10-17T04:00,848.3,2293.6,standard,tendered,0.026
LD00262,L179,L231,"Los Angeles, CA","El Paso, TX",dry_van,auto parts,32327,False,2026-10-15T12:00,2026-10-15T14:00,2026-10-16T15:00,2026-10-17T15:00,856.0,2253.44,high,tendered,0.017
LD00994,L371,L246,"Chicago, IL","Columbus, OH",dry_van,consumer goods,24408,False,2026-10-15T12:00,2026-10-15T14:00,2026-10-15T22:00,2026-10-16T22:00,342.0,1101.38,standard,tendered,0.007
LD01193,L441,L392,"Columbus, OH","Detroit, MI",reefer,produce,40336,False,2026-10-15T12:00,2026-10-15T20:00,2026-10-15T17:00,2026-10-16T01:00,209.3,940.74,high,tendered,0.054
LD01223,L127,L226,"Indianapolis, IN","Columbus, OH",dry_van,electronics,36758,False,2026-10-15T12:00,2026-10-15T16:00,2026-10-15T18:00,2026-10-16T02:00,228.1,739.32,standard,tendered,0.041
LD01291,L482,L183,"Orlando, FL","Louisville, KY",dry_van,beverages,29372,False,2026-10-15T12:00,2026-10-15T18:00,2026-10-16T17:00,2026-10-17T17:00,881.6,2795.25,standard,accepted,0.066
LD01311,L448,L420,"St. Louis, MO","Indianapolis, IN",dry_van,paper products,17386,False,2026-10-15T12:00,2026-10-15T16:00,2026-10-15T19:00,2026-10-16T03:00,262.6,882.43,high,accepted,0.228
LD01317,L101,L269,"Birmingham, AL","Harrisburg, PA",dry_van,auto parts,32669,False,2026-10-15T12:00,2026-10-15T14:00,2026-10-16T16:00,2026-10-17T16:00,844.1,1945.58,standard,tendered,0.064
LD01485,L362,L187,"Houston, TX","Oklahoma City, OK",dry_van,beverages,36469,False,2026-10-15T12:00,2026-10-15T18:00,2026-10-15T23:00,2026-10-16T23:00,488.4,1296.79,high,accepted,0.124
LD01580,L376,L430,"Chicago, IL","Minneapolis, MN",dry_van,consumer goods,37633,False,2026-10-15T12:00,2026-10-15T14:00,2026-10-15T23:00,2026-10-16T23:00,438.8,1246.01,high,tendered,0.119
LD01663,L292,L485,"Houston, TX","Nashville, TN",reefer,produce,38924,False,2026-10-15T12:00,2026-10-15T16:00,2026-10-16T16:00,2026-10-16T22:00,809.7,2351.46,standard,tendered,0.131
LD02053,L498,L481,"Louisville, KY","Little Rock, AR",dry_van,auto parts,35217,False,2026-10-15T12:00,2026-10-15T18:00,2026-10-16T00:00,2026-10-16T04:00,521.9,1573.28,standard,tendered,0.088
LD02186,L153,L163,"El Paso, TX","San Antonio, TX",reefer,produce,39604,False,2026-10-15T12:00,2026-10-15T20:00,2026-10-16T11:00,2026-10-16T17:00,615.1,1951.94,standard,accepted,0.037
LD02347,L158,L115,"Atlanta, GA","Miami, FL",reefer,meat,37168,False,2026-10-15T12:00,2026-10-15T14:00,2026-10-16T14:00,2026-10-16T22:00,741.9,2490.73,standard,tendered,0.03
LD02472,L406,L089,"Oklahoma City, OK","New Orleans, LA",reefer,dairy,21914,False,2026-10-15T12:00,2026-10-15T16:00,2026-10-16T11:00,2026-10-16T15:00,630.1,1763.55,standard,tendered,0.061
LD02982,L113,L117,"Orlando, FL","Chicago, IL",flatbed,pipe,37018,False,2026-10-15T12:00,2026-10-15T16:00,2026-10-16T21:00,2026-10-17T05:00,1182.6,3427.74,standard,tendered,0.127
LD03010,L396,L128,"Little Rock, AR","Miami, FL",reefer,pharmaceuticals,34868,False,2026-10-15T12:00,2026-10-15T20:00,2026-10-16T21:00,2026-10-17T05:00,1122.1,3438.11,standard,accepted,0.02
LD03687,L412,L349,"Memphis, TN","Charlotte, NC",dry_van,paper products,23195,False,2026-10-15T12:00,2026-10-15T16:00,2026-10-16T11:00,2026-10-16T17:00,634.1,1661.48,standard,tendered,0.124
LD04103,L071,L096,"Dallas, TX","Chicago, IL",dry_van,electronics,35164,False,2026-10-15T12:00,2026-10-15T20:00,2026-10-16T18:00,2026-10-17T18:00,930.1,2130.85,standard,tendered,0.264
LD04200,L104,L084,"Nashville, TN","St. Louis, MO",reefer,produce,26229,False,2026-10-15T12:00,2026-10-15T16:00,2026-10-15T21:00,2026-10-16T21:00,323.7,1209.15,high,tentative,0.17
LD04220,L154,L053,"Laredo, TX","Dallas, TX",dry_van,beverages,30488,False,2026-10-15T12:00,2026-10-15T16:00,2026-10-15T22:00,2026-10-16T10:00,471.6,1456.32,standard,tendered,0.125
LD04978,L067,L388,"Houston, TX","Louisville, KY",reefer,dairy,27735,False,2026-10-15T12:00,2026-10-15T16:00,2026-10-16T19:00,2026-10-17T03:00,952.2,2735.76,standard,tendered,0.026
LD00861,L362,L143,"Houston, TX","Chicago, IL",dry_van,beverages,18744,False,2026-10-15T12:15,2026-10-15T18:15,2026-10-16T20:15,2026-10-17T00:15,1116.0,2595.32,standard,tentative,0.036
LD01778,L323,L373,"Detroit, MI","Atlanta, GA",reefer,meat,26023,False,2026-10-15T12:15,2026-10-15T20:15,2026-10-16T14:15,2026-10-16T20:15,701.8,1975.33,high,tendered,0.062
LD01907,L475,L249,"Indianapolis, IN","Little Rock, AR",dry_van,retail,32023,False,2026-10-15T12:15,2026-10-15T14:15,2026-10-16T00:15,2026-10-17T00:15,573.0,1407.09,high,accepted,0.114
LD01985,L080,L488,"Denver, CO","Los Angeles, CA",flatbed,steel,37930,False,2026-10-15T12:15,2026-10-15T14:15,2026-10-16T18:15,2026-10-17T06:15,1001.8,3328.14,standard,tentative,0.013
LD02075,L282,L328,"Little Rock, AR","Austin, TX",dry_van,consumer goods,40439,False,2026-10-15T12:15,2026-10-15T14:15,2026-10-16T02:15,2026-10-16T08:15,534.1,1470.94,standard,tentative,0.004
LD02083,L169,L319,"Charlotte, NC","Chicago, IL",dry_van,beverages,30839,False,2026-10-15T12:15,2026-10-15T16:15,2026-10-16T13:15,2026-10-17T01:15,699.6,1653.95,high,tendered,0.044
LD02337,L459,L466,"Houston, TX","Nashville, TN",dry_van,retail,11903,False,2026-10-15T12:15,2026-10-15T14:15,2026-10-16T15:15,2026-10-16T19:15,797.9,1901.51,standard,tendered,0.019
LD03105,L362,L365,"Houston, TX","Birmingham, AL",reefer,produce,31859,False,2026-10-15T12:15,2026-10-15T20:15,2026-10-16T12:15,2026-10-17T00:15,678.1,2258.14,standard,accepted,0.011
LD03480,L098,L141,"Houston, TX","Oklahoma City, OK",dry_van,beverages,41871,True,2026-10-15T12:15,2026-10-15T14:15,2026-10-16T01:15,2026-10-16T09:15,548.4,1538.67,standard,tentative,0.069
LD03744,L358,L267,"Newark, NJ","Indianapolis, IN",dry_van,retail,19049,False,2026-10-15T12:15,2026-10-15T16:15,2026-10-16T15:15,2026-10-17T15:15,772.3,1878.53,standard,accepted,0.084
LD04250,L396,L058,"Little Rock, AR","Orlando, FL",dry_van,auto parts,34966,False,2026-10-15T12:15,2026-10-15T14:15,2026-10-16T18:15,2026-10-16T22:15,924.8,2444.58,high,accepted,0.017
LD04500,L443,L134,"Minneapolis, MN","Denver, CO",flatbed,machinery,27305,False,2026-10-15T12:15,2026-10-15T18:15,2026-10-16T17:15,2026-10-16T21:15,837.5,2593.05,standard,tendered,0.041
LD04983,L268,L233,"Orlando, FL","Miami, FL",dry_van,electronics,39964,False,2026-10-15T12:15,2026-10-15T18:15,2026-10-15T20:15,2026-10-16T02:15,244.2,894.55,standard,tendered,0.035
LD00236,L280,L414,"Kansas City, MO","Memphis, TN",dry_van,beverages,28994,False,2026-10-15T12:30,2026-10-15T16:30,2026-10-16T00:30,2026-10-16T08:30,445.1,1309.54,high,tendered,0.072
LD00462,L158,L111,"Atlanta, GA","Newark, NJ",flatbed,steel,41350,False,2026-10-15T12:30,2026-10-15T20:30,2026-10-16T17:30,2026-10-17T17:30,922.5,2587.03,standard,accepted,0.027
LD00464,L279,L482,"Columbus, OH","Orlando, FL",flatbed,lumber,31055,False,2026-10-15T12:30,2026-10-15T18:30,2026-10-16T18:30,2026-10-16T22:30,947.5,2885.24,standard,tendered,0.005
LD00490,L156,L363,"Charlotte, NC","Houston, TX",dry_van,electronics,24410,False,2026-10-15T12:30,2026-10-15T20:30,2026-10-16T20:30,2026-10-17T08:30,1117.1,2985.78,standard,tendered,0.074
LD00626,L472,L097,"St. Louis, MO","Denver, CO",reefer,frozen food,18362,False,2026-10-15T12:30,2026-10-15T16:30,2026-10-16T18:30,2026-10-17T00:30,924.5,2784.57,standard,accepted,0.025
LD00860,L346,L107,"Houston, TX","Chicago, IL",dry_van,consumer goods,37587,False,2026-10-15T12:30,2026-10-15T14:30,2026-10-16T19:30,2026-10-17T03:30,1112.4,2844.22,critical,tendered,0.036
LD00917,L437,L119,"Laredo, TX","New Orleans, LA",dry_van,beverages,22813,False,2026-10-15T12:30,2026-10-15T20:30,2026-10-16T14:30,2026-10-17T14:30,668.2,1820.44,standard,accepted,0.03
LD01283,L130,L206,"Memphis, TN","Oklahoma City, OK",flatbed,building materials,20908,False,2026-10-15T12:30,2026-10-15T18:30,2026-10-16T00:30,2026-10-16T12:30,501.8,1627.61,standard,tendered,0.05
LD01352,L173,L411,"Atlanta, GA","Austin, TX",dry_van,retail,22265,False,2026-10-15T12:30,2026-10-15T14:30,2026-10-16T18:30,2026-10-17T18:30,972.2,2374.88,standard,tendered,0.015
LD01370,L426,L402,"St. Louis, MO","Miami, FL",reefer,dairy,29028,False,2026-10-15T12:30,2026-10-15T14:30,2026-10-17T11:30,2026-10-17T19:30,1320.1,3333.9,standard,tendered,0.248
LD01441,L051,L237,"Indianapolis, IN","Nashville, TN",reefer,pharmaceuticals,37293,False,2026-10-15T12:30,2026-10-15T20:30,2026-10-15T21:30,2026-10-16T09:30,305.7,1226.54,standard,tendered,0.043
LD01707,L276,L274,"Charlotte, NC","St. Louis, MO",dry_van,electronics,13122,False,2026-10-15T12:30,2026-10-15T16:30,2026-10-16T13:30,2026-10-16T19:30,679.5,1946.29,high,tendered,0.018
LD01727,L475,L388,"Indianapolis, IN","Louisville, KY",reefer,produce,27896,False,2026-10-15T12:30,2026-10-15T20:30,2026-10-15T16:30,2026-10-15T22:30,139.8,685.05,high,accepted,0.02
LD01865,L448,L245,"St. Louis, MO","Nashville, TN",reefer,pharmaceuticals,23626,False,2026-10-15T12:30,2026-10-15T18:30,2026-10-15T19:30,2026-10-16T01:30,279.2,1116.43,standard,tendered,0.041
LD01938,L098,L304,"Houston, TX","New Orleans, LA",dry_van,paper products,35207,False,2026-10-15T12:30,2026-10-15T16:30,2026-10-15T22:30,2026-10-16T22:30,392.6,1150.09,standard,tentative,0.238
LD02207,L163,L409,"San Antonio, TX","Columbus, OH",reefer,meat,28698,False,2026-10-15T12:30,2026-10-15T14:30,2026-10-17T12:30,2026-10-18T00:30,1374.8,3665.46,standard,accepted,0.001
LD02852,L466,L433,"Nashville, TN","Charlotte, NC",dry_van,beverages,22688,False,2026-10-15T12:30,2026-10-15T14:30,2026-10-15T22:30,2026-10-16T06:30,380.2,1163.43,standard,tentative,0.141
LD03083,L374,L476,"Newark, NJ","Chicago, IL",dry_van,consumer goods,13217,False,2026-10-15T12:30,2026-10-15T14:30,2026-10-16T16:30,2026-10-16T22:30,840.4,2365.67,standard,accepted,0.025
LD03188,L138,L316,"Little Rock, AR","New Orleans, LA",dry_van,auto parts,39709,False,2026-10-15T12:30,2026-10-15T14:30,2026-10-15T22:30,2026-10-16T02:30,451.9,1256.71,standard,accepted,0.023
LD03396,L103,L443,"Chicago, IL","Minneapolis, MN",flatbed,lumber,23086,False,2026-10-15T12:30,2026-10-15T14:30,2026-10-15T22:30,2026-10-16T06:30,413.1,1488.39,standard,tendered,0.02
LD03635,L300,L339,"Houston, TX","Denver, CO",dry_van,beverages,33689,False,2026-10-15T12:30,2026-10-15T18:30,2026-10-16T22:30,2026-10-17T10:30,1076.6,2793.33,standard,tendered,0.054
LD03821,L293,L430,"Dallas, TX","Minneapolis, MN",dry_van,electronics,21261,False,2026-10-15T12:30,2026-10-15T14:30,2026-10-16T19:30,2026-10-17T19:30,1032.9,2311.9,standard,tendered,0.086
LD04043,L156,L152,"Charlotte, NC","Memphis, TN",dry_van,electronics,36259,False,2026-10-15T12:30,2026-10-15T14:30,2026-10-16T10:30,2026-10-16T18:30,610.1,1643.88,standard,tendered,0.006
LD04361,L438,L129,"Dallas, TX","New Orleans, LA",dry_van,retail,39320,False,2026-10-15T12:30,2026-10-15T18:30,2026-10-16T00:30,2026-10-16T12:30,520.6,1401.02,standard,accepted,0.022
LD04478,L155,L218,"Los Angeles, CA","Oklahoma City, OK",flatbed,steel,36950,False,2026-10-15T12:30,2026-10-15T18:30,2026-10-17T11:30,2026-10-17T15:30,1374.9,3873.37,standard,accepted,0.037
LD04803,L439,L097,"Oklahoma City, OK","Denver, CO",dry_van,auto parts,35455,False,2026-10-15T12:30,2026-10-15T20:30,2026-10-16T11:30,2026-10-16T15:30,606.7,1500.61,standard,tentative,0.112
LD00024,L370,L457,"Orlando, FL","Dallas, TX",dry_van,retail,16474,False,2026-10-15T12:45,2026-10-15T20:45,2026-10-16T23:45,2026-10-17T05:45,1176.6,3364.93,standard,tendered,0.036
LD00077,L180,L110,"New Orleans, LA","Dallas, TX",dry_van,retail,23644,False,2026-10-15T12:45,2026-10-15T14:45,2026-10-16T01:45,2026-10-16T07:45,526.9,1562.31,standard,tendered,0.072
LD00784,L400,L306,"Austin, TX","Dallas, TX",dry_van,auto parts,41672,False,2026-10-15T12:45,2026-10-15T14:45,2026-10-15T17:45,2026-10-16T05:45,211.3,795.46,high,tendered,0.081
LD01337,L064,L304,"Harrisburg, PA","New Orleans, LA",dry_van,beverages,39603,False,2026-10-15T12:45,2026-10-15T20:45,2026-10-17T09:45,2026-10-18T09:45,1257.7,3345.84,high,tendered,0.088
LD01421,L362,L152,"Houston, TX","Memphis, TN",dry_van,auto parts,24341,False,2026-10-15T12:45,2026-10-15T18:45,2026-10-16T01:45,2026-10-16T13:45,592.0,1638.26,standard,accepted,0.018
LD01570,L163,L171,"San Antonio, TX","New Orleans, LA",dry_van,paper products,27244,False,2026-10-15T12:45,2026-10-15T16:45,2026-10-16T12:45,2026-10-17T12:45,612.4,1631.1,standard,tentative,0.115
LD01583,L054,L330,"Austin, TX","Kansas City, MO",dry_van,paper products,17401,False,2026-10-15T12:45,2026-10-15T20:45,2026-10-16T14:45,2026-10-16T18:45,778.0,1799.76,standard,accepted,0.02
LD02194,L335,L188,"Los Angeles, CA","Phoenix, AZ",dry_van,beverages,14919,False,2026-10-15T12:45,2026-10-15T18:45,2026-10-16T00:45,2026-10-16T06:45,478.0,1322.31,standard,tendered,0.095
LD02952,L352,L108,"Chicago, IL","Houston, TX",dry_van,retail,23698,False,2026-10-15T12:45,2026-10-15T18:45,2026-10-16T22:45,2026-10-17T06:45,1125.9,2789.27,standard,tendered,0.042
LD03220,L076,L334,"Harrisburg, PA","Chicago, IL",dry_van,paper products,32062,False,2026-10-15T12:45,2026-10-15T14:45,2026-10-16T13:45,2026-10-16T17:45,679.9,1899.16,standard,tendered,0.07
LD03494,L418,L363,"Jacksonville, FL","Houston, TX",dry_van,paper products,11811,False,2026-10-15T12:45,2026-10-15T14:45,2026-10-16T18:45,2026-10-17T02:45,990.6,2259.76,standard,tendered,0.035
LD03722,L108,L162,"Houston, TX","Memphis, TN",dry_van,paper products,18272,False,2026-10-15T12:45,2026-10-15T14:45,2026-10-16T01:45,2026-10-16T07:45,589.1,1521.87,standard,tentative,0.018
LD03809,L362,L183,"Houston, TX","Louisville, KY",dry_van,consumer goods,27174,False,2026-10-15T12:45,2026-10-15T14:45,2026-10-16T18:45,2026-10-17T18:45,992.5,2347.34,standard,accepted,0.059
LD04055,L074,L468,"Dallas, TX","Newark, NJ",dry_van,beverages,34262,False,2026-10-15T12:45,2026-10-15T14:45,2026-10-17T16:45,2026-10-17T20:45,1652.3,4005.54,standard,tendered,0.021
LD04872,L376,L408,"Chicago, IL","Charlotte, NC",reefer,produce,28963,False,2026-10-15T12:45,2026-10-15T18:45,2026-10-16T14:45,2026-10-16T22:45,707.7,2371.9,standard,tendered,0.014
LD00338,L441,L365,"Columbus, OH","Birmingham, AL",dry_van,consumer goods,32644,False,2026-10-15T13:00,2026-10-15T19:00,2026-10-16T02:00,2026-10-16T06:00,599.3,1647.34,standard,tendered,0.205
LD00740,L155,L339,"Los Angeles, CA","Denver, CO",dry_van,auto parts,18699,False,2026-10-15T13:00,2026-10-15T21:00,2026-10-16T18:00,2026-10-17T00:00,965.5,2454.61,standard,tendered,0.036
LD01394,L054,L367,"Austin, TX","Atlanta, GA",dry_van,paper products,30356,False,2026-10-15T13:00,2026-10-15T15:00,2026-10-16T18:00,2026-10-17T00:00,977.0,2168.32,standard,tendered,0.034
LD02610,L314,L468,"Charlotte, NC","Newark, NJ",flatbed,steel,32965,False,2026-10-15T13:00,2026-10-15T15:00,2026-10-16T13:00,2026-10-17T13:00,661.4,1838.43,standard,accepted,0.121
LD02862,L413,L304,"Kansas City, MO","New Orleans, LA",reefer,frozen food,29291,False,2026-10-15T13:00,2026-10-15T17:00,2026-10-16T17:00,2026-10-16T21:00,830.9,2446.37,high,tendered,0.04
LD03201,L403,L322,"Atlanta, GA","Kansas City, MO",flatbed,steel,47907,True,2026-10-15T13:00,2026-10-15T15:00,2026-10-16T16:00,2026-10-16T22:00,804.9,2295.49,standard,tendered,0.021
LD03313,L418,L356,"Jacksonville, FL","New Orleans, LA",dry_van,auto parts,20688,False,2026-10-15T13:00,2026-10-15T19:00,2026-10-16T02:00,2026-10-17T02:00,596.2,1466.37,standard,accepted,0.0
LD03495,L148,L150,"Houston, TX","Columbus, OH",dry_van,electronics,23240,False,2026-10-15T13:00,2026-10-15T19:00,2026-10-16T23:00,2026-10-17T03:00,1188.7,2885.92,standard,tendered,0.03
LD03572,L235,L096,"Louisville, KY","Chicago, IL",dry_van,auto parts,42716,False,2026-10-15T13:00,2026-10-15T17:00,2026-10-15T22:00,2026-10-16T04:00,303.1,1005.98,standard,accepted,0.015
LD04136,L307,L195,"Chicago, IL","Little Rock, AR",dry_van,beverages,28567,False,2026-10-15T13:00,2026-10-15T19:00,2026-10-16T14:00,2026-10-17T02:00,689.6,1932.99,standard,tendered,0.002
LD04568,L140,L421,"Kansas City, MO","Louisville, KY",dry_van,beverages,39413,False,2026-10-15T13:00,2026-10-15T21:00,2026-10-16T00:00,2026-10-16T08:00,566.4,1398.49,standard,tentative,0.161
LD04653,L143,L195,"Chicago, IL","Little Rock, AR",dry_van,auto parts,25446,False,2026-10-15T13:00,2026-10-15T17:00,2026-10-16T14:00,2026-10-16T20:00,673.8,1899.76,standard,accepted,0.007
LD04858,L475,L368,"Indianapolis, IN","Oklahoma City, OK",reefer,produce,27004,False,2026-10-15T13:00,2026-10-15T17:00,2026-10-16T16:00,2026-10-16T20:00,833.5,2551.52,standard,tendered,0.014
LD00158,L138,L170,"Little Rock, AR","San Antonio, TX",dry_van,beverages,37086,False,2026-10-15T13:15,2026-10-15T15:15,2026-10-16T12:15,2026-10-16T18:15,619.1,1785.69,standard,tentative,0.103
LD00459,L481,L497,"Little Rock, AR","Memphis, TN",dry_van,retail,38883,False,2026-10-15T13:15,2026-10-15T15:15,2026-10-15T20:15,2026-10-16T20:15,146.0,579.35,standard,tendered,0.048
LD00519,L217,L285,"Charlotte, NC","Indianapolis, IN",dry_van,auto parts,39648,False,2026-10-15T13:15,2026-10-15T15:15,2026-10-16T02:15,2026-10-17T02:15,528.2,1503.76,standard,tendered,0.044
LD00712,L130,L269,"Memphis, TN","Harrisburg, PA",reefer,meat,32528,False,2026-10-15T13:15,2026-10-15T19:15,2026-10-16T19:15,2026-10-17T07:15,960.0,2507.87,standard,tendered,0.078
LD00786,L300,L095,"Houston, TX","Newark, NJ",reefer,meat,26866,False,2026-10-15T13:15,2026-10-15T15:15,2026-10-17T20:15,2026-10-18T00:15,1697.2,4514.34,standard,accepted,0.034
LD00862,L220,L338,"Chicago, IL","Dallas, TX",dry_van,electronics,26157,False,2026-10-15T13:15,2026-10-15T17:15,2026-10-16T19:15,2026-10-17T07:15,967.8,2467.91,high,tendered,0.13
LD01017,L292,L213,"Houston, TX","Jacksonville, FL",dry_van,retail,18236,False,2026-10-15T13:15,2026-10-15T17:15,2026-10-16T20:15,2026-10-17T00:15,991.9,2379.48,standard,accepted,0.003
LD01259,L278,L457,"Newark, NJ","Dallas, TX",dry_van,auto parts,36096,False,2026-10-15T13:15,2026-10-15T17:15,2026-10-17T16:15,2026-10-18T00:15,1612.3,4201.34,standard,accepted,0.038
LD01271,L200,L257,"Miami, FL","Columbus, OH",dry_van,auto parts,22927,False,2026-10-15T13:15,2026-10-15T17:15,2026-10-16T23:15,2026-10-17T03:15,1205.7,3606.34,standard,tendered,0.024
LD01627,L259,L156,"Minneapolis, MN","Charlotte, NC",dry_van,paper products,32132,False,2026-10-15T13:15,2026-10-15T21:15,2026-10-16T22:15,2026-10-17T10:15,1140.7,3069.04,high,tendered,0.02
LD02156,L439,L051,"Oklahoma City, OK","Indianapolis, IN",reefer,dairy,36880,False,2026-10-15T13:15,2026-10-15T19:15,2026-10-16T16:15,2026-10-17T00:15,819.6,2423.33,standard,tentative,0.008
LD02477,L122,L095,"Chicago, IL","Newark, NJ",dry_van,auto parts,18125,False,2026-10-15T13:15,2026-10-15T15:15,2026-10-16T16:15,2026-10-17T04:15,832.8,2232.74,standard,tendered,0.005
LD03284,L387,L295,"Chicago, IL","New Orleans, LA",dry_van,consumer goods,41632,False,2026-10-15T13:15,2026-10-15T15:15,2026-10-16T19:15,2026-10-17T01:15,998.3,2461.0,standard,accepted,0.049
LD03415,L094,L237,"New Orleans, LA","Nashville, TN",dry_van,retail,19035,False,2026-10-15T13:15,2026-10-15T17:15,2026-10-16T01:15,2026-10-16T05:15,528.3,1369.03,standard,accepted,0.001
LD03517,L338,L082,"Dallas, TX","Phoenix, AZ",flatbed,pipe,43471,False,2026-10-15T13:15,2026-10-15T15:15,2026-10-16T19:15,2026-10-17T07:15,1032.6,3122.72,standard,tendered,0.086
LD03622,L175,L361,"Dallas, TX","Little Rock, AR",flatbed,steel,37212,False,2026-10-15T13:15,2026-10-15T19:15,2026-10-15T22:15,2026-10-16T10:15,357.3,1238.84,standard,accepted,0.071
LD03736,L185,L320,"Newark, NJ","Atlanta, GA",dry_van,paper products,21287,False,2026-10-15T13:15,2026-10-15T21:15,2026-10-16T18:15,2026-10-17T18:15,889.0,2209.38,standard,accepted,0.016
LD03799,L220,L436,"Chicago, IL","Minneapolis, MN",dry_van,consumer goods,22443,False,2026-10-15T13:15,2026-10-15T17:15,2026-10-15T23:15,2026-10-16T23:15,417.0,1209.22,standard,tendered,0.126
LD03898,L396,L087,"Little Rock, AR","Jacksonville, FL",dry_van,beverages,15806,True,2026-10-15T13:15,2026-10-15T21:15,2026-10-16T17:15,2026-10-17T17:15,830.1,2285.3,high,tendered,0.112
LD04032,L425,L061,"Houston, TX","Charlotte, NC",dry_van,electronics,34855,False,2026-10-15T13:15,2026-10-15T19:15,2026-10-16T23:15,2026-10-17T11:15,1142.9,2642.14,standard,tendered,0.108
LD04116,L078,L164,"Louisville, KY","San Antonio, TX",dry_van,retail,21405,False,2026-10-15T13:15,2026-10-15T17:15,2026-10-16T21:15,2026-10-17T09:15,1111.5,2756.37,standard,accepted,0.04
LD04166,L049,L408,"Memphis, TN","Charlotte, NC",dry_van,auto parts,27452,False,2026-10-15T13:15,2026-10-15T15:15,2026-10-16T13:15,2026-10-16T17:15,632.0,1737.58,standard,tendered,0.017
LD04765,L161,L228,"Nashville, TN","Houston, TX",dry_van,retail,36163,False,2026-10-15T13:15,2026-10-15T17:15,2026-10-16T16:15,2026-10-16T22:15,812.1,2174.24,standard,tendered,0.122
LD04812,L053,L272,"Dallas, TX","Nashville, TN",reefer,produce,30249,False,2026-10-15T13:15,2026-10-15T15:15,2026-10-16T15:15,2026-10-17T03:15,721.8,2116.09,standard,tendered,0.04
LD04842,L071,L436,"Dallas, TX","Minneapolis, MN",dry_van,auto parts,35204,False,2026-10-15T13:15,2026-10-15T19:15,2026-10-16T20:15,2026-10-17T00:15,992.2,2725.92,standard,tendered,0.088
LD04862,L064,L481,"Harrisburg, PA","Little Rock, AR",dry_van,retail,30604,False,2026-10-15T13:15,2026-10-15T19:15,2026-10-16T21:15,2026-10-17T09:15,1118.5,2591.02,standard,accepted,0.025
LD04974,L093,L044,"Houston, TX","Dallas, TX",dry_van,paper products,18313,False,2026-10-15T13:15,2026-10-15T15:15,2026-10-15T22:15,2026-10-16T04:15,311.4,922.83,standard,accepted,0.026
LD00407,L245,L499,"Nashville, TN","Dallas, TX",reefer,produce,35059,False,2026-10-15T13:30,2026-10-15T21:30,2026-10-16T14:30,2026-10-16T20:30,716.9,2025.35,standard,tendered,0.049
LD00532,L314,L234,"Charlotte, NC","Phoenix, AZ",dry_van,retail,26940,False,2026-10-15T13:30,2026-10-15T17:30,2026-10-18T12:30,2026-10-18T20:30,2108.7,4444.22,standard,tendered,0.014
LD01241,L437,L353,"Laredo, TX","Atlanta, GA",dry_van,beverages,38084,False,2026-10-15T13:30,2026-10-15T21:30,2026-10-17T00:30,2026-10-17T04:30,1173.1,2598.32,standard,tentative,0.05
LD01440,L491,L109,"Minneapolis, MN","Dallas, TX",dry_van,paper products,34208,False,2026-10-15T13:30,2026-10-15T15:30,2026-10-16T19:30,2026-10-17T01:30,1034.2,2727.97,standard,tendered,0.133
LD02578,L045,L465,"Oklahoma City, OK","Kansas City, MO",dry_van,consumer goods,44096,False,2026-10-15T13:30,2026-10-15T15:30,2026-10-15T23:30,2026-10-16T05:30,363.9,1142.77,high,accepted,0.063
LD03521,L282,L275,"Little Rock, AR","Atlanta, GA",reefer,produce,38248,False,2026-10-15T13:30,2026-10-15T19:30,2026-10-16T03:30,2026-10-16T07:30,553.1,1604.9,standard,tendered,0.034
LD03589,L140,L152,"Kansas City, MO","Memphis, TN",dry_van,consumer goods,38537,False,2026-10-15T13:30,2026-10-15T19:30,2026-10-15T23:30,2026-10-16T05:30,461.4,1190.42,standard,accepted,0.019
LD03775,L387,L459,"Chicago, IL","Houston, TX",dry_van,electronics,28288,False,2026-10-15T13:30,2026-10-15T15:30,2026-10-16T22:30,2026-10-17T02:30,1124.3,2704.49,standard,tendered,0.068
LD03983,L374,L163,"Newark, NJ","San Antonio, TX",reefer,meat,19344,False,2026-10-15T13:30,2026-10-15T15:30,2026-10-18T08:30,2026-10-18T16:30,1911.1,5360.89,high,tendered,0.027
LD03988,L476,L403,"Chicago, IL","Atlanta, GA",dry_van,auto parts,38742,False,2026-10-15T13:30,2026-10-15T19:30,2026-10-16T14:30,2026-10-16T22:30,691.2,1972.23,standard,tendered,0.093
LD04342,L278,L279,"Newark, NJ","Columbus, OH",reefer,meat,31266,False,2026-10-15T13:30,2026-10-15T15:30,2026-10-16T01:30,2026-10-17T01:30,529.4,1591.67,standard,accepted,0.034
LD00247,L478,L363,"Little Rock, AR","Houston, TX",flatbed,building materials,25604,False,2026-10-15T13:45,2026-10-15T19:45,2026-10-15T23:45,2026-10-16T07:45,461.2,1475.62,standard,accepted,0.012
LD00384,L230,L052,"San Antonio, TX","Atlanta, GA",dry_van,paper products,17446,False,2026-10-15T13:45,2026-10-15T15:45,2026-10-16T21:45,2026-10-17T03:45,1067.7,2802.35,standard,accepted,0.13
LD00496,L092,L306,"Chicago, IL","Dallas, TX",dry_van,retail,35257,False,2026-10-15T13:45,2026-10-15T15:45,2026-10-16T18:45,2026-10-17T18:45,959.8,2612.61,standard,tendered,0.066
LD00691,L224,L063,"Columbus, OH","San Antonio, TX",reefer,produce,38308,False,2026-10-15T13:45,2026-10-15T15:45,2026-10-17T13:45,2026-10-17T17:45,1352.1,4040.09,standard,tendered,0.024
LD01115,L445,L473,"Los Angeles, CA","Phoenix, AZ",dry_van,paper products,33587,False,2026-10-15T13:45,2026-10-15T17:45,2026-10-15T22:45,2026-10-16T02:45,417.2,1223.97,standard,accepted,0.079
LD01428,L391,L409,"Austin, TX","Columbus, OH",dry_van,electronics,38712,False,2026-10-15T13:45,2026-10-15T21:45,2026-10-17T12:45,2026-10-18T00:45,1303.6,3060.69,high,tendered,0.019
LD01567,L221,L402,"Atlanta, GA","Miami, FL",reefer,produce,22260,False,2026-10-15T13:45,2026-10-15T19:45,2026-10-16T15:45,2026-10-16T19:45,756.9,2368.2,standard,accepted,0.018
LD01776,L064,L066,"Harrisburg, PA","Chicago, IL",reefer,produce,28727,False,2026-10-15T13:45,2026-10-15T15:45,2026-10-16T14:45,2026-10-17T14:45,697.9,1995.15,high,accepted,0.092
LD02831,L442,L446,"St. Louis, MO","Charlotte, NC",reefer,produce,32150,False,2026-10-15T13:45,2026-10-15T19:45,2026-10-16T14:45,2026-10-17T02:45,663.7,2198.07,standard,tendered,0.068
LD03077,L414,L243,"Memphis, TN","Kansas City, MO",dry_van,electronics,36803,False,2026-10-15T13:45,2026-10-15T19:45,2026-10-16T00:45,2026-10-16T12:45,440.3,1275.69,standard,tentative,0.006
LD03880,L068,L298,"San Antonio, TX","Harrisburg, PA",dry_van,electronics,21501,False,2026-10-15T13:45,2026-10-15T15:45,2026-10-17T19:45,2026-10-18T01:45,1727.2,4465.06,standard,accepted,0.114
LD03896,L138,L437,"Little Rock, AR","Laredo, TX",dry_van,consumer goods,26224,False,2026-10-15T13:45,2026-10-15T21:45,2026-10-16T15:45,2026-10-16T23:45,787.6,1844.16,standard,tendered,0.081
LD04009,L385,L182,"Los Angeles, CA","Denver, CO",reefer,frozen food,31643,False,2026-10-15T13:45,2026-10-15T15:45,2026-10-16T19:45,2026-10-16T23:45,992.9,3175.74,standard,tendered,0.036
LD04054,L358,L341,"Newark, NJ","Charlotte, NC",dry_van,auto parts,16098,False,2026-10-15T13:45,2026-10-15T15:45,2026-10-16T13:45,2026-10-17T13:45,638.7,1687.57,standard,tendered,0.011
LD04393,L258,L133,"Charlotte, NC","Dallas, TX",dry_van,paper products,32588,False,2026-10-15T13:45,2026-10-15T15:45,2026-10-16T21:45,2026-10-17T09:45,1095.1,2795.84,high,tendered,0.13
LD04450,L135,L254,"Dallas, TX","Chicago, IL",dry_van,beverages,26164,False,2026-10-15T13:45,2026-10-15T17:45,2026-10-16T19:45,2026-10-17T07:45,977.4,2639.09,standard,tendered,0.076
LD04675,L361,L371,"Little Rock, AR","Chicago, IL",reefer,pharmaceuticals,33111,False,2026-10-15T13:45,2026-10-15T15:45,2026-10-16T14:45,2026-10-17T14:45,672.9,1877.2,critical,tendered,0.003
LD04897,L396,L112,"Little Rock, AR","Columbus, OH",dry_van,beverages,31266,False,2026-10-15T13:45,2026-10-15T17:45,2026-10-16T16:45,2026-10-17T04:45,765.4,2049.17,standard,tendered,0.118
LD00154,L319,L119,"Chicago, IL","New Orleans, LA",reefer,dairy,20504,False,2026-10-15T14:00,2026-10-15T20:00,2026-10-16T20:00,2026-10-17T08:00,1002.0,2859.46,standard,accepted,0.195
LD00494,L389,L313,"Newark, NJ","Miami, FL",dry_van,paper products,15701,False,2026-10-15T14:00,2026-10-15T20:00,2026-10-17T11:00,2026-10-18T11:00,1299.9,3073.84,critical,accepted,0.093
LD00601,L466,L198,"Nashville, TN","Minneapolis, MN",dry_van,electronics,42647,False,2026-10-15T14:00,2026-10-15T20:00,2026-10-16T19:00,2026-10-17T07:00,863.5,2048.45,standard,tendered,0.115
LD01077,L055,L411,"Louisville, KY","Austin, TX",dry_van,retail,39483,False,2026-10-15T14:00,2026-10-15T22:00,2026-10-16T21:00,2026-10-17T01:00,1043.4,2619.16,high,tendered,0.192
LD01446,L150,L082,"Columbus, OH","Phoenix, AZ",dry_van,auto parts,19641,False,2026-10-15T14:00,2026-10-15T18:00,2026-10-18T11:00,2026-10-18T15:00,1981.4,4780.72,standard,tendered,0.03
LD01460,L411,L487,"Austin, TX","Dallas, TX",dry_van,electronics,33681,False,2026-10-15T14:00,2026-10-15T20:00,2026-10-15T19:00,2026-10-16T01:00,168.1,631.63,standard,tendered,0.015
LD02422,L414,L373,"Memphis, TN","Atlanta, GA",reefer,produce,39919,False,2026-10-15T14:00,2026-10-15T16:00,2026-10-16T00:00,2026-10-16T12:00,404.6,1416.68,standard,tentative,0.074
LD02443,L389,L245,"Newark, NJ","Nashville, TN",dry_van,paper products,26198,False,2026-10-15T14:00,2026-10-15T20:00,2026-10-16T18:00,2026-10-17T18:00,899.6,2345.74,high,tendered,0.005
LD02710,L483,L158,"St. Louis, MO","Atlanta, GA",dry_van,paper products,38757,False,2026-10-15T14:00,2026-10-15T18:00,2026-10-16T03:00,2026-10-16T15:00,593.7,1659.08,standard,tendered,0.123
LD02807,L459,L231,"Houston, TX","El Paso, TX",dry_van,electronics,29717,False,2026-10-15T14:00,2026-10-15T22:00,2026-10-16T18:00,2026-10-17T06:00,813.3,2187.96,standard,tentative,0.066
LD03691,L250,L056,"Chicago, IL","Minneapolis, MN",dry_van,paper products,32277,False,2026-10-15T14:00,2026-10-15T18:00,2026-10-16T00:00,2026-10-16T06:00,445.2,1299.41,standard,tendered,0.035
LD04477,L442,L070,"St. Louis, MO","Little Rock, AR",dry_van,auto parts,39436,False,2026-10-15T14:00,2026-10-15T22:00,2026-10-15T23:00,2026-10-16T23:00,371.5,1218.78,high,tendered,0.163
LD04751,L200,L272,"Miami, FL","Nashville, TN",dry_van,electronics,33176,False,2026-10-15T14:00,2026-10-15T20:00,2026-10-16T20:00,2026-10-17T08:00,993.4,3115.9,standard,accepted,0.028
LD00598,L466,L414,"Nashville, TN","Memphis, TN",reefer,meat,37071,False,2026-10-15T14:15,2026-10-15T20:15,2026-10-15T21:15,2026-10-16T03:15,234.8,893.21,standard,accepted,0.085
LD00773,L086,L283,"Memphis, TN","Newark, NJ",dry_van,auto parts,37574,False,2026-10-15T14:15,2026-10-15T22:15,2026-10-16T23:15,2026-10-17T03:15,1146.2,3052.82,standard,tendered,0.077
LD01046,L292,L336,"Houston, TX","Columbus, OH",flatbed,building materials,33434,False,2026-10-15T14:15,2026-10-15T20:15,2026-10-17T01:15,2026-10-17T09:15,1192.6,2883.82,standard,tendered,0.116
LD01687,L445,L130,"Los Angeles, CA","Memphis, TN",flatbed,building materials,25284,False,2026-10-15T14:15,2026-10-15T16:15,2026-10-18T09:15,2026-10-19T09:15,1939.4,4607.31,high,tendered,0.19
LD02038,L246,L485,"Columbus, OH","Nashville, TN",reefer,pharmaceuticals,28775,False,2026-10-15T14:15,2026-10-15T20:15,2026-10-16T00:15,2026-10-16T08:15,400.4,1285.45,high,accepted,0.126
LD02163,L071,L473,"Dallas, TX","Phoenix, AZ",reefer,produce,37307,False,2026-10-15T14:15,2026-10-15T20:15,2026-10-16T22:15,2026-10-17T04:15,1056.8,2906.38,standard,accepted,0.051
LD03731,L215,L460,"Oklahoma City, OK","Newark, NJ",dry_van,consumer goods,15567,False,2026-10-15T14:15,2026-10-15T16:15,2026-10-17T18:15,2026-10-18T02:15,1566.3,4015.7,standard,tendered,0.007
LD04168,L324,L403,"Houston, TX","Atlanta, GA",dry_van,electronics,35625,False,2026-10-15T14:15,2026-10-15T22:15,2026-10-16T16:15,2026-10-16T20:15,789.3,2163.1,standard,tendered,0.035
LD04912,L075,L095,"Chicago, IL","Newark, NJ",dry_van,auto parts,34697,False,2026-10-15T14:15,2026-10-15T16:15,2026-10-16T18:15,2026-10-17T06:15,847.9,2105.2,standard,tendered,0.073
LD00045,L215,L414,"Oklahoma City, OK","Memphis, TN",dry_van,retail,27049,False,2026-10-15T14:30,2026-10-15T18:30,2026-10-16T03:30,2026-10-16T15:30,519.7,1336.4,standard,tentative,0.161
LD00493,L481,L181,"Little Rock, AR","Harrisburg, PA",dry_van,electronics,42600,False,2026-10-15T14:30,2026-10-15T16:30,2026-10-17T00:30,2026-10-17T06:30,1079.8,2907.74,standard,tendered,0.044
LD01255,L086,L114,"Memphis, TN","Dallas, TX",dry_van,auto parts,20623,False,2026-10-15T14:30,2026-10-15T22:30,2026-10-16T01:30,2026-10-16T05:30,486.2,1394.06,standard,tendered,0.074
LD01360,L060,L439,"Dallas, TX","Oklahoma City, OK",dry_van,beverages,22456,False,2026-10-15T14:30,2026-10-15T22:30,2026-10-15T20:30,2026-10-16T20:30,228.9,734.64,standard,accepted,0.202
LD01482,L246,L410,"Columbus, OH","Louisville, KY",reefer,frozen food,22237,False,2026-10-15T14:30,2026-10-15T18:30,2026-10-15T21:30,2026-10-16T05:30,217.0,931.31,standard,accepted,0.085
LD01513,L439,L216,"Oklahoma City, OK","San Antonio, TX",reefer,meat,30606,False,2026-10-15T14:30,2026-10-15T18:30,2026-10-16T02:30,2026-10-16T08:30,510.9,1756.92,standard,tendered,0.121
LD02270,L403,L337,"Atlanta, GA","Laredo, TX",dry_van,paper products,32007,False,2026-10-15T14:30,2026-10-15T18:30,2026-10-16T23:30,2026-10-17T05:30,1174.8,2920.7,standard,accepted,0.119
LD02705,L373,L430,"Atlanta, GA","Minneapolis, MN",dry_van,beverages,20709,False,2026-10-15T14:30,2026-10-15T22:30,2026-10-16T23:30,2026-10-17T07:30,1117.0,2585.13,standard,tentative,0.03
LD03417,L343,L466,"Louisville, KY","Nashville, TN",dry_van,retail,34902,False,2026-10-15T14:30,2026-10-15T22:30,2026-10-15T22:30,2026-10-16T02:30,227.6,736.48,standard,accepted,0.04
LD04312,L230,L055,"San Antonio, TX","Louisville, KY",dry_van,retail,39990,False,2026-10-15T14:30,2026-10-15T16:30,2026-10-17T00:30,2026-10-17T04:30,1159.1,2818.62,standard,tendered,0.043
LD04555,L481,L318,"Little Rock, AR","Memphis, TN",reefer,dairy,29386,False,2026-10-15T14:30,2026-10-15T16:30,2026-10-15T21:30,2026-10-16T21:30,148.4,679.83,standard,tentative,0.002
LD00243,L219,L412,"Nashville, TN","Memphis, TN",dry_van,electronics,28485,False,2026-10-15T14:45,2026-10-15T16:45,2026-10-15T21:45,2026-10-16T03:45,223.8,734.4,standard,accepted,0.017
LD00377,L112,L125,"Columbus, OH","Dallas, TX",dry_van,auto parts,22366,False,2026-10-15T14:45,2026-10-15T20:45,2026-10-16T22:45,2026-10-17T04:45,1074.1,2868.94,critical,tendered,0.051
LD01083,L118,L370,"Houston, TX","Orlando, FL",reefer,frozen food,18573,False,2026-10-15T14:45,2026-10-15T18:45,2026-10-16T21:45,2026-10-17T03:45,1021.8,2910.02,standard,accepted,0.064
LD01503,L352,L158,"Chicago, IL","Atlanta, GA",dry_van,consumer goods,22002,True,2026-10-15T14:45,2026-10-15T22:45,2026-10-16T16:45,2026-10-17T00:45,703.1,1927.44,standard,tendered,0.008
LD01708,L453,L334,"Houston, TX","Chicago, IL",reefer,meat,22813,False,2026-10-15T14:45,2026-10-15T16:45,2026-10-16T22:45,2026-10-17T10:45,1126.7,3476.54,standard,tendered,0.024
LD01915,L200,L394,"Miami, FL","Minneapolis, MN",reefer,meat,23644,False,2026-10-15T14:45,2026-10-15T16:45,2026-10-18T07:45,2026-10-18T13:45,1819.9,6175.87,standard,tendered,0.024
LD01973,L414,L181,"Memphis, TN","Harrisburg, PA",dry_van,beverages,33895,False,2026-10-15T14:45,2026-10-15T16:45,2026-10-16T19:45,2026-10-16T23:45,927.1,2491.08,standard,accepted,0.051
LD02630,L358,L265,"Newark, NJ","Harrisburg, PA",dry_van,retail,35578,False,2026-10-15T14:45,2026-10-15T22:45,2026-10-15T20:45,2026-10-16T00:45,165.0,633.45,standard,tendered,0.02
LD03670,L389,L443,"Newark, NJ","Minneapolis, MN",dry_van,auto parts,37885,False,2026-10-15T14:45,2026-10-15T18:45,2026-10-17T10:45,2026-10-17T18:45,1213.4,2626.65,standard,accepted,0.046
LD04383,L244,L267,"Dallas, TX","Indianapolis, IN",dry_van,consumer goods,20762,False,2026-10-15T14:45,2026-10-15T16:45,2026-10-16T19:45,2026-10-17T07:45,904.7,2461.71,standard,tendered,0.023
LD04730,L319,L167,"Chicago, IL","Little Rock, AR",dry_van,retail,29609,False,2026-10-15T14:45,2026-10-15T16:45,2026-10-16T14:45,2026-10-16T22:45,662.5,1613.53,standard,tendered,0.117
LD00011,L406,L183,"Oklahoma City, OK","Louisville, KY",dry_van,paper products,23416,False,2026-10-15T15:00,2026-10-15T17:00,2026-10-16T18:00,2026-10-17T06:00,838.5,2123.87,standard,tendered,0.013
LD01004,L485,L270,"Nashville, TN","Detroit, MI",dry_van,retail,27016,False,2026-10-15T15:00,2026-10-15T19:00,2026-10-16T04:00,2026-10-16T10:00,569.5,1406.72,standard,tendered,0.087
LD01344,L185,L084,"Newark, NJ","St. Louis, MO",dry_van,retail,41020,False,2026-10-15T15:00,2026-10-15T17:00,2026-10-16T22:00,2026-10-17T04:00,1044.7,2591.42,standard,tendered,0.141
LD01499,L406,L336,"Oklahoma City, OK","Columbus, OH",dry_van,retail,34650,False,2026-10-15T15:00,2026-10-15T17:00,2026-10-16T21:00,2026-10-17T21:00,1022.8,2399.36,standard,tendered,0.036
LD01802,L406,L414,"Oklahoma City, OK","Memphis, TN",dry_van,consumer goods,31285,False,2026-10-15T15:00,2026-10-15T21:00,2026-10-16T02:00,2026-10-17T02:00,516.5,1540.98,standard,tendered,0.097
LD01902,L458,L102,"Houston, TX","Indianapolis, IN",reefer,frozen food,18096,False,2026-10-15T15:00,2026-10-15T19:00,2026-10-16T22:00,2026-10-17T02:00,1067.9,3067.0,standard,tendered,0.272
LD04046,L292,L216,"Houston, TX","San Antonio, TX",dry_van,electronics,37271,False,2026-10-15T15:00,2026-10-15T21:00,2026-10-15T22:00,2026-10-16T10:00,220.3,756.04,standard,tendered,0.168
LD04505,L062,L124,"Laredo, TX","Detroit, MI",dry_van,beverages,37481,False,2026-10-15T15:00,2026-10-15T17:00,2026-10-17T20:00,2026-10-18T00:00,1640.7,3431.68,standard,tendered,0.265
LD04938,L451,L228,"Louisville, KY","Houston, TX",dry_van,electronics,36545,False,2026-10-15T15:00,2026-10-15T19:00,2026-10-16T22:00,2026-10-17T10:00,976.0,2583.11,standard,tendered,0.043
LD00259,L175,L066,"Dallas, TX","Chicago, IL",dry_van,paper products,21389,False,2026-10-15T15:15,2026-10-15T17:15,2026-10-16T21:15,2026-10-17T05:15,984.9,2362.49,standard,tendered,0.033
LD02429,L358,L336,"Newark, NJ","Columbus, OH",dry_van,electronics,41803,False,2026-10-15T15:15,2026-10-15T17:15,2026-10-16T04:15,2026-10-16T12:15,577.9,1486.32,standard,accepted,0.009
LD02436,L043,L286,"Chicago, IL","Detroit, MI",dry_van,electronics,40695,False,2026-10-15T15:15,2026-10-15T21:15,2026-10-15T23:15,2026-10-16T07:15,280.7,951.72,standard,accepted,0.022
LD03228,L172,L105,"New Orleans, LA","Kansas City, MO",dry_van,consumer goods,37978,False,2026-10-15T15:15,2026-10-15T23:15,2026-10-16T18:15,2026-10-17T06:15,793.7,2151.1,standard,tendered,0.106
LD03406,L049,L367,"Memphis, TN","Atlanta, GA",dry_van,auto parts,12158,False,2026-10-15T15:15,2026-10-15T17:15,2026-10-16T01:15,2026-10-16T07:15,401.7,1132.36,standard,tendered,0.099
LD00486,L444,L287,"Phoenix, AZ","Atlanta, GA",dry_van,electronics,33442,False,2026-10-15T15:30,2026-10-15T21:30,2026-10-18T10:30,2026-10-19T10:30,1877.9,4457.64,standard,accepted,0.034
LD01458,L496,L356,"Jacksonville, FL","New Orleans, LA",dry_van,auto parts,40502,False,2026-10-15T15:30,2026-10-15T21:30,2026-10-16T14:30,2026-10-16T22:30,615.4,1496.81,standard,accepted,0.048
LD01617,L259,L114,"Minneapolis, MN","Dallas, TX",reefer,dairy,25330,False,2026-10-15T15:30,2026-10-15T17:30,2026-10-16T21:30,2026-10-17T01:30,1025.5,3039.04,standard,tendered,0.067
LD02594,L375,L414,"Columbus, OH","Memphis, TN",dry_van,electronics,41161,False,2026-10-15T15:30,2026-10-15T17:30,2026-10-16T03:30,2026-10-17T03:30,595.9,1710.62,standard,accepted,0.081
LD03729,L458,L120,"Houston, TX","Austin, TX",dry_van,consumer goods,34880,False,2026-10-15T15:30,2026-10-15T17:30,2026-10-15T19:30,2026-10-16T19:30,158.3,666.14,standard,tentative,0.082
LD00059,L453,L341,"Houston, TX","Charlotte, NC",dry_van,retail,29596,False,2026-10-15T15:45,2026-10-15T17:45,2026-10-16T22:45,2026-10-17T06:45,1092.9,2927.86,standard,tendered,0.024
LD01388,L422,L182,"Phoenix, AZ","Denver, CO",dry_van,electronics,24069,False,2026-10-15T15:45,2026-10-15T17:45,2026-10-16T15:45,2026-10-16T19:45,685.6,1974.66,high,tendered,0.223
LD01492,L067,L402,"Houston, TX","Miami, FL",reefer,produce,30571,False,2026-10-15T15:45,2026-10-15T17:45,2026-10-17T02:45,2026-10-17T06:45,1169.7,3176.19,high,accepted,0.263
LD01827,L215,L430,"Oklahoma City, OK","Minneapolis, MN",dry_van,auto parts,35971,False,2026-10-15T15:45,2026-10-15T19:45,2026-10-16T20:45,2026-10-17T00:45,828.7,1890.94,standard,tendered,0.345
LD02351,L212,L325,"Austin, TX","Indianapolis, IN",dry_van,retail,29723,False,2026-10-15T15:45,2026-10-15T17:45,2026-10-17T00:45,2026-10-17T06:45,1114.4,2702.91,standard,tendered,0.041
LD02837,L100,L288,"Charlotte, NC","Miami, FL",dry_van,retail,38868,False,2026-10-15T15:45,2026-10-15T19:45,2026-10-16T17:45,2026-10-16T21:45,763.1,1944.38,standard,tendered,0.058
LD03138,L292,L427,"Houston, TX","Atlanta, GA",dry_van,auto parts,35688,False,2026-10-15T15:45,2026-10-15T17:45,2026-10-16T20:45,2026-10-17T02:45,862.8,2153.54,standard,tentative,0.087
LD03299,L458,L471,"Houston, TX","Charlotte, NC",dry_van,consumer goods,32446,False,2026-10-15T15:45,2026-10-15T17:45,2026-10-16T23:45,2026-10-17T03:45,1141.7,2729.34,standard,tentative,0.037
LD00206,L458,L409,"Houston, TX","Columbus, OH",reefer,meat,15465,False,2026-10-15T16:00,2026-10-16T00:00,2026-10-17T12:00,2026-10-17T16:00,1229.0,3333.56,standard,tendered,0.078
LD00561,L086,L416,"Memphis, TN","Chicago, IL",dry_van,paper products,22108,False,2026-10-15T16:00,2026-10-15T22:00,2026-10-16T05:00,2026-10-16T17:00,601.3,1701.87,standard,accepted,0.072
LD00849,L180,L168,"New Orleans, LA","Jacksonville, FL",dry_van,auto parts,19325,False,2026-10-15T16:00,2026-10-15T18:00,2026-10-16T16:00,2026-10-16T22:00,615.0,1576.13,standard,tentative,0.045
LD01498,L342,L077,"Chicago, IL","Jacksonville, FL",dry_van,auto parts,32385,False,2026-10-15T16:00,2026-10-16T00:00,2026-10-16T22:00,2026-10-17T02:00,1038.4,2429.78,standard,accepted,0.025
LD02792,L157,L368,"Dallas, TX","Oklahoma City, OK",reefer,pharmaceuticals,35811,False,2026-10-15T16:00,2026-10-15T18:00,2026-10-15T23:00,2026-10-16T07:00,238.5,953.24,high,tendered,0.143
LD02855,L086,L464,"Memphis, TN","Louisville, KY",dry_van,auto parts,35039,False,2026-10-15T16:00,2026-10-16T00:00,2026-10-16T01:00,2026-10-16T05:00,390.6,1059.4,standard,tendered,0.095
LD02902,L491,L182,"Minneapolis, MN","Denver, CO",reefer,meat,26851,False,2026-10-15T16:00,2026-10-15T18:00,2026-10-16T19:00,2026-10-17T07:00,865.3,2382.14,standard,tendered,0.072
LD03026,L135,L284,"Dallas, TX","Atlanta, GA",dry_van,consumer goods,31850,False,2026-10-15T16:00,2026-10-15T22:00,2026-10-16T20:00,2026-10-17T08:00,862.6,2242.98,standard,tendered,0.051
LD03540,L157,L485,"Dallas, TX","Nashville, TN",dry_van,beverages,31013,False,2026-10-15T16:00,2026-10-15T20:00,2026-10-16T18:00,2026-10-17T02:00,738.9,1957.25,standard,tendered,0.04
LD04490,L337,L340,"Laredo, TX","Detroit, MI",flatbed,pipe,28094,False,2026-10-15T16:00,2026-10-15T20:00,2026-10-17T22:00,2026-10-18T22:00,1651.6,4179.4,standard,accepted,0.07
LD00305,L138,L334,"Little Rock, AR","Chicago, IL",dry_van,electronics,39930,False,2026-10-15T16:15,2026-10-15T20:15,2026-10-16T16:15,2026-10-17T04:15,655.0,1668.74,standard,tendered,0.095
LD01169,L101,L056,"Birmingham, AL","Minneapolis, MN",dry_van,beverages,36900,False,2026-10-15T16:15,2026-10-16T00:15,2026-10-16T23:15,2026-10-17T23:15,1018.0,2693.93,standard,tendered,0.012
LD01500,L085,L371,"Minneapolis, MN","Chicago, IL",reefer,produce,29496,False,2026-10-15T16:15,2026-10-15T18:15,2026-10-16T02:15,2026-10-16T06:15,433.2,1392.48,standard,tendered,0.024
LD01538,L311,L339,"Los Angeles, CA","Denver, CO",flatbed,machinery,43205,False,2026-10-15T16:15,2026-10-15T18:15,2026-10-16T22:15,2026-10-17T02:15,1016.8,2975.2,standard,accepted,0.06
LD02294,L458,L316,"Houston, TX","New Orleans, LA",dry_van,beverages,32998,False,2026-10-15T16:15,2026-10-16T00:15,2026-10-16T01:15,2026-10-16T13:15,397.3,1234.17,high,tendered,0.128
LD02590,L049,L222,"Memphis, TN","Dallas, TX",dry_van,electronics,16210,False,2026-10-15T16:15,2026-10-16T00:15,2026-10-16T04:15,2026-10-16T12:15,502.3,1358.65,standard,tendered,0.037
LD03811,L315,L463,"Harrisburg, PA","Indianapolis, IN",dry_van,beverages,24120,False,2026-10-15T16:15,2026-10-16T00:15,2026-10-16T05:15,2026-10-16T13:15,580.0,1517.96,standard,tentative,0.06
LD04251,L172,L487,"New Orleans, LA","Dallas, TX",dry_van,electronics,33464,False,2026-10-15T16:15,2026-10-15T20:15,2026-10-16T04:15,2026-10-16T12:15,530.0,1462.9,standard,tendered,0.053
LD04724,L317,L215,"Little Rock, AR","Oklahoma City, OK",dry_van,beverages,26804,False,2026-10-15T16:15,2026-10-16T00:15,2026-10-16T01:15,2026-10-16T09:15,362.4,1112.36,standard,accepted,0.119
LD01481,L311,L350,"Los Angeles, CA","Dallas, TX",flatbed,lumber,29902,False,2026-10-15T16:30,2026-10-16T00:30,2026-10-17T18:30,2026-10-18T00:30,1517.7,4007.44,standard,tendered,0.111
LD02777,L086,L237,"Memphis, TN","Nashville, TN",flatbed,building materials,29375,False,2026-10-15T16:30,2026-10-16T00:30,2026-10-15T22:30,2026-10-16T10:30,230.7,892.24,standard,tendered,0.054
LD03140,L138,L210,"Little Rock, AR","Detroit, MI",dry_van,beverages,32564,False,2026-10-15T16:30,2026-10-15T20:30,2026-10-16T20:30,2026-10-17T02:30,864.3,1965.61,standard,tendered,0.06
LD04956,L097,L420,"Denver, CO","Indianapolis, IN",dry_van,consumer goods,30345,False,2026-10-15T16:30,2026-10-16T00:30,2026-10-17T03:30,2026-10-18T03:30,1191.0,3509.06,standard,tendered,0.101
LD00286,L343,L099,"Louisville, KY","Dallas, TX",dry_van,retail,12357,False,2026-10-15T16:45,2026-10-15T18:45,2026-10-16T22:45,2026-10-17T02:45,883.1,2076.05,standard,accepted,0.095
LD01625,L099,L254,"Dallas, TX","Chicago, IL",dry_van,electronics,31603,False,2026-10-15T16:45,2026-10-15T18:45,2026-10-16T22:45,2026-10-17T06:45,975.5,2362.6,high,tendered,0.096
LD02189,L453,L466,"Houston, TX","Nashville, TN",dry_van,auto parts,35017,False,2026-10-15T16:45,2026-10-15T20:45,2026-10-16T18:45,2026-10-17T00:45,791.8,2219.56,standard,tendered,0.048
LD02794,L049,L156,"Memphis, TN","Charlotte, NC",dry_van,paper products,35054,False,2026-10-15T16:45,2026-10-16T00:45,2026-10-16T16:45,2026-10-17T04:45,625.6,1703.07,standard,tendered,0.008
LD02876,L419,L484,"Charlotte, NC","Indianapolis, IN",dry_van,paper products,34124,False,2026-10-15T16:45,2026-10-15T20:45,2026-10-16T05:45,2026-10-16T11:45,501.9,1482.79,standard,accepted,0.09
LD02949,L381,L435,"Los Angeles, CA","Chicago, IL",reefer,dairy,30743,False,2026-10-15T16:45,2026-10-15T18:45,2026-10-18T15:45,2026-10-18T23:45,2103.7,6227.15,standard,accepted,0.081
LD04221,L045,L410,"Oklahoma City, OK","Louisville, KY",flatbed,steel,25241,False,2026-10-15T16:45,2026-10-15T20:45,2026-10-16T21:45,2026-10-17T05:45,821.4,2398.13,standard,tendered,0.018
LD04355,L062,L267,"Laredo, TX","Indianapolis, IN",reefer,dairy,34284,False,2026-10-15T16:45,2026-10-15T22:45,2026-10-17T16:45,2026-10-18T16:45,1353.4,3616.18,standard,tentative,0.033
LD04871,L459,L248,"Houston, TX","Laredo, TX",dry_van,retail,28126,False,2026-10-15T16:45,2026-10-15T18:45,2026-10-16T02:45,2026-10-16T08:45,383.0,1126.39,critical,tendered,0.092
LD01165,L456,L457,"Memphis, TN","Dallas, TX",dry_van,consumer goods,36662,True,2026-10-15T17:00,2026-10-16T01:00,2026-10-16T06:00,2026-10-16T12:00,503.2,1342.42,standard,tendered,0.028
LD01908,L141,L270,"Oklahoma City, OK","Detroit, MI",flatbed,steel,32229,False,2026-10-15T17:00,2026-10-15T21:00,2026-10-17T02:00,2026-10-17T06:00,1075.6,2927.63,high,accepted,0.066
LD03844,L317,L105,"Little Rock, AR","Kansas City, MO",dry_van,electronics,32050,False,2026-10-15T17:00,2026-10-15T23:00,2026-10-16T02:00,2026-10-17T02:00,370.3,1078.92,standard,accepted,0.087
LD00098,L332,L394,"Indianapolis, IN","Minneapolis, MN",dry_van,retail,37035,False,2026-10-15T17:15,2026-10-15T21:15,2026-10-16T18:15,2026-10-17T18:15,625.1,1730.22,standard,tentative,0.062
LD00562,L100,L109,"Charlotte, NC","Dallas, TX",dry_van,electronics,37564,False,2026-10-15T17:15,2026-10-15T21:15,2026-10-17T01:15,2026-10-17T05:15,1086.0,2470.43,standard,tentative,0.104
LD00654,L452,L408,"Chicago, IL","Charlotte, NC",dry_van,beverages,27171,False,2026-10-15T17:15,2026-10-16T01:15,2026-10-16T17:15,2026-10-17T17:15,677.9,1660.59,critical,accepted,0.031
LD01366,L277,L130,"Kansas City, MO","Memphis, TN",dry_van,retail,31397,False,2026-10-15T17:15,2026-10-16T01:15,2026-10-16T04:15,2026-10-17T04:15,454.1,1404.98,standard,tentative,0.023
LD02116,L439,L482,"Oklahoma City, OK","Orlando, FL",dry_van,paper products,20423,False,2026-10-15T17:15,2026-10-15T19:15,2026-10-17T15:15,2026-10-17T21:15,1292.8,2897.27,high,tendered,0.033
LD03571,L127,L492,"Indianapolis, IN","Charlotte, NC",reefer,dairy,16076,False,2026-10-15T17:15,2026-10-16T01:15,2026-10-16T04:15,2026-10-16T08:15,520.3,1553.09,high,tendered,0.012
LD03711,L444,L287,"Phoenix, AZ","Atlanta, GA",dry_van,consumer goods,33645,False,2026-10-15T17:15,2026-10-16T01:15,2026-10-18T12:15,2026-10-19T00:15,1877.9,5274.52,high,accepted,0.036
LD00023,L185,L051,"Newark, NJ","Indianapolis, IN",dry_van,auto parts,35943,False,2026-10-15T17:30,2026-10-16T01:30,2026-10-16T20:30,2026-10-17T02:30,778.5,1949.79,standard,tendered,0.05
LD02740,L100,L185,"Charlotte, NC","Newark, NJ",flatbed,steel,37374,False,2026-10-15T17:30,2026-10-15T19:30,2026-10-16T17:30,2026-10-17T17:30,652.5,2103.07,critical,tendered,0.052
LD04149,L388,L297,"Louisville, KY","Jacksonville, FL",dry_van,auto parts,35847,False,2026-10-15T17:30,2026-10-16T01:30,2026-10-16T17:30,2026-10-17T05:30,723.8,1891.49,standard,accepted,0.128
LD01286,L093,L279,"Houston, TX","Columbus, OH",reefer,dairy,30598,False,2026-10-15T17:45,2026-10-15T19:45,2026-10-17T15:45,2026-10-18T03:45,1256.8,3474.22,standard,tendered,0.009
LD02292,L127,L068,"Indianapolis, IN","San Antonio, TX",dry_van,retail,34679,False,2026-10-15T17:45,2026-10-16T01:45,2026-10-17T03:45,2026-10-17T07:45,1187.0,2553.41,standard,accepted,0.01
LD02835,L129,L287,"New Orleans, LA","Atlanta, GA",dry_van,auto parts,21916,False,2026-10-15T17:45,2026-10-15T23:45,2026-10-16T04:45,2026-10-16T16:45,496.1,1265.1,critical,tentative,0.036
LD03374,L297,L109,"Jacksonville, FL","Dallas, TX",dry_van,consumer goods,28262,False,2026-10-15T17:45,2026-10-15T21:45,2026-10-17T01:45,2026-10-17T13:45,1086.3,2498.81,high,tentative,0.044
LD04225,L315,L202,"Harrisburg, PA","Atlanta, GA",dry_van,beverages,23844,False,2026-10-15T17:45,2026-10-15T21:45,2026-10-16T19:45,2026-10-16T23:45,706.6,1733.57,standard,accepted,0.05
LD04446,L378,L283,"Kansas City, MO","Newark, NJ",dry_van,retail,25144,False,2026-10-15T17:45,2026-10-15T23:45,2026-10-17T14:45,2026-10-17T18:45,1303.6,3283.57,standard,tendered,0.075
LD00530,L425,L176,"Houston, TX","Denver, CO",dry_van,auto parts,30002,False,2026-10-15T18:00,2026-10-15T20:00,2026-10-17T02:00,2026-10-18T02:00,1023.1,2362.65,standard,accepted,0.122
LD00730,L148,L367,"Houston, TX","Atlanta, GA",dry_van,electronics,38326,False,2026-10-15T18:00,2026-10-15T22:00,2026-10-16T22:00,2026-10-17T06:00,838.8,2149.65,standard,tentative,0.024
LD01296,L451,L164,"Louisville, KY","San Antonio, TX",dry_van,retail,29682,False,2026-10-15T18:00,2026-10-15T22:00,2026-10-17T03:00,2026-10-18T03:00,1097.7,2963.23,standard,accepted,0.011
LD01818,L119,L322,"New Orleans, LA","Kansas City, MO",dry_van,auto parts,41562,False,2026-10-15T18:00,2026-10-16T00:00,2026-10-16T22:00,2026-10-17T04:00,814.8,1881.37,standard,accepted,0.093
LD03076,L358,L373,"Newark, NJ","Atlanta, GA",dry_van,consumer goods,15896,False,2026-10-15T18:00,2026-10-16T02:00,2026-10-16T23:00,2026-10-17T11:00,888.0,2373.9,standard,tendered,0.008
LD03317,L485,L256,"Nashville, TN","Harrisburg, PA",dry_van,consumer goods,28090,False,2026-10-15T18:00,2026-10-16T02:00,2026-10-16T20:00,2026-10-17T20:00,727.6,1979.61,standard,tendered,0.021
LD04311,L339,L188,"Denver, CO","Phoenix, AZ",flatbed,steel,24377,False,2026-10-15T18:00,2026-10-15T22:00,2026-10-16T19:00,2026-10-17T07:00,683.5,2328.72,high,tendered,0.009
LD00235,L155,L215,"Los Angeles, CA","Oklahoma City, OK",reefer,produce,25157,False,2026-10-15T18:15,2026-10-15T20:15,2026-10-17T17:15,2026-10-18T05:15,1385.8,3599.77,standard,tendered,0.033
LD00423,L483,L228,"St. Louis, MO","Houston, TX",dry_van,auto parts,32469,False,2026-10-15T18:15,2026-10-15T20:15,2026-10-16T21:15,2026-10-17T01:15,823.4,2108.24,high,accepted,0.053
LD00518,L336,L434,"Columbus, OH","Jacksonville, FL",dry_van,retail,23358,False,2026-10-15T18:15,2026-10-16T02:15,2026-10-16T21:15,2026-10-17T03:15,800.8,1973.5,standard,tendered,0.088
LD00652,L339,L081,"Denver, CO","Laredo, TX",reefer,pharmaceuticals,25525,False,2026-10-15T18:15,2026-10-15T20:15,2026-10-17T03:15,2026-10-17T15:15,1088.4,3555.27,standard,tendered,0.127
LD01671,L079,L288,"Indianapolis, IN","Miami, FL",flatbed,lumber,29381,False,2026-10-15T18:15,2026-10-15T20:15,2026-10-17T15:15,2026-10-18T15:15,1250.6,3456.71,standard,accepted,0.01
LD02698,L466,L370,"Nashville, TN","Orlando, FL",dry_van,consumer goods,24045,False,2026-10-15T18:15,2026-10-15T20:15,2026-10-16T20:15,2026-10-17T00:15,719.0,1686.97,standard,tendered,0.013
LD04816,L315,L124,"Harrisburg, PA","Detroit, MI",reefer,produce,20954,False,2026-10-15T18:15,2026-10-15T22:15,2026-10-16T04:15,2026-10-16T10:15,407.2,1304.67,standard,accepted,0.009
LD00039,L242,L415,"Little Rock, AR","Chicago, IL",dry_van,beverages,24174,False,2026-10-15T18:30,2026-10-15T22:30,2026-10-16T19:30,2026-10-17T03:30,664.4,1614.79,standard,tendered,0.06
LD00253,L043,L111,"Chicago, IL","Newark, NJ",dry_van,consumer goods,34902,False,2026-10-15T18:30,2026-10-15T20:30,2026-10-16T22:30,2026-10-17T02:30,845.3,2207.56,standard,tendered,0.009
LD00763,L483,L315,"St. Louis, MO","Harrisburg, PA",dry_van,beverages,33027,False,2026-10-15T18:30,2026-10-15T22:30,2026-10-16T22:30,2026-10-17T10:30,880.0,2212.94,standard,tendered,0.046
LD00891,L116,L043,"Charlotte, NC","Chicago, IL",dry_van,auto parts,26430,False,2026-10-15T18:30,2026-10-15T20:30,2026-10-16T19:30,2026-10-17T07:30,677.1,1673.53,standard,accepted,0.073
LD02230,L086,L349,"Memphis, TN","Charlotte, NC",reefer,dairy,36146,False,2026-10-15T18:30,2026-10-15T20:30,2026-10-16T17:30,2026-10-16T21:30,644.5,1975.12,standard,tendered,0.027
LD01265,L183,L068,"Louisville, KY","San Antonio, TX",dry_van,paper products,15052,False,2026-10-15T18:45,2026-10-16T02:45,2026-10-17T03:45,2026-10-17T09:45,1153.3,3108.18,standard,accepted,0.01
LD01640,L265,L192,"Harrisburg, PA","Chicago, IL",dry_van,beverages,28487,False,2026-10-15T18:45,2026-10-15T20:45,2026-10-16T19:45,2026-10-17T19:45,711.9,2007.77,standard,tendered,0.041
LD02606,L045,L274,"Oklahoma City, OK","St. Louis, MO",flatbed,building materials,13547,False,2026-10-15T18:45,2026-10-15T22:45,2026-10-16T08:45,2026-10-16T20:45,548.3,1786.0,standard,tendered,0.031
LD02829,L317,L339,"Little Rock, AR","Denver, CO",dry_van,consumer goods,31247,False,2026-10-15T18:45,2026-10-15T20:45,2026-10-16T23:45,2026-10-17T07:45,929.4,2478.59,standard,accepted,0.039
LD02978,L442,L056,"St. Louis, MO","Minneapolis, MN",dry_van,retail,17590,False,2026-10-15T18:45,2026-10-16T00:45,2026-10-16T07:45,2026-10-16T11:45,554.6,1477.06,standard,accepted,0.097
LD03058,L057,L130,"Oklahoma City, OK","Memphis, TN",dry_van,beverages,42969,False,2026-10-15T18:45,2026-10-16T00:45,2026-10-16T06:45,2026-10-16T14:45,536.4,1386.27,standard,tentative,0.106
LD00038,L423,L142,"St. Louis, MO","Atlanta, GA",flatbed,building materials,30252,False,2026-10-15T19:00,2026-10-15T21:00,2026-10-16T07:00,2026-10-17T07:00,569.7,1730.34,standard,tendered,0.019
LD00374,L086,L287,"Memphis, TN","Atlanta, GA",dry_van,auto parts,33640,False,2026-10-15T19:00,2026-10-15T23:00,2026-10-16T04:00,2026-10-16T08:00,412.2,1123.1,standard,tendered,0.014
LD00720,L054,L055,"Austin, TX","Louisville, KY",dry_van,retail,24779,False,2026-10-15T19:00,2026-10-16T03:00,2026-10-17T02:00,2026-10-17T10:00,1082.8,2396.69,standard,tentative,0.022
LD00887,L139,L274,"Jacksonville, FL","St. Louis, MO",reefer,meat,35624,False,2026-10-15T19:00,2026-10-15T21:00,2026-10-16T23:00,2026-10-17T03:00,893.1,2718.59,high,tendered,0.062
LD01873,L305,L404,"Los Angeles, CA","Kansas City, MO",dry_van,consumer goods,31006,True,2026-10-15T19:00,2026-10-16T01:00,2026-10-17T22:00,2026-10-18T22:00,1602.0,3765.2,critical,tendered,0.026
LD03268,L289,L404,"Harrisburg, PA","Kansas City, MO",dry_van,beverages,12606,False,2026-10-15T19:00,2026-10-15T21:00,2026-10-17T05:00,2026-10-17T11:00,1132.9,2596.24,standard,accepted,0.015
LD04600,L045,L476,"Oklahoma City, OK","Chicago, IL",reefer,meat,23855,False,2026-10-15T19:00,2026-10-15T21:00,2026-10-17T00:00,2026-10-17T12:00,837.7,2312.86,standard,tendered,0.092
LD01127,L185,L373,"Newark, NJ","Atlanta, GA",dry_van,consumer goods,32742,False,2026-10-15T19:30,2026-10-15T23:30,2026-10-16T23:30,2026-10-17T07:30,869.8,2152.81,standard,tendered,0.064
LD03046,L405,L439,"St. Louis, MO","Oklahoma City, OK",dry_van,consumer goods,26743,False,2026-10-15T19:30,2026-10-15T21:30,2026-10-16T08:30,2026-10-16T16:30,561.1,1430.57,high,tendered,0.09
LD03623,L067,L042,"Houston, TX","Chicago, IL",dry_van,consumer goods,36079,False,2026-10-15T19:30,2026-10-15T21:30,2026-10-17T04:30,2026-10-17T12:30,1064.6,2891.93,standard,tendered,0.013
LD03874,L450,L347,"Indianapolis, IN","Dallas, TX",dry_van,consumer goods,38550,False,2026-10-15T19:30,2026-10-15T21:30,2026-10-17T01:30,2026-10-17T09:30,951.3,2478.09,standard,tendered,0.051
LD04328,L450,L492,"Indianapolis, IN","Charlotte, NC",reefer,meat,14560,False,2026-10-15T19:30,2026-10-15T23:30,2026-10-16T06:30,2026-10-16T10:30,477.9,1709.34,standard,tendered,0.021
LD00003,L414,L353,"Memphis, TN","Atlanta, GA",dry_van,auto parts,11425,False,2026-10-15T19:45,2026-10-16T01:45,2026-10-16T05:45,2026-10-16T13:45,401.9,1234.67,standard,tendered,0.05
LD00122,L054,L338,"Austin, TX","Dallas, TX",dry_van,beverages,26859,False,2026-10-15T19:45,2026-10-16T03:45,2026-10-16T01:45,2026-10-16T09:45,250.3,772.39,standard,tendered,0.001
LD02265,L337,L275,"Laredo, TX","Atlanta, GA",dry_van,auto parts,26230,False,2026-10-15T19:45,2026-10-16T01:45,2026-10-17T07:45,2026-10-17T13:45,1196.6,2724.92,standard,tendered,0.027
LD03034,L456,L464,"Memphis, TN","Louisville, KY",flatbed,building materials,40615,False,2026-10-15T19:45,2026-10-15T23:45,2026-10-16T06:45,2026-10-16T12:45,381.0,1370.72,standard,tendered,0.039
LD04852,L045,L053,"Oklahoma City, OK","Dallas, TX",dry_van,paper products,19275,False,2026-10-15T19:45,2026-10-16T03:45,2026-10-16T03:45,2026-10-16T09:45,240.6,813.46,standard,tentative,0.045
LD01026,L405,L099,"St. Louis, MO","Dallas, TX",dry_van,consumer goods,24286,False,2026-10-15T20:00,2026-10-16T04:00,2026-10-16T20:00,2026-10-17T02:00,648.5,1618.9,standard,accepted,0.066
LD03320,L359,L320,"Orlando, FL","Atlanta, GA",reefer,pharmaceuticals,34675,False,2026-10-15T20:00,2026-10-16T02:00,2026-10-16T06:00,2026-10-16T12:00,462.9,1780.13,standard,tendered,0.0
LD03000,L342,L315,"Chicago, IL","Harrisburg, PA",flatbed,pipe,24667,False,2026-10-15T20:15,2026-10-16T00:15,2026-10-16T20:15,2026-10-17T20:15,671.6,1994.46,standard,tendered,0.068
LD04619,L344,L206,"Laredo, TX","Oklahoma City, OK",dry_van,consumer goods,22961,False,2026-10-15T20:15,2026-10-15T22:15,2026-10-16T20:15,2026-10-17T20:15,643.4,1580.8,standard,accepted,0.063
LD00583,L411,L214,"Austin, TX","Newark, NJ",reefer,frozen food,23876,True,2026-10-15T20:30,2026-10-16T02:30,2026-10-18T03:30,2026-10-18T11:30,1799.8,5092.73,standard,tentative,0.054
LD01418,L453,L490,"Houston, TX","Phoenix, AZ",dry_van,electronics,23514,False,2026-10-15T20:30,2026-10-16T02:30,2026-10-17T16:30,2026-10-18T16:30,1246.1,2829.95,standard,tendered,0.052
LD02325,L093,L379,"Houston, TX","Laredo, TX",dry_van,beverages,26201,False,2026-10-15T20:30,2026-10-16T04:30,2026-10-16T04:30,2026-10-16T12:30,280.7,981.62,standard,accepted,0.03
LD03958,L067,L449,"Houston, TX","Indianapolis, IN",flatbed,building materials,20081,False,2026-10-15T20:30,2026-10-16T04:30,2026-10-17T03:30,2026-10-17T11:30,982.7,2433.83,standard,tendered,0.109
LD02099,L378,L390,"Kansas City, MO","Houston, TX",dry_van,retail,23550,False,2026-10-15T20:45,2026-10-15T22:45,2026-10-16T21:45,2026-10-17T03:45,772.3,1801.5,standard,accepted,0.081
LD02043,L456,L147,"Memphis, TN","Columbus, OH",dry_van,retail,26546,False,2026-10-16T00:00,2026-10-16T04:00,2026-10-16T15:00,2026-10-16T23:00,602.7,1728.34,high,tendered,0.086
LD04583,L224,L468,"Columbus, OH","Newark, NJ",dry_van,retail,24660,False,2026-10-16T00:00,2026-10-16T06:00,2026-10-16T14:00,2026-10-16T22:00,593.4,1631.23,standard,tentative,0.051
LD01669,L199,L325,"Phoenix, AZ","Indianapolis, IN",reefer,dairy,35960,False,2026-10-16T00:15,2026-10-16T02:15,2026-10-18T07:15,2026-10-18T11:15,1789.1,5672.85,standard,tendered,0.071
LD01823,L086,L394,"Memphis, TN","Minneapolis, MN",reefer,frozen food,37344,False,2026-10-16T00:15,2026-10-16T08:15,2026-10-17T03:15,2026-10-17T11:15,831.9,2343.93,standard,tendered,0.146
LD02397,L289,L140,"Harrisburg, PA","Kansas City, MO",dry_van,beverages,35177,False,2026-10-16T00:15,2026-10-16T04:15,2026-10-17T10:15,2026-10-18T10:15,1125.4,2486.25,standard,tendered,0.019
LD01959,L451,L291,"Louisville, KY","Houston, TX",dry_van,electronics,15421,False,2026-10-16T00:30,2026-10-16T04:30,2026-10-17T07:30,2026-10-18T07:30,991.6,2204.9,standard,tendered,0.056
LD04005,L414,L386,"Memphis, TN","Oklahoma City, OK",dry_van,electronics,22775,False,2026-10-16T00:30,2026-10-16T08:30,2026-10-16T12:30,2026-10-16T20:30,505.9,1511.37,standard,tendered,0.032
LD00855,L344,L363,"Laredo, TX","Houston, TX",dry_van,retail,33576,False,2026-10-16T00:45,2026-10-16T04:45,2026-10-16T09:45,2026-10-17T09:45,349.2,1027.02,standard,tendered,0.055
LD03828,L368,L243,"Oklahoma City, OK","Kansas City, MO",dry_van,consumer goods,37417,False,2026-10-16T00:45,2026-10-16T02:45,2026-10-16T11:45,2026-10-17T11:45,388.4,1208.07,critical,tendered,0.037
LD04195,L361,L128,"Little Rock, AR","Miami, FL",dry_van,paper products,18314,False,2026-10-16T00:45,2026-10-16T02:45,2026-10-17T09:45,2026-10-17T15:45,1116.2,2949.49,standard,tendered,0.046
LD01975,L456,L215,"Memphis, TN","Oklahoma City, OK",dry_van,paper products,27062,False,2026-10-16T01:00,2026-10-16T07:00,2026-10-16T14:00,2026-10-16T20:00,498.4,1361.69,standard,accepted,0.064
LD02525,L079,L339,"Indianapolis, IN","Denver, CO",dry_van,retail,9904,False,2026-10-16T01:00,2026-10-16T03:00,2026-10-17T10:00,2026-10-17T14:00,1159.6,2677.71,standard,accepted,0.032
LD03878,L093,L484,"Houston, TX","Indianapolis, IN",dry_van,auto parts,31786,False,2026-10-16T01:00,2026-10-16T05:00,2026-10-17T10:00,2026-10-18T10:00,1097.9,2498.03,standard,tendered,0.03
LD01256,L337,L160,"Laredo, TX","San Antonio, TX",flatbed,machinery,26725,False,2026-10-16T01:15,2026-10-16T07:15,2026-10-16T09:15,2026-10-16T13:15,198.2,823.9,standard,tendered,0.049
LD03872,L062,L119,"Laredo, TX","New Orleans, LA",dry_van,beverages,42928,False,2026-10-16T01:15,2026-10-16T03:15,2026-10-17T03:15,2026-10-18T03:15,689.0,1985.47,standard,tendered,0.042
LD04820,L045,L480,"Oklahoma City, OK","Birmingham, AL",flatbed,lumber,20073,False,2026-10-16T01:15,2026-10-16T03:15,2026-10-17T05:15,2026-10-17T17:15,761.5,2082.94,high,tendered,0.103
LD01314,L438,L337,"Dallas, TX","Laredo, TX",dry_van,beverages,24193,False,2026-10-16T01:30,2026-10-16T05:30,2026-10-16T12:30,2026-10-17T12:30,480.1,1361.27,standard,accepted,0.074
LD01433,L343,L082,"Louisville, KY","Phoenix, AZ",dry_van,paper products,33302,False,2026-10-16T01:30,2026-10-16T05:30,2026-10-18T10:30,2026-10-18T16:30,1790.0,4074.75,standard,accepted,0.154
LD03643,L456,L470,"Memphis, TN","Los Angeles, CA",dry_van,beverages,39818,False,2026-10-16T01:30,2026-10-16T09:30,2026-10-18T22:30,2026-10-19T10:30,1917.7,4049.19,standard,accepted,0.001
LD03657,L456,L298,"Memphis, TN","Harrisburg, PA",dry_van,auto parts,34593,False,2026-10-16T01:30,2026-10-16T03:30,2026-10-17T09:30,2026-10-18T09:30,988.2,2482.88,critical,tendered,0.104
LD02159,L067,L075,"Houston, TX","Chicago, IL",dry_van,electronics,29155,False,2026-10-16T01:45,2026-10-16T03:45,2026-10-17T10:45,2026-10-18T10:45,1098.6,2460.77,standard,accepted,0.024
LD02204,L483,L404,"St. Louis, MO","Kansas City, MO",dry_van,consumer goods,28795,False,2026-10-16T01:45,2026-10-16T07:45,2026-10-16T07:45,2026-10-16T19:45,256.0,910.74,standard,accepted,0.268
LD02925,L086,L147,"Memphis, TN","Columbus, OH",dry_van,retail,34478,False,2026-10-16T01:45,2026-10-16T09:45,2026-10-17T00:45,2026-10-17T08:45,612.3,1594.3,standard,tendered,0.174
LD00298,L135,L377,"Dallas, TX","Phoenix, AZ",dry_van,electronics,32339,False,2026-10-16T02:00,2026-10-16T08:00,2026-10-17T09:00,2026-10-17T17:00,1067.1,2783.31,standard,accepted,0.113
LD02474,L405,L218,"St. Louis, MO","Oklahoma City, OK",dry_van,electronics,35469,False,2026-10-16T02:00,2026-10-16T08:00,2026-10-16T15:00,2026-10-16T23:00,563.7,1548.2,standard,tendered,0.013
LD03541,L478,L477,"Little Rock, AR","Miami, FL",flatbed,building materials,28949,False,2026-10-16T02:00,2026-10-16T10:00,2026-10-17T10:00,2026-10-17T22:00,1123.6,2785.89,high,accepted,0.003
LD02311,L049,L142,"Memphis, TN","Atlanta, GA",dry_van,retail,38359,False,2026-10-16T02:15,2026-10-16T10:15,2026-10-16T12:15,2026-10-17T12:15,427.3,1360.21,standard,tendered,0.029
LD00170,L271,L464,"Austin, TX","Louisville, KY",reefer,produce,36118,False,2026-10-16T02:30,2026-10-16T06:30,2026-10-17T10:30,2026-10-18T10:30,1065.9,3087.71,critical,accepted,0.107
LD01024,L289,L336,"Harrisburg, PA","Columbus, OH",dry_van,auto parts,31479,False,2026-10-16T02:30,2026-10-16T04:30,2026-10-16T13:30,2026-10-16T17:30,388.8,1162.91,critical,tendered,0.079
LD04285,L478,L216,"Little Rock, AR","San Antonio, TX",flatbed,machinery,26794,False,2026-10-16T02:45,2026-10-16T04:45,2026-10-17T01:45,2026-10-18T01:45,624.4,1910.42,standard,accepted,0.055
LD04470,L478,L356,"Little Rock, AR","New Orleans, LA",dry_van,beverages,34118,True,2026-10-16T03:00,2026-10-16T05:00,2026-10-16T13:00,2026-10-16T19:00,439.5,1308.42,standard,accepted,0.08
LD04947,L131,L434,"Indianapolis, IN","Jacksonville, FL",dry_van,auto parts,31723,False,2026-10-16T03:00,2026-10-16T05:00,2026-10-17T07:00,2026-10-18T07:00,827.9,2144.84,standard,tendered,0.066
LD00108,L451,L122,"Louisville, KY","Chicago, IL",dry_van,auto parts,29640,False,2026-10-16T03:15,2026-10-16T09:15,2026-10-16T12:15,2026-10-16T16:15,338.1,992.02,standard,tendered,0.078
LD02365,L438,L309,"Dallas, TX","Phoenix, AZ",reefer,produce,25918,False,2026-10-16T03:15,2026-10-16T05:15,2026-10-17T12:15,2026-10-17T18:15,1115.1,2987.71,standard,tendered,0.072
LD00645,L241,L347,"Indianapolis, IN","Dallas, TX",flatbed,building materials,24674,False,2026-10-16T03:30,2026-10-16T05:30,2026-10-17T10:30,2026-10-18T10:30,906.2,2446.02,standard,accepted,0.078
LD01099,L280,L240,"Kansas City, MO","Harrisburg, PA",dry_van,paper products,15462,False,2026-10-16T03:30,2026-10-16T09:30,2026-10-17T13:30,2026-10-18T13:30,1135.4,2537.97,high,tendered,0.019
LD01163,L453,L164,"Houston, TX","San Antonio, TX",dry_van,auto parts,33517,False,2026-10-16T03:30,2026-10-16T07:30,2026-10-16T09:30,2026-10-16T21:30,237.9,791.27,standard,tendered,0.014
LD01135,L453,L047,"Houston, TX","El Paso, TX",dry_van,beverages,37664,False,2026-10-16T03:45,2026-10-16T09:45,2026-10-17T06:45,2026-10-17T12:45,837.9,2166.66,standard,tendered,0.202
LD04792,L483,L490,"St. Louis, MO","Phoenix, AZ",reefer,produce,28655,False,2026-10-16T03:45,2026-10-16T05:45,2026-10-18T04:45,2026-10-18T12:45,1496.5,4497.46,standard,accepted,0.062
LD01681,L423,L159,"St. Louis, MO","Houston, TX",reefer,meat,34067,False,2026-10-16T04:00,2026-10-16T06:00,2026-10-17T07:00,2026-10-17T11:00,827.4,2404.01,standard,tendered,0.159
LD02981,L093,L472,"Houston, TX","St. Louis, MO",dry_van,consumer goods,32759,False,2026-10-16T04:00,2026-10-16T06:00,2026-10-17T09:00,2026-10-17T21:00,895.8,2018.86,standard,accepted,0.19
LD02883,L054,L263,"Austin, TX","Nashville, TN",dry_van,beverages,35913,False,2026-10-16T04:15,2026-10-16T08:15,2026-10-17T08:15,2026-10-17T20:15,903.5,2075.85,standard,tendered,0.069
LD04823,L438,L084,"Dallas, TX","St. Louis, MO",dry_van,retail,21646,False,2026-10-16T04:15,2026-10-16T06:15,2026-10-17T04:15,2026-10-17T10:15,667.0,1941.71,standard,tendered,0.085
LD00990,L423,L100,"St. Louis, MO","Charlotte, NC",dry_van,electronics,29870,False,2026-10-16T04:30,2026-10-16T06:30,2026-10-17T04:30,2026-10-17T10:30,664.8,1870.47,standard,tendered,0.016
LD03290,L049,L164,"Memphis, TN","San Antonio, TX",flatbed,machinery,39331,False,2026-10-16T04:30,2026-10-16T08:30,2026-10-17T06:30,2026-10-17T10:30,719.6,2089.97,standard,tendered,0.042
LD04772,L046,L167,"Louisville, KY","Little Rock, AR",reefer,produce,33328,False,2026-10-16T04:30,2026-10-16T10:30,2026-10-16T17:30,2026-10-17T01:30,541.4,1714.79,standard,tentative,0.081
LD03479,L093,L365,"Houston, TX","Birmingham, AL",flatbed,building materials,18421,False,2026-10-16T04:45,2026-10-16T06:45,2026-10-17T06:45,2026-10-17T14:45,720.8,2066.82,standard,tendered,0.033
LD00585,L380,L404,"Birmingham, AL","Kansas City, MO",dry_van,consumer goods,20609,False,2026-10-16T05:00,2026-10-16T09:00,2026-10-17T07:00,2026-10-17T15:00,700.5,1721.59,standard,accepted,0.014
LD00810,L196,L459,"Indianapolis, IN","Houston, TX",reefer,produce,31890,False,2026-10-16T05:00,2026-10-16T13:00,2026-10-17T11:00,2026-10-17T23:00,1028.7,2709.45,high,tendered,0.1
LD01282,L049,L184,"Memphis, TN","Newark, NJ",dry_van,electronics,25353,False,2026-10-16T05:00,2026-10-16T07:00,2026-10-17T14:00,2026-10-18T14:00,1135.4,2587.96,standard,tendered,0.088
LD01657,L476,L420,"Chicago, IL","Indianapolis, IN",reefer,pharmaceuticals,28192,False,2026-10-16T05:00,2026-10-16T13:00,2026-10-16T11:00,2026-10-16T17:00,177.3,763.81,standard,tendered,0.008
LD03049,L135,L429,"Dallas, TX","Chicago, IL",reefer,pharmaceuticals,37803,False,2026-10-16T05:00,2026-10-16T07:00,2026-10-17T10:00,2026-10-17T14:00,956.3,2571.38,standard,tentative,0.009
LD03665,L290,L125,"New Orleans, LA","Dallas, TX",reefer,frozen food,15290,False,2026-10-16T05:00,2026-10-16T07:00,2026-10-16T17:00,2026-10-16T21:00,573.3,1907.75,standard,tendered,0.102
LD00715,L321,L048,"Miami, FL","Newark, NJ",dry_van,paper products,23959,False,2026-10-16T05:15,2026-10-16T13:15,2026-10-18T03:15,2026-10-18T15:15,1313.7,3709.59,standard,tendered,0.005
LD01453,L319,L480,"Chicago, IL","Birmingham, AL",dry_van,auto parts,16015,False,2026-10-16T05:15,2026-10-16T07:15,2026-10-17T05:15,2026-10-17T17:15,678.8,1672.5,critical,tendered,0.018
LD02800,L154,L284,"Laredo, TX","Atlanta, GA",dry_van,electronics,40472,False,2026-10-16T05:15,2026-10-16T13:15,2026-10-17T15:15,2026-10-17T23:15,1208.6,2830.96,critical,accepted,0.097
LD03529,L061,L359,"Charlotte, NC","Orlando, FL",reefer,meat,17798,False,2026-10-16T05:15,2026-10-16T07:15,2026-10-16T17:15,2026-10-16T21:15,554.2,1870.61,standard,tendered,0.084
LD04345,L335,L096,"Los Angeles, CA","Chicago, IL",dry_van,beverages,26986,False,2026-10-16T05:15,2026-10-16T07:15,2026-10-19T04:15,2026-10-19T16:15,2092.8,4796.26,standard,tendered,0.101
LD00323,L220,L152,"Chicago, IL","Memphis, TN",dry_van,beverages,42477,False,2026-10-16T05:30,2026-10-16T07:30,2026-10-16T18:30,2026-10-17T02:30,574.3,1584.13,standard,tendered,0.039
LD00658,L380,L368,"Birmingham, AL","Oklahoma City, OK",dry_van,beverages,30093,False,2026-10-16T05:30,2026-10-16T07:30,2026-10-17T09:30,2026-10-17T15:30,767.1,1860.0,standard,accepted,0.004
LD01400,L245,L070,"Nashville, TN","Little Rock, AR",flatbed,pipe,17743,False,2026-10-16T05:30,2026-10-16T11:30,2026-10-16T14:30,2026-10-17T14:30,376.9,1212.93,standard,tendered,0.109
LD01415,L319,L195,"Chicago, IL","Little Rock, AR",dry_van,retail,15704,False,2026-10-16T05:30,2026-10-16T13:30,2026-10-17T06:30,2026-10-18T06:30,690.6,1675.24,standard,tendered,0.117
LD02515,L145,L087,"Newark, NJ","Jacksonville, FL",dry_van,consumer goods,12093,False,2026-10-16T05:30,2026-10-16T13:30,2026-10-17T11:30,2026-10-17T23:30,1011.0,2364.08,standard,tendered,0.085
LD03911,L319,L151,"Chicago, IL","Minneapolis, MN",dry_van,electronics,20041,False,2026-10-16T05:30,2026-10-16T07:30,2026-10-16T15:30,2026-10-16T19:30,428.4,1369.99,standard,accepted,0.073
LD04177,L283,L272,"Newark, NJ","Nashville, TN",dry_van,electronics,27571,False,2026-10-16T05:30,2026-10-16T07:30,2026-10-17T11:30,2026-10-17T23:30,917.3,2496.0,standard,accepted,0.027
LD00509,L083,L410,"Indianapolis, IN","Louisville, KY",dry_van,retail,35299,False,2026-10-16T05:45,2026-10-16T11:45,2026-10-16T10:45,2026-10-16T14:45,120.7,497.62,standard,tendered,0.159
LD01587,L343,L070,"Louisville, KY","Little Rock, AR",reefer,dairy,29386,False,2026-10-16T05:45,2026-10-16T11:45,2026-10-16T19:45,2026-10-17T07:45,544.6,1816.06,standard,accepted,0.02
LD01630,L425,L359,"Houston, TX","Orlando, FL",flatbed,lumber,20684,False,2026-10-16T05:45,2026-10-16T07:45,2026-10-17T13:45,2026-10-17T19:45,1036.3,2813.23,standard,tendered,0.073
LD02314,L142,L114,"Atlanta, GA","Dallas, TX",dry_van,consumer goods,30526,False,2026-10-16T05:45,2026-10-16T11:45,2026-10-17T11:45,2026-10-17T15:45,886.4,2102.41,standard,tendered,0.031
LD03520,L142,L083,"Atlanta, GA","Indianapolis, IN",dry_van,beverages,39751,False,2026-10-16T05:45,2026-10-16T11:45,2026-10-16T18:45,2026-10-17T18:45,528.4,1615.38,high,tentative,0.013
LD04549,L184,L222,"Newark, NJ","Dallas, TX",dry_van,auto parts,37684,False,2026-10-16T05:45,2026-10-16T07:45,2026-10-18T09:45,2026-10-18T21:45,1632.8,4039.35,standard,tendered,0.028
LD00199,L441,L265,"Columbus, OH","Harrisburg, PA",dry_van,retail,23611,False,2026-10-16T06:00,2026-10-16T08:00,2026-10-16T15:00,2026-10-16T19:00,406.6,1237.95,standard,tentative,0.074
LD00477,L157,L078,"Dallas, TX","Louisville, KY",dry_van,beverages,30977,False,2026-10-16T06:00,2026-10-16T12:00,2026-10-17T11:00,2026-10-17T15:00,878.6,2380.28,high,accepted,0.027
LD00943,L382,L090,"Memphis, TN","Chicago, IL",dry_van,retail,41068,False,2026-10-16T06:00,2026-10-16T08:00,2026-10-16T19:00,2026-10-17T01:00,578.7,1575.72,standard,tendered,0.082
LD01229,L493,L130,"Orlando, FL","Memphis, TN",dry_van,paper products,37690,False,2026-10-16T06:00,2026-10-16T14:00,2026-10-17T09:00,2026-10-17T17:00,829.7,2188.04,standard,tendered,0.42
LD01944,L050,L186,"Atlanta, GA","Chicago, IL",reefer,pharmaceuticals,27025,False,2026-10-16T06:00,2026-10-16T14:00,2026-10-17T07:00,2026-10-17T19:00,675.2,2194.8,standard,accepted,0.079
LD02372,L283,L217,"Newark, NJ","Charlotte, NC",flatbed,building materials,17438,False,2026-10-16T06:00,2026-10-16T12:00,2026-10-17T06:00,2026-10-17T12:00,630.2,1781.17,standard,tendered,0.202
LD02702,L215,L318,"Oklahoma City, OK","Memphis, TN",flatbed,machinery,22304,False,2026-10-16T06:00,2026-10-16T08:00,2026-10-16T19:00,2026-10-17T07:00,523.4,1562.36,critical,tendered,0.086
LD02747,L230,L279,"San Antonio, TX","Columbus, OH",reefer,dairy,23606,False,2026-10-16T06:00,2026-10-16T10:00,2026-10-18T06:00,2026-10-18T14:00,1379.2,4049.93,critical,accepted,0.114
LD03186,L378,L414,"Kansas City, MO","Memphis, TN",dry_van,retail,18191,False,2026-10-16T06:00,2026-10-16T08:00,2026-10-16T15:00,2026-10-16T23:00,442.7,1328.58,standard,accepted,0.09
LD04292,L062,L479,"Laredo, TX","San Antonio, TX",flatbed,machinery,42043,False,2026-10-16T06:00,2026-10-16T08:00,2026-10-16T12:00,2026-10-17T12:00,165.0,679.75,standard,tentative,0.136
LD04995,L282,L370,"Little Rock, AR","Orlando, FL",flatbed,building materials,36306,False,2026-10-16T06:00,2026-10-16T08:00,2026-10-17T13:00,2026-10-17T19:00,936.4,2552.39,standard,tendered,0.008
LD00444,L397,L287,"Laredo, TX","Atlanta, GA",dry_van,retail,37215,False,2026-10-16T06:15,2026-10-16T08:15,2026-10-17T14:15,2026-10-18T14:15,1150.7,2721.93,standard,tendered,0.103
LD00516,L108,L404,"Houston, TX","Kansas City, MO",reefer,dairy,24731,False,2026-10-16T06:15,2026-10-16T12:15,2026-10-17T09:15,2026-10-17T21:15,792.2,2268.29,standard,accepted,0.042
LD00790,L168,L486,"Jacksonville, FL","Louisville, KY",reefer,frozen food,22369,False,2026-10-16T06:15,2026-10-16T14:15,2026-10-17T06:15,2026-10-17T18:15,686.6,2098.58,standard,tendered,0.012
LD00868,L069,L245,"Los Angeles, CA","Nashville, TN",dry_van,consumer goods,18337,False,2026-10-16T06:15,2026-10-16T08:15,2026-10-19T06:15,2026-10-19T18:15,2129.5,5030.45,standard,tendered,0.041
LD01398,L168,L055,"Jacksonville, FL","Louisville, KY",reefer,dairy,37749,False,2026-10-16T06:15,2026-10-16T12:15,2026-10-17T07:15,2026-10-17T11:15,737.0,2271.54,standard,tendered,0.009
LD01438,L225,L383,"Chicago, IL","Charlotte, NC",reefer,produce,14356,False,2026-10-16T06:15,2026-10-16T10:15,2026-10-17T07:15,2026-10-17T19:15,728.1,2373.98,high,tendered,0.004
LD02695,L437,L170,"Laredo, TX","San Antonio, TX",dry_van,electronics,31113,False,2026-10-16T06:15,2026-10-16T14:15,2026-10-16T13:15,2026-10-16T19:15,181.8,683.47,standard,tendered,0.051
LD02832,L075,L131,"Chicago, IL","Indianapolis, IN",dry_van,auto parts,25369,False,2026-10-16T06:15,2026-10-16T08:15,2026-10-16T12:15,2026-10-16T18:15,214.9,792.77,high,tentative,0.046
LD04941,L212,L487,"Austin, TX","Dallas, TX",dry_van,electronics,31567,False,2026-10-16T06:15,2026-10-16T12:15,2026-10-16T12:15,2026-10-16T18:15,203.3,719.86,standard,tendered,0.037
LD00202,L409,L408,"Columbus, OH","Charlotte, NC",dry_van,auto parts,37978,False,2026-10-16T06:30,2026-10-16T08:30,2026-10-16T16:30,2026-10-16T20:30,430.7,1247.36,standard,tentative,0.026
LD00888,L467,L185,"Miami, FL","Newark, NJ",dry_van,electronics,29238,True,2026-10-16T06:30,2026-10-16T08:30,2026-10-18T04:30,2026-10-19T04:30,1294.0,3601.79,standard,tendered,0.14
LD01615,L050,L128,"Atlanta, GA","Miami, FL",reefer,frozen food,37491,True,2026-10-16T06:30,2026-10-16T12:30,2026-10-17T08:30,2026-10-17T20:30,725.0,1985.53,high,tendered,0.038
LD02371,L343,L423,"Louisville, KY","St. Louis, MO",dry_van,beverages,19626,False,2026-10-16T06:30,2026-10-16T08:30,2026-10-16T15:30,2026-10-17T03:30,284.2,970.55,critical,accepted,0.062
LD03263,L209,L140,"Phoenix, AZ","Kansas City, MO",dry_van,paper products,35379,True,2026-10-16T06:30,2026-10-16T08:30,2026-10-18T03:30,2026-10-18T11:30,1270.8,3480.62,standard,tendered,0.126
LD03856,L450,L119,"Indianapolis, IN","New Orleans, LA",dry_van,beverages,19305,False,2026-10-16T06:30,2026-10-16T14:30,2026-10-17T11:30,2026-10-17T23:30,873.9,2013.19,standard,accepted,0.078
LD04425,L118,L181,"Houston, TX","Harrisburg, PA",reefer,frozen food,33694,False,2026-10-16T06:30,2026-10-16T08:30,2026-10-18T08:30,2026-10-19T08:30,1510.2,4444.26,standard,tendered,0.038
LD00136,L405,L171,"St. Louis, MO","New Orleans, LA",flatbed,pipe,38511,False,2026-10-16T06:45,2026-10-16T10:45,2026-10-17T07:45,2026-10-18T07:45,714.9,2220.81,standard,accepted,0.083
LD00687,L139,L487,"Jacksonville, FL","Dallas, TX",reefer,dairy,17127,False,2026-10-16T06:45,2026-10-16T14:45,2026-10-17T14:45,2026-10-18T02:45,1093.1,3010.81,standard,tendered,0.158
LD01187,L067,L306,"Houston, TX","Dallas, TX",dry_van,paper products,35203,False,2026-10-16T06:45,2026-10-16T12:45,2026-10-16T14:45,2026-10-16T20:45,283.5,901.12,standard,tentative,0.066
LD01936,L335,L390,"Los Angeles, CA","Houston, TX",dry_van,auto parts,29836,False,2026-10-16T06:45,2026-10-16T08:45,2026-10-18T11:45,2026-10-19T11:45,1663.9,3831.77,standard,tendered,0.089
LD02662,L080,L410,"Denver, CO","Louisville, KY",dry_van,paper products,26012,True,2026-10-16T06:45,2026-10-16T08:45,2026-10-18T02:45,2026-10-18T08:45,1223.8,3001.52,standard,tendered,0.095
LD03255,L094,L055,"New Orleans, LA","Louisville, KY",flatbed,building materials,34336,False,2026-10-16T06:45,2026-10-16T08:45,2026-10-17T08:45,2026-10-17T12:45,769.2,1975.38,standard,tendered,0.21
LD03641,L060,L431,"Dallas, TX","Laredo, TX",reefer,frozen food,19777,False,2026-10-16T06:45,2026-10-16T12:45,2026-10-16T16:45,2026-10-17T16:45,454.3,1614.27,high,tendered,0.203
LD03798,L057,L364,"Oklahoma City, OK","Kansas City, MO",reefer,dairy,24577,False,2026-10-16T06:45,2026-10-16T08:45,2026-10-16T16:45,2026-10-17T16:45,384.5,1279.29,standard,accepted,0.075
LD04306,L360,L169,"Columbus, OH","Charlotte, NC",dry_van,consumer goods,11863,False,2026-10-16T06:45,2026-10-16T14:45,2026-10-16T17:45,2026-10-17T17:45,413.3,1108.02,standard,accepted,0.008
LD04936,L441,L368,"Columbus, OH","Oklahoma City, OK",dry_van,consumer goods,41625,False,2026-10-16T06:45,2026-10-16T08:45,2026-10-17T13:45,2026-10-17T17:45,1039.2,2819.44,standard,tendered,0.082
LD00823,L232,L318,"San Antonio, TX","Memphis, TN",reefer,produce,35011,False,2026-10-16T07:00,2026-10-16T11:00,2026-10-17T09:00,2026-10-17T17:00,729.4,2151.48,standard,tendered,0.015
LD00957,L466,L404,"Nashville, TN","Kansas City, MO",dry_van,retail,40613,False,2026-10-16T07:00,2026-10-16T13:00,2026-10-16T21:00,2026-10-17T05:00,602.7,1658.29,standard,accepted,0.053
LD01231,L235,L130,"Louisville, KY","Memphis, TN",dry_van,beverages,32633,False,2026-10-16T07:00,2026-10-16T13:00,2026-10-16T17:00,2026-10-17T17:00,366.3,1188.23,standard,accepted,0.057
LD01732,L055,L440,"Louisville, KY","Memphis, TN",dry_van,paper products,38251,False,2026-10-16T07:00,2026-10-16T09:00,2026-10-16T17:00,2026-10-17T01:00,402.9,1295.29,standard,accepted,0.033
LD01811,L108,L267,"Houston, TX","Indianapolis, IN",dry_van,consumer goods,27569,False,2026-10-16T07:00,2026-10-16T09:00,2026-10-17T15:00,2026-10-17T19:00,1047.2,2562.7,standard,tendered,0.091
LD02808,L241,L124,"Indianapolis, IN","Detroit, MI",dry_van,paper products,30300,False,2026-10-16T07:00,2026-10-16T09:00,2026-10-16T17:00,2026-10-17T01:00,301.2,1037.96,critical,accepted,0.012
LD03215,L358,L128,"Newark, NJ","Miami, FL",dry_van,retail,39493,False,2026-10-16T07:00,2026-10-16T13:00,2026-10-18T05:00,2026-10-19T05:00,1309.6,3173.99,standard,tendered,0.02
LD03351,L400,L192,"Austin, TX","Chicago, IL",dry_van,electronics,26193,False,2026-10-16T07:00,2026-10-16T09:00,2026-10-17T15:00,2026-10-17T19:00,1139.8,2473.97,standard,accepted,0.147
LD03356,L108,L218,"Houston, TX","Oklahoma City, OK",dry_van,beverages,25278,False,2026-10-16T07:00,2026-10-16T15:00,2026-10-16T19:00,2026-10-17T03:00,507.3,1462.04,standard,tendered,0.009
LD03461,L437,L316,"Laredo, TX","New Orleans, LA",dry_van,retail,25241,False,2026-10-16T07:00,2026-10-16T13:00,2026-10-17T09:00,2026-10-17T13:00,669.3,1652.55,standard,tentative,0.115
LD04309,L310,L099,"El Paso, TX","Dallas, TX",flatbed,building materials,45456,False,2026-10-16T07:00,2026-10-16T13:00,2026-10-17T07:00,2026-10-17T15:00,669.2,1939.42,standard,accepted,0.101
LD04612,L481,L359,"Little Rock, AR","Orlando, FL",dry_van,beverages,35619,False,2026-10-16T07:00,2026-10-16T13:00,2026-10-17T13:00,2026-10-17T21:00,898.1,2300.07,standard,tendered,0.106
LD04726,L307,L124,"Chicago, IL","Detroit, MI",reefer,meat,24788,False,2026-10-16T07:00,2026-10-16T13:00,2026-10-16T14:00,2026-10-16T20:00,276.8,1023.74,standard,accepted,0.012
LD00914,L142,L313,"Atlanta, GA","Miami, FL",dry_van,retail,26858,False,2026-10-16T07:15,2026-10-16T09:15,2026-10-17T10:15,2026-10-18T10:15,729.9,1929.12,standard,accepted,0.104
LD00955,L343,L218,"Louisville, KY","Oklahoma City, OK",reefer,dairy,24278,False,2026-10-16T07:15,2026-10-16T09:15,2026-10-17T12:15,2026-10-17T16:15,834.6,2303.46,standard,accepted,0.028
LD01665,L373,L128,"Atlanta, GA","Miami, FL",dry_van,paper products,21325,False,2026-10-16T07:15,2026-10-16T11:15,2026-10-17T08:15,2026-10-17T20:15,705.1,1713.49,high,accepted,0.03
LD01694,L437,L449,"Laredo, TX","Indianapolis, IN",dry_van,auto parts,22818,False,2026-10-16T07:15,2026-10-16T15:15,2026-10-18T07:15,2026-10-18T19:15,1335.7,2849.13,standard,tendered,0.036
LD01910,L332,L189,"Indianapolis, IN","Harrisburg, PA",dry_van,auto parts,27130,False,2026-10-16T07:15,2026-10-16T09:15,2026-10-17T07:15,2026-10-17T19:15,612.9,1506.26,standard,tendered,0.295
LD02165,L401,L339,"Los Angeles, CA","Denver, CO",dry_van,auto parts,41766,False,2026-10-16T07:15,2026-10-16T09:15,2026-10-17T16:15,2026-10-17T22:15,1014.9,2776.02,standard,tendered,0.125
LD02239,L168,L257,"Jacksonville, FL","Columbus, OH",dry_van,paper products,30649,False,2026-10-16T07:15,2026-10-16T09:15,2026-10-17T09:15,2026-10-17T21:15,798.9,2000.06,standard,tendered,0.018
LD02438,L224,L267,"Columbus, OH","Indianapolis, IN",dry_van,electronics,26634,False,2026-10-16T07:15,2026-10-16T13:15,2026-10-16T14:15,2026-10-17T14:15,187.7,671.89,standard,tendered,0.04
LD02842,L200,L255,"Miami, FL","Detroit, MI",dry_van,consumer goods,37752,False,2026-10-16T07:15,2026-10-16T09:15,2026-10-18T07:15,2026-10-18T13:15,1403.8,3734.44,standard,tendered,0.066
LD03309,L358,L134,"Newark, NJ","Denver, CO",reefer,meat,26651,False,2026-10-16T07:15,2026-10-16T15:15,2026-10-19T03:15,2026-10-19T15:15,1965.6,5078.82,standard,tendered,0.043
LD03473,L232,L480,"San Antonio, TX","Birmingham, AL",reefer,pharmaceuticals,28297,False,2026-10-16T07:15,2026-10-16T15:15,2026-10-17T12:15,2026-10-17T20:15,893.0,2749.97,standard,tendered,0.018
LD03621,L113,L126,"Orlando, FL","Miami, FL",dry_van,auto parts,19994,False,2026-10-16T07:15,2026-10-16T09:15,2026-10-16T14:15,2026-10-16T18:15,274.1,1109.99,standard,tendered,0.035
LD03648,L143,L269,"Chicago, IL","Harrisburg, PA",dry_van,retail,29892,False,2026-10-16T07:15,2026-10-16T13:15,2026-10-17T08:15,2026-10-17T16:15,675.3,1806.74,standard,accepted,0.118
LD04435,L278,L491,"Newark, NJ","Minneapolis, MN",dry_van,paper products,38783,False,2026-10-16T07:15,2026-10-16T09:15,2026-10-17T17:15,2026-10-18T01:15,1182.0,3063.16,high,tentative,0.05
LD04831,L382,L399,"Memphis, TN","Minneapolis, MN",dry_van,beverages,30915,False,2026-10-16T07:15,2026-10-16T13:15,2026-10-17T11:15,2026-10-17T17:15,851.3,2008.68,standard,tentative,0.064
LD04945,L062,L070,"Laredo, TX","Little Rock, AR",dry_van,retail,44816,False,2026-10-16T07:15,2026-10-16T09:15,2026-10-17T11:15,2026-10-18T11:15,776.0,2189.98,standard,tendered,0.032
LD00742,L098,L313,"Houston, TX","Miami, FL",dry_van,beverages,33265,False,2026-10-16T07:30,2026-10-16T09:30,2026-10-17T18:30,2026-10-18T00:30,1169.7,2707.96,standard,tentative,0.051
LD00993,L384,L177,"Minneapolis, MN","Dallas, TX",reefer,frozen food,15304,False,2026-10-16T07:30,2026-10-16T15:30,2026-10-17T14:30,2026-10-18T02:30,1011.6,3097.8,standard,tentative,0.094
LD01649,L225,L087,"Chicago, IL","Jacksonville, FL",dry_van,paper products,35773,False,2026-10-16T07:30,2026-10-16T09:30,2026-10-17T14:30,2026-10-17T18:30,1042.7,2731.02,high,tendered,0.12
LD01696,L149,L114,"Jacksonville, FL","Dallas, TX",reefer,meat,37212,True,2026-10-16T07:30,2026-10-16T09:30,2026-10-17T14:30,2026-10-17T22:30,1084.6,3396.38,standard,tendered,0.055
LD02431,L319,L222,"Chicago, IL","Dallas, TX",dry_van,electronics,25380,False,2026-10-16T07:30,2026-10-16T15:30,2026-10-17T13:30,2026-10-17T21:30,966.8,2282.72,standard,tentative,0.214
LD02958,L307,L114,"Chicago, IL","Dallas, TX",reefer,pharmaceuticals,40133,False,2026-10-16T07:30,2026-10-16T13:30,2026-10-17T13:30,2026-10-17T17:30,956.7,3001.2,high,accepted,0.015
LD03692,L055,L197,"Louisville, KY","Los Angeles, CA",dry_van,consumer goods,19750,False,2026-10-16T07:30,2026-10-16T09:30,2026-10-19T07:30,2026-10-19T11:30,2186.1,4584.71,critical,tendered,0.031
LD03900,L437,L330,"Laredo, TX","Kansas City, MO",dry_van,consumer goods,36768,False,2026-10-16T07:30,2026-10-16T09:30,2026-10-17T15:30,2026-10-18T03:30,1016.6,2561.26,high,tendered,0.065
LD04008,L333,L204,"Miami, FL","Kansas City, MO",dry_van,auto parts,36223,False,2026-10-16T07:30,2026-10-16T09:30,2026-10-18T10:30,2026-10-18T16:30,1509.7,4116.36,standard,tendered,0.157
LD04293,L439,L119,"Oklahoma City, OK","New Orleans, LA",dry_van,beverages,35585,False,2026-10-16T07:30,2026-10-16T11:30,2026-10-17T07:30,2026-10-17T11:30,670.9,1806.74,standard,tendered,0.107
LD04402,L279,L129,"Columbus, OH","New Orleans, LA",dry_van,electronics,32321,False,2026-10-16T07:30,2026-10-16T11:30,2026-10-17T13:30,2026-10-17T17:30,974.2,2573.07,standard,accepted,0.066
LD04636,L130,L119,"Memphis, TN","New Orleans, LA",dry_van,consumer goods,30313,False,2026-10-16T07:30,2026-10-16T09:30,2026-10-16T17:30,2026-10-17T05:30,417.1,1116.45,critical,accepted,0.045
LD00795,L235,L361,"Louisville, KY","Little Rock, AR",dry_van,paper products,42263,False,2026-10-16T07:45,2026-10-16T09:45,2026-10-16T20:45,2026-10-17T00:45,507.1,1365.38,standard,accepted,0.067
LD00966,L209,L485,"Phoenix, AZ","Nashville, TN",reefer,dairy,28766,False,2026-10-16T07:45,2026-10-16T09:45,2026-10-18T13:45,2026-10-18T19:45,1743.3,6064.31,standard,tendered,0.015
LD01509,L371,L061,"Chicago, IL","Charlotte, NC",reefer,frozen food,34695,False,2026-10-16T07:45,2026-10-16T11:45,2026-10-17T10:45,2026-10-17T14:45,721.8,2185.86,standard,accepted,0.064
LD01893,L212,L108,"Austin, TX","Houston, TX",reefer,produce,37004,True,2026-10-16T07:45,2026-10-16T09:45,2026-10-16T13:45,2026-10-16T19:45,168.8,763.17,standard,accepted,0.067
LD01999,L454,L423,"Houston, TX","St. Louis, MO",dry_van,beverages,24176,False,2026-10-16T07:45,2026-10-16T13:45,2026-10-17T10:45,2026-10-17T18:45,810.8,2144.26,standard,tendered,0.021
LD02080,L338,L056,"Dallas, TX","Minneapolis, MN",reefer,dairy,21069,False,2026-10-16T07:45,2026-10-16T09:45,2026-10-17T13:45,2026-10-18T13:45,1031.7,3244.84,standard,accepted,0.106
LD02323,L417,L309,"Nashville, TN","Phoenix, AZ",reefer,meat,39916,False,2026-10-16T07:45,2026-10-16T15:45,2026-10-18T14:45,2026-10-18T20:45,1755.6,4520.07,high,accepted,0.017
LD02867,L439,L377,"Oklahoma City, OK","Phoenix, AZ",reefer,frozen food,23169,False,2026-10-16T07:45,2026-10-16T09:45,2026-10-17T13:45,2026-10-18T13:45,996.6,2987.45,standard,accepted,0.042
LD02928,L071,L180,"Dallas, TX","New Orleans, LA",reefer,produce,38208,False,2026-10-16T07:45,2026-10-16T13:45,2026-10-16T20:45,2026-10-17T04:45,554.8,1709.82,high,tendered,0.004
LD03906,L359,L481,"Orlando, FL","Little Rock, AR",dry_van,consumer goods,27619,False,2026-10-16T07:45,2026-10-16T15:45,2026-10-17T11:45,2026-10-17T23:45,898.1,2771.5,standard,accepted,0.013
LD04015,L498,L156,"Louisville, KY","Charlotte, NC",reefer,frozen food,37218,False,2026-10-16T07:45,2026-10-16T15:45,2026-10-16T17:45,2026-10-17T05:45,391.2,1235.45,high,tendered,0.11
LD04025,L100,L402,"Charlotte, NC","Miami, FL",flatbed,pipe,33105,True,2026-10-16T07:45,2026-10-16T11:45,2026-10-17T09:45,2026-10-18T09:45,784.0,2283.63,standard,tendered,0.074
LD04366,L130,L336,"Memphis, TN","Columbus, OH",flatbed,machinery,18089,False,2026-10-16T07:45,2026-10-16T11:45,2026-10-16T20:45,2026-10-17T00:45,596.2,1939.8,standard,accepted,0.021
LD04881,L397,L136,"Laredo, TX","San Antonio, TX",dry_van,electronics,20506,False,2026-10-16T07:45,2026-10-16T15:45,2026-10-16T11:45,2026-10-17T11:45,128.6,535.58,critical,tendered,0.037
LD00156,L362,L364,"Houston, TX","Kansas City, MO",dry_van,electronics,21822,False,2026-10-16T08:00,2026-10-16T10:00,2026-10-17T10:00,2026-10-17T14:00,791.2,1950.6,standard,accepted,0.024
LD00239,L462,L082,"Indianapolis, IN","Phoenix, AZ",dry_van,electronics,42187,False,2026-10-16T08:00,2026-10-16T10:00,2026-10-18T14:00,2026-10-18T20:00,1773.1,3979.71,standard,accepted,0.075
LD00506,L101,L284,"Birmingham, AL","Atlanta, GA",dry_van,electronics,16565,False,2026-10-16T08:00,2026-10-16T14:00,2026-10-16T14:00,2026-10-16T20:00,161.5,697.64,standard,accepted,0.039
LD00571,L296,L056,"Louisville, KY","Minneapolis, MN",flatbed,pipe,34973,False,2026-10-16T08:00,2026-10-16T14:00,2026-10-17T09:00,2026-10-17T13:00,726.4,2059.95,standard,accepted,0.05
LD00821,L043,L269,"Chicago, IL","Harrisburg, PA",dry_van,electronics,31583,True,2026-10-16T08:00,2026-10-16T10:00,2026-10-17T09:00,2026-10-17T15:00,682.8,1887.38,high,tendered,0.069
LD01151,L489,L151,"Atlanta, GA","Minneapolis, MN",reefer,frozen food,31968,False,2026-10-16T08:00,2026-10-16T10:00,2026-10-17T18:00,2026-10-17T22:00,1093.7,3378.51,standard,tendered,0.019
LD01201,L106,L484,"Chicago, IL","Indianapolis, IN",reefer,meat,34448,False,2026-10-16T08:00,2026-10-16T14:00,2026-10-16T14:00,2026-10-17T14:00,205.6,828.98,standard,accepted,0.018
LD01495,L485,L228,"Nashville, TN","Houston, TX",dry_van,consumer goods,34146,False,2026-10-16T08:00,2026-10-16T10:00,2026-10-17T12:00,2026-10-18T12:00,820.0,2076.71,standard,accepted,0.058
LD01723,L215,L434,"Oklahoma City, OK","Jacksonville, FL",dry_van,consumer goods,26917,False,2026-10-16T08:00,2026-10-16T14:00,2026-10-17T19:00,2026-10-18T03:00,1188.9,2655.63,critical,tendered,0.102
LD01966,L385,L081,"Los Angeles, CA","Laredo, TX",reefer,pharmaceuticals,26925,False,2026-10-16T08:00,2026-10-16T10:00,2026-10-18T08:00,2026-10-18T16:00,1433.0,3997.16,high,tendered,0.017
LD02044,L061,L465,"Charlotte, NC","Kansas City, MO",dry_van,retail,37839,False,2026-10-16T08:00,2026-10-16T14:00,2026-10-17T14:00,2026-10-17T18:00,976.3,2419.99,standard,tendered,0.008
LD02430,L059,L318,"Austin, TX","Memphis, TN",dry_van,electronics,33945,False,2026-10-16T08:00,2026-10-16T10:00,2026-10-17T09:00,2026-10-17T15:00,695.8,1781.63,standard,tendered,0.066
LD02884,L324,L156,"Houston, TX","Charlotte, NC",dry_van,auto parts,29126,True,2026-10-16T08:00,2026-10-16T10:00,2026-10-17T15:00,2026-10-18T03:00,1084.3,2514.68,standard,tendered,0.058
LD03037,L191,L081,"Los Angeles, CA","Laredo, TX",dry_van,retail,36390,False,2026-10-16T08:00,2026-10-16T16:00,2026-10-18T10:00,2026-10-18T16:00,1422.8,3661.16,standard,tendered,0.012
LD03052,L250,L198,"Chicago, IL","Minneapolis, MN",reefer,pharmaceuticals,37186,False,2026-10-16T08:00,2026-10-16T10:00,2026-10-16T18:00,2026-10-16T22:00,442.0,1373.13,standard,tendered,0.19
LD03172,L336,L096,"Columbus, OH","Chicago, IL",dry_van,consumer goods,23487,False,2026-10-16T08:00,2026-10-16T10:00,2026-10-16T16:00,2026-10-16T22:00,330.7,965.91,standard,tendered,0.042
LD03539,L310,L272,"El Paso, TX","Nashville, TN",dry_van,retail,40040,False,2026-10-16T08:00,2026-10-16T12:00,2026-10-18T07:00,2026-10-18T19:00,1372.8,2903.92,standard,tendered,0.091
LD03914,L338,L100,"Dallas, TX","Charlotte, NC",flatbed,machinery,38608,False,2026-10-16T08:00,2026-10-16T16:00,2026-10-17T16:00,2026-10-18T04:00,1096.4,2949.79,standard,accepted,0.067
LD04203,L382,L411,"Memphis, TN","Austin, TX",reefer,dairy,16210,False,2026-10-16T08:00,2026-10-16T16:00,2026-10-17T09:00,2026-10-17T21:00,662.9,1977.5,standard,accepted,0.065
LD04272,L165,L041,"Newark, NJ","Dallas, TX",dry_van,paper products,32357,False,2026-10-16T08:00,2026-10-16T12:00,2026-10-18T12:00,2026-10-18T18:00,1667.3,3711.11,standard,accepted,0.0
LD04273,L166,L147,"Atlanta, GA","Columbus, OH",dry_van,consumer goods,18218,False,2026-10-16T08:00,2026-10-16T12:00,2026-10-16T20:00,2026-10-17T02:00,510.7,1328.73,high,tendered,0.013
LD04607,L149,L102,"Jacksonville, FL","Indianapolis, IN",dry_van,consumer goods,34882,False,2026-10-16T08:00,2026-10-16T16:00,2026-10-17T11:00,2026-10-18T11:00,829.2,1941.3,standard,accepted,0.06
LD04665,L289,L087,"Harrisburg, PA","Jacksonville, FL",dry_van,electronics,15931,False,2026-10-16T08:00,2026-10-16T14:00,2026-10-17T14:00,2026-10-18T02:00,867.2,2328.96,standard,tendered,0.008
LD04708,L397,L151,"Laredo, TX","Minneapolis, MN",dry_van,beverages,20998,False,2026-10-16T08:00,2026-10-16T10:00,2026-10-18T08:00,2026-10-18T16:00,1461.1,3508.09,high,tentative,0.049
LD04810,L104,L058,"Nashville, TN","Orlando, FL",reefer,dairy,38711,False,2026-10-16T08:00,2026-10-16T10:00,2026-10-17T10:00,2026-10-17T22:00,729.3,2246.81,standard,tendered,0.105
LD00505,L166,L061,"Atlanta, GA","Charlotte, NC",dry_van,paper products,36438,False,2026-10-16T08:15,2026-10-16T10:15,2026-10-16T16:15,2026-10-17T00:15,292.1,919.57,standard,tendered,0.022
LD00605,L167,L192,"Little Rock, AR","Chicago, IL",dry_van,beverages,16476,False,2026-10-16T08:15,2026-10-16T10:15,2026-10-17T09:15,2026-10-17T17:15,654.7,1637.44,standard,accepted,0.096
LD00705,L307,L263,"Chicago, IL","Nashville, TN",dry_van,retail,18422,False,2026-10-16T08:15,2026-10-16T16:15,2026-10-16T20:15,2026-10-17T04:15,519.6,1392.69,standard,tendered,0.069
LD00896,L211,L339,"Jacksonville, FL","Denver, CO",flatbed,machinery,27081,False,2026-10-16T08:15,2026-10-16T16:15,2026-10-18T15:15,2026-10-19T03:15,1780.5,4456.69,standard,tentative,0.133
LD01422,L273,L159,"Newark, NJ","Houston, TX",dry_van,paper products,35973,False,2026-10-16T08:15,2026-10-16T12:15,2026-10-18T13:15,2026-10-18T17:15,1694.0,3891.67,high,tentative,0.035
LD01905,L348,L046,"Los Angeles, CA","Louisville, KY",dry_van,beverages,26798,False,2026-10-16T08:15,2026-10-16T12:15,2026-10-19T08:15,2026-10-20T08:15,2198.8,5407.32,standard,tendered,0.074
LD01965,L409,L477,"Columbus, OH","Miami, FL",dry_van,auto parts,42614,False,2026-10-16T08:15,2026-10-16T10:15,2026-10-18T04:15,2026-10-18T12:15,1211.7,2796.76,standard,accepted,0.018
LD02176,L082,L182,"Phoenix, AZ","Denver, CO",flatbed,building materials,41054,False,2026-10-16T08:15,2026-10-16T16:15,2026-10-17T08:15,2026-10-17T16:15,672.0,2065.94,high,tendered,0.052
LD02259,L373,L095,"Atlanta, GA","Newark, NJ",dry_van,electronics,44165,False,2026-10-16T08:15,2026-10-16T12:15,2026-10-17T12:15,2026-10-18T00:15,874.3,2395.99,standard,tentative,0.035
LD02639,L068,L471,"San Antonio, TX","Charlotte, NC",reefer,dairy,27506,False,2026-10-16T08:15,2026-10-16T10:15,2026-10-18T07:15,2026-10-18T15:15,1312.1,3769.4,standard,tendered,0.042
LD02742,L153,L162,"El Paso, TX","Memphis, TN",dry_van,consumer goods,29483,False,2026-10-16T08:15,2026-10-16T12:15,2026-10-17T16:15,2026-10-18T16:15,1158.4,3115.44,high,accepted,0.051
LD02987,L445,L234,"Los Angeles, CA","Phoenix, AZ",dry_van,electronics,27041,False,2026-10-16T08:15,2026-10-16T12:15,2026-10-16T17:15,2026-10-17T05:15,435.9,1183.92,standard,tendered,0.015
LD03230,L336,L206,"Columbus, OH","Oklahoma City, OK",dry_van,consumer goods,29169,False,2026-10-16T08:15,2026-10-16T16:15,2026-10-17T14:15,2026-10-17T18:15,1002.2,2367.6,critical,tendered,0.074
LD03407,L073,L226,"Laredo, TX","Columbus, OH",dry_van,retail,26717,False,2026-10-16T08:15,2026-10-16T14:15,2026-10-18T13:15,2026-10-18T19:15,1572.4,3765.39,standard,tentative,0.024
LD03752,L119,L170,"New Orleans, LA","San Antonio, TX",dry_van,paper products,34625,True,2026-10-16T08:15,2026-10-16T12:15,2026-10-16T21:15,2026-10-17T05:15,577.4,1484.6,standard,accepted,0.028
LD04038,L169,L330,"Charlotte, NC","Kansas City, MO",dry_van,consumer goods,41090,False,2026-10-16T08:15,2026-10-16T14:15,2026-10-17T14:15,2026-10-18T14:15,972.2,2657.62,standard,tentative,0.041
LD04394,L388,L126,"Louisville, KY","Miami, FL",dry_van,electronics,16453,False,2026-10-16T08:15,2026-10-16T10:15,2026-10-17T16:15,2026-10-18T00:15,1125.6,2534.24,standard,tendered,0.138
LD04421,L118,L081,"Houston, TX","Laredo, TX",dry_van,electronics,25930,False,2026-10-16T08:15,2026-10-16T10:15,2026-10-16T17:15,2026-10-17T17:15,376.0,1229.31,standard,accepted,0.063
LD04564,L205,L102,"Oklahoma City, OK","Indianapolis, IN",dry_van,auto parts,35797,False,2026-10-16T08:15,2026-10-16T10:15,2026-10-17T11:15,2026-10-18T11:15,838.1,2149.45,standard,accepted,0.024
LD04671,L258,L384,"Charlotte, NC","Minneapolis, MN",dry_van,auto parts,25345,False,2026-10-16T08:15,2026-10-16T10:15,2026-10-17T16:15,2026-10-18T00:15,1113.9,2598.08,standard,accepted,0.044
LD00047,L205,L041,"Oklahoma City, OK","Dallas, TX",dry_van,retail,38930,False,2026-10-16T08:30,2026-10-16T10:30,2026-10-16T14:30,2026-10-16T22:30,240.4,860.89,standard,accepted,0.056
LD00218,L382,L499,"Memphis, TN","Dallas, TX",dry_van,auto parts,33665,False,2026-10-16T08:30,2026-10-16T16:30,2026-10-16T20:30,2026-10-17T02:30,514.1,1311.37,standard,tendered,0.025
LD00300,L140,L292,"Kansas City, MO","Houston, TX",dry_van,auto parts,35204,False,2026-10-16T08:30,2026-10-16T10:30,2026-10-17T10:30,2026-10-17T18:30,800.6,2045.49,standard,accepted,0.029
LD00500,L097,L413,"Denver, CO","Kansas City, MO",reefer,frozen food,13486,False,2026-10-16T08:30,2026-10-16T10:30,2026-10-17T09:30,2026-10-17T15:30,639.9,2404.43,high,tendered,0.116
LD00638,L078,L216,"Louisville, KY","San Antonio, TX",reefer,dairy,34354,False,2026-10-16T08:30,2026-10-16T14:30,2026-10-17T17:30,2026-10-18T17:30,1151.6,3200.05,standard,accepted,0.054
LD00780,L053,L168,"Dallas, TX","Jacksonville, FL",dry_van,retail,28499,False,2026-10-16T08:30,2026-10-16T16:30,2026-10-17T16:30,2026-10-18T00:30,1078.0,2867.99,high,accepted,0.066
LD00959,L389,L087,"Newark, NJ","Jacksonville, FL",dry_van,consumer goods,43966,False,2026-10-16T08:30,2026-10-16T12:30,2026-10-17T14:30,2026-10-17T20:30,984.5,2595.51,standard,accepted,0.013
LD00983,L188,L279,"Phoenix, AZ","Columbus, OH",dry_van,auto parts,23069,False,2026-10-16T08:30,2026-10-16T14:30,2026-10-19T04:30,2026-10-20T04:30,1979.4,5139.72,standard,accepted,0.043
LD01765,L208,L309,"Oklahoma City, OK","Phoenix, AZ",dry_van,electronics,24128,False,2026-10-16T08:30,2026-10-16T12:30,2026-10-17T15:30,2026-10-18T15:30,1020.3,2480.73,standard,accepted,0.03
LD01991,L220,L484,"Chicago, IL","Indianapolis, IN",dry_van,paper products,17933,False,2026-10-16T08:30,2026-10-16T16:30,2026-10-16T14:30,2026-10-16T22:30,206.6,710.76,standard,accepted,0.038
LD03004,L346,L402,"Houston, TX","Miami, FL",dry_van,retail,11121,False,2026-10-16T08:30,2026-10-16T10:30,2026-10-17T17:30,2026-10-18T01:30,1174.3,2922.57,standard,tendered,0.008
LD03329,L309,L125,"Phoenix, AZ","Dallas, TX",dry_van,beverages,31718,False,2026-10-16T08:30,2026-10-16T14:30,2026-10-17T17:30,2026-10-18T05:30,1067.8,2822.41,critical,tendered,0.213
LD03343,L348,L365,"Los Angeles, CA","Birmingham, AL",flatbed,building materials,22098,False,2026-10-16T08:30,2026-10-16T10:30,2026-10-19T08:30,2026-10-19T14:30,2161.1,4897.71,high,tendered,0.023
LD03366,L225,L053,"Chicago, IL","Dallas, TX",flatbed,steel,33191,False,2026-10-16T08:30,2026-10-16T10:30,2026-10-17T14:30,2026-10-17T20:30,1001.5,2650.05,standard,tendered,0.077
LD03531,L441,L214,"Columbus, OH","Newark, NJ",dry_van,electronics,35208,False,2026-10-16T08:30,2026-10-16T16:30,2026-10-16T20:30,2026-10-17T04:30,571.5,1532.2,standard,accepted,0.016
LD04399,L348,L114,"Los Angeles, CA","Dallas, TX",dry_van,consumer goods,16443,False,2026-10-16T08:30,2026-10-16T16:30,2026-10-18T10:30,2026-10-18T22:30,1487.7,3443.12,standard,accepted,0.086
LD04462,L184,L174,"Newark, NJ","Indianapolis, IN",dry_van,consumer goods,37733,False,2026-10-16T08:30,2026-10-16T10:30,2026-10-17T10:30,2026-10-18T10:30,756.5,2103.91,standard,tendered,0.198
LD04717,L279,L408,"Columbus, OH","Charlotte, NC",dry_van,electronics,27538,False,2026-10-16T08:30,2026-10-16T16:30,2026-10-16T18:30,2026-10-17T18:30,405.3,1155.45,standard,accepted,0.185
LD04732,L458,L218,"Houston, TX","Oklahoma City, OK",dry_van,electronics,21244,False,2026-10-16T08:30,2026-10-16T10:30,2026-10-16T19:30,2026-10-17T03:30,500.0,1373.44,standard,accepted,0.096
LD00204,L101,L254,"Birmingham, AL","Chicago, IL",reefer,dairy,14904,False,2026-10-16T08:45,2026-10-16T10:45,2026-10-17T09:45,2026-10-17T13:45,693.2,2010.73,standard,tendered,0.033
LD00398,L376,L486,"Chicago, IL","Louisville, KY",dry_van,auto parts,28597,False,2026-10-16T08:45,2026-10-16T10:45,2026-10-16T17:45,2026-10-17T05:45,343.4,1063.16,standard,tendered,0.017
LD00481,L132,L266,"Miami, FL","Columbus, OH",dry_van,electronics,37910,False,2026-10-16T08:45,2026-10-16T16:45,2026-10-18T05:45,2026-10-18T17:45,1219.7,3512.6,standard,tendered,0.107
LD00551,L307,L338,"Chicago, IL","Dallas, TX",dry_van,consumer goods,16282,False,2026-10-16T08:45,2026-10-16T16:45,2026-10-17T14:45,2026-10-18T02:45,969.1,2186.32,standard,accepted,0.049
LD00695,L108,L128,"Houston, TX","Miami, FL",dry_van,consumer goods,36822,False,2026-10-16T08:45,2026-10-16T14:45,2026-10-17T17:45,2026-10-18T17:45,1140.3,2627.71,standard,accepted,0.278
LD01056,L452,L237,"Chicago, IL","Nashville, TN",dry_van,paper products,26424,False,2026-10-16T08:45,2026-10-16T14:45,2026-10-16T19:45,2026-10-17T01:45,506.1,1290.44,critical,accepted,0.013
LD01364,L108,L229,"Houston, TX","Denver, CO",dry_van,consumer goods,22218,False,2026-10-16T08:45,2026-10-16T14:45,2026-10-17T16:45,2026-10-18T04:45,1033.1,2397.06,high,tendered,0.018
LD01537,L149,L490,"Jacksonville, FL","Phoenix, AZ",dry_van,paper products,22443,False,2026-10-16T08:45,2026-10-16T10:45,2026-10-19T07:45,2026-10-20T07:45,2147.1,4457.51,high,accepted,0.156
LD01777,L262,L243,"Minneapolis, MN","Kansas City, MO",dry_van,retail,43340,False,2026-10-16T08:45,2026-10-16T10:45,2026-10-16T19:45,2026-10-17T01:45,476.7,1411.41,standard,accepted,0.028
LD01854,L462,L297,"Indianapolis, IN","Jacksonville, FL",dry_van,consumer goods,40284,False,2026-10-16T08:45,2026-10-16T14:45,2026-10-17T11:45,2026-10-17T23:45,831.3,2051.92,standard,tendered,0.023
LD01950,L127,L052,"Indianapolis, IN","Atlanta, GA",dry_van,auto parts,26668,False,2026-10-16T08:45,2026-10-16T16:45,2026-10-16T20:45,2026-10-17T02:45,528.3,1333.22,critical,tendered,0.083
LD02184,L074,L147,"Dallas, TX","Columbus, OH",dry_van,paper products,32479,False,2026-10-16T08:45,2026-10-16T10:45,2026-10-17T16:45,2026-10-18T04:45,1095.1,2388.12,standard,tendered,0.095
LD02717,L317,L480,"Little Rock, AR","Birmingham, AL",flatbed,steel,27259,False,2026-10-16T08:45,2026-10-16T10:45,2026-10-16T18:45,2026-10-17T18:45,398.7,1277.38,standard,tentative,0.035
LD03257,L442,L150,"St. Louis, MO","Columbus, OH",reefer,meat,40644,False,2026-10-16T08:45,2026-10-16T16:45,2026-10-16T19:45,2026-10-17T19:45,455.8,1572.39,standard,tendered,0.072
LD03293,L217,L160,"Charlotte, NC","San Antonio, TX",dry_van,auto parts,23943,False,2026-10-16T08:45,2026-10-16T10:45,2026-10-18T07:45,2026-10-19T07:45,1311.2,3006.54,standard,accepted,0.152
LD03435,L448,L441,"St. Louis, MO","Columbus, OH",flatbed,steel,36149,False,2026-10-16T08:45,2026-10-16T12:45,2026-10-16T18:45,2026-10-17T18:45,450.8,1498.97,high,tentative,0.027
LD03834,L346,L227,"Houston, TX","Charlotte, NC",dry_van,consumer goods,38620,False,2026-10-16T08:45,2026-10-16T12:45,2026-10-17T15:45,2026-10-17T23:45,1093.8,2832.64,standard,accepted,0.011
LD03845,L396,L229,"Little Rock, AR","Denver, CO",dry_van,consumer goods,36296,False,2026-10-16T08:45,2026-10-16T10:45,2026-10-17T13:45,2026-10-17T17:45,895.1,2170.92,standard,accepted,0.08
LD03941,L389,L195,"Newark, NJ","Little Rock, AR",dry_van,retail,37279,False,2026-10-16T08:45,2026-10-16T12:45,2026-10-18T05:45,2026-10-18T13:45,1281.0,2768.62,standard,accepted,0.004
LD04762,L103,L089,"Chicago, IL","New Orleans, LA",dry_van,consumer goods,42011,True,2026-10-16T08:45,2026-10-16T16:45,2026-10-17T15:45,2026-10-17T19:45,1021.5,2620.68,standard,tendered,0.056
LD04895,L493,L298,"Orlando, FL","Harrisburg, PA",flatbed,pipe,25865,False,2026-10-16T08:45,2026-10-16T14:45,2026-10-17T15:45,2026-10-17T23:45,1037.3,3458.04,standard,tendered,0.005
LD00132,L225,L263,"Chicago, IL","Nashville, TN",dry_van,auto parts,30881,False,2026-10-16T09:00,2026-10-16T11:00,2026-10-16T21:00,2026-10-17T21:00,536.9,1380.66,standard,tendered,0.019
LD00409,L061,L356,"Charlotte, NC","New Orleans, LA",dry_van,consumer goods,42681,False,2026-10-16T09:00,2026-10-16T13:00,2026-10-17T12:00,2026-10-17T16:00,789.3,2098.36,standard,accepted,0.079
LD00669,L279,L129,"Columbus, OH","New Orleans, LA",dry_van,consumer goods,32357,False,2026-10-16T09:00,2026-10-16T13:00,2026-10-17T15:00,2026-10-18T03:00,974.2,2571.14,critical,tentative,0.054
LD00699,L166,L099,"Atlanta, GA","Dallas, TX",dry_van,electronics,19039,False,2026-10-16T09:00,2026-10-16T11:00,2026-10-17T14:00,2026-10-17T18:00,856.9,2253.0,standard,accepted,0.178
LD00975,L454,L286,"Houston, TX","Detroit, MI",flatbed,lumber,34153,False,2026-10-16T09:00,2026-10-16T15:00,2026-10-18T07:00,2026-10-18T11:00,1325.1,3820.94,standard,tendered,0.113
LD00995,L352,L148,"Chicago, IL","Houston, TX",dry_van,retail,40162,False,2026-10-16T09:00,2026-10-16T15:00,2026-10-17T18:00,2026-10-18T18:00,1107.2,2423.98,standard,accepted,0.048
LD01211,L459,L365,"Houston, TX","Birmingham, AL",dry_van,auto parts,40251,False,2026-10-16T09:00,2026-10-16T11:00,2026-10-17T10:00,2026-10-17T16:00,662.8,1570.42,high,tendered,0.043
LD01285,L051,L386,"Indianapolis, IN","Oklahoma City, OK",dry_van,electronics,35208,False,2026-10-16T09:00,2026-10-16T15:00,2026-10-17T12:00,2026-10-17T18:00,778.6,2130.01,high,accepted,0.076
LD01298,L344,L044,"Laredo, TX","Dallas, TX",reefer,produce,39086,False,2026-10-16T09:00,2026-10-16T11:00,2026-10-16T20:00,2026-10-17T04:00,432.1,1303.38,standard,tendered,0.068
LD01542,L141,L067,"Oklahoma City, OK","Houston, TX",dry_van,beverages,30692,False,2026-10-16T09:00,2026-10-16T11:00,2026-10-16T21:00,2026-10-17T09:00,507.4,1466.39,standard,accepted,0.069
LD01781,L064,L090,"Harrisburg, PA","Chicago, IL",dry_van,electronics,30164,False,2026-10-16T09:00,2026-10-16T11:00,2026-10-17T10:00,2026-10-18T10:00,693.1,1997.69,standard,tendered,0.158
LD01946,L424,L427,"Austin, TX","Atlanta, GA",reefer,produce,31757,False,2026-10-16T09:00,2026-10-16T15:00,2026-10-17T16:00,2026-10-18T16:00,1025.8,2787.52,standard,tendered,0.002
LD02023,L064,L245,"Harrisburg, PA","Nashville, TN",dry_van,auto parts,39215,False,2026-10-16T09:00,2026-10-16T17:00,2026-10-17T11:00,2026-10-18T11:00,764.1,2000.21,standard,tentative,0.09
LD02342,L443,L215,"Minneapolis, MN","Oklahoma City, OK",dry_van,consumer goods,22498,False,2026-10-16T09:00,2026-10-16T13:00,2026-10-17T14:00,2026-10-18T14:00,840.0,2341.55,high,accepted,0.066
LD02903,L456,L218,"Memphis, TN","Oklahoma City, OK",flatbed,lumber,17836,False,2026-10-16T09:00,2026-10-16T15:00,2026-10-16T22:00,2026-10-17T10:00,509.4,1530.28,standard,accepted,0.043
LD02926,L146,L279,"Detroit, MI","Columbus, OH",dry_van,beverages,37295,False,2026-10-16T09:00,2026-10-16T13:00,2026-10-16T16:00,2026-10-16T20:00,195.9,790.72,standard,tendered,0.064
LD03011,L235,L245,"Louisville, KY","Nashville, TN",reefer,pharmaceuticals,32184,False,2026-10-16T09:00,2026-10-16T17:00,2026-10-16T16:00,2026-10-17T04:00,171.3,720.31,standard,tendered,0.017
LD03152,L156,L183,"Charlotte, NC","Louisville, KY",dry_van,electronics,35680,False,2026-10-16T09:00,2026-10-16T15:00,2026-10-16T18:00,2026-10-17T06:00,416.1,1240.13,high,tendered,0.068
LD03171,L149,L460,"Jacksonville, FL","Newark, NJ",dry_van,beverages,39937,False,2026-10-16T09:00,2026-10-16T11:00,2026-10-17T15:00,2026-10-18T15:00,1010.4,2573.3,standard,tendered,0.102
LD03388,L366,L100,"Newark, NJ","Charlotte, NC",dry_van,retail,28220,False,2026-10-16T09:00,2026-10-16T11:00,2026-10-17T10:00,2026-10-17T18:00,679.8,1717.45,standard,tendered,0.129
LD03574,L211,L081,"Jacksonville, FL","Laredo, TX",dry_van,paper products,42003,False,2026-10-16T09:00,2026-10-16T15:00,2026-10-18T08:00,2026-10-18T14:00,1353.5,3373.61,critical,tendered,0.042
LD03583,L278,L410,"Newark, NJ","Louisville, KY",reefer,dairy,27377,False,2026-10-16T09:00,2026-10-16T11:00,2026-10-17T10:00,2026-10-17T22:00,736.0,2479.99,high,tendered,0.046
LD04129,L409,L108,"Columbus, OH","Houston, TX",dry_van,beverages,33523,False,2026-10-16T09:00,2026-10-16T15:00,2026-10-18T05:00,2026-10-18T13:00,1212.9,3045.29,standard,tentative,0.116
LD04326,L080,L133,"Denver, CO","Dallas, TX",reefer,produce,39389,False,2026-10-16T09:00,2026-10-16T11:00,2026-10-17T12:00,2026-10-17T18:00,824.1,3010.21,standard,tentative,0.008
LD04838,L157,L473,"Dallas, TX","Phoenix, AZ",reefer,meat,40490,False,2026-10-16T09:00,2026-10-16T17:00,2026-10-17T17:00,2026-10-18T17:00,1084.7,2863.77,critical,tendered,0.025
LD04839,L152,L408,"Memphis, TN","Charlotte, NC",dry_van,auto parts,25089,False,2026-10-16T09:00,2026-10-16T17:00,2026-10-17T08:00,2026-10-17T16:00,616.4,1629.41,standard,tendered,0.018
LD00117,L069,L328,"Los Angeles, CA","Austin, TX",dry_van,beverages,33254,False,2026-10-16T09:15,2026-10-16T17:15,2026-10-18T11:15,2026-10-18T17:15,1465.2,3744.65,standard,tendered,0.067
LD00222,L294,L207,"Los Angeles, CA","Birmingham, AL",dry_van,electronics,41839,False,2026-10-16T09:15,2026-10-16T11:15,2026-10-19T09:15,2026-10-20T09:15,2171.2,4690.67,standard,tentative,0.014
LD00538,L043,L089,"Chicago, IL","New Orleans, LA",reefer,produce,38610,False,2026-10-16T09:15,2026-10-16T17:15,2026-10-17T16:15,2026-10-17T20:15,986.5,2685.44,high,tendered,0.003
LD00967,L405,L409,"St. Louis, MO","Columbus, OH",reefer,dairy,37329,False,2026-10-16T09:15,2026-10-16T15:15,2026-10-16T20:15,2026-10-17T08:15,471.9,1603.14,standard,tendered,0.25
LD01034,L311,L206,"Los Angeles, CA","Oklahoma City, OK",dry_van,beverages,26991,True,2026-10-16T09:15,2026-10-16T17:15,2026-10-18T09:15,2026-10-18T13:15,1455.4,3124.99,standard,tendered,0.033
LD01162,L074,L096,"Dallas, TX","Chicago, IL",dry_van,consumer goods,25904,False,2026-10-16T09:15,2026-10-16T17:15,2026-10-17T14:15,2026-10-17T22:15,945.2,2349.35,standard,tendered,0.039
LD01186,L498,L384,"Louisville, KY","Minneapolis, MN",dry_van,beverages,40025,False,2026-10-16T09:15,2026-10-16T11:15,2026-10-17T11:15,2026-10-17T15:15,729.7,2084.14,standard,tendered,0.038
LD01315,L372,L216,"Dallas, TX","San Antonio, TX",dry_van,electronics,30359,False,2026-10-16T09:15,2026-10-16T17:15,2026-10-16T17:15,2026-10-17T17:15,339.5,1023.47,standard,accepted,0.043
LD01790,L101,L350,"Birmingham, AL","Dallas, TX",dry_van,consumer goods,32732,False,2026-10-16T09:15,2026-10-16T17:15,2026-10-17T10:15,2026-10-17T18:15,696.2,1766.49,standard,tendered,0.058
LD01886,L060,L399,"Dallas, TX","Minneapolis, MN",dry_van,retail,30078,False,2026-10-16T09:15,2026-10-16T13:15,2026-10-17T16:15,2026-10-17T20:15,1036.4,2478.92,standard,tendered,0.004
LD02254,L355,L177,"Houston, TX","Dallas, TX",dry_van,electronics,18275,False,2026-10-16T09:15,2026-10-16T17:15,2026-10-16T16:15,2026-10-16T20:15,271.9,853.54,standard,tentative,0.094
LD02589,L050,L292,"Atlanta, GA","Houston, TX",reefer,produce,32557,False,2026-10-16T09:15,2026-10-16T17:15,2026-10-17T13:15,2026-10-18T01:15,864.0,2744.43,critical,tendered,0.13
LD03136,L319,L124,"Chicago, IL","Detroit, MI",dry_van,auto parts,33316,True,2026-10-16T09:15,2026-10-16T17:15,2026-10-16T16:15,2026-10-17T16:15,286.1,964.38,standard,tendered,0.088
LD03464,L170,L413,"San Antonio, TX","Kansas City, MO",dry_van,retail,34766,True,2026-10-16T09:15,2026-10-16T13:15,2026-10-17T14:15,2026-10-17T22:15,853.4,2201.0,standard,tentative,0.078
LD03813,L250,L368,"Chicago, IL","Oklahoma City, OK",flatbed,lumber,24963,False,2026-10-16T09:15,2026-10-16T15:15,2026-10-17T12:15,2026-10-18T12:15,860.1,2510.58,standard,tendered,0.027
LD04313,L112,L044,"Columbus, OH","Dallas, TX",dry_van,retail,24045,False,2026-10-16T09:15,2026-10-16T11:15,2026-10-17T18:15,2026-10-18T06:15,1120.5,2992.1,high,accepted,0.132
LD04390,L273,L079,"Newark, NJ","Indianapolis, IN",dry_van,retail,39315,False,2026-10-16T09:15,2026-10-16T15:15,2026-10-17T11:15,2026-10-17T19:15,787.7,2141.06,standard,tendered,0.214
LD04706,L053,L370,"Dallas, TX","Orlando, FL",reefer,meat,33888,False,2026-10-16T09:15,2026-10-16T15:15,2026-10-17T18:15,2026-10-18T18:15,1153.7,3266.93,standard,tendered,0.129
LD00302,L213,L090,"Jacksonville, FL","Chicago, IL",dry_van,electronics,39840,False,2026-10-16T09:30,2026-10-16T15:30,2026-10-17T16:30,2026-10-18T16:30,1027.0,2628.92,standard,tendered,0.06
LD00507,L196,L099,"Indianapolis, IN","Dallas, TX",dry_van,consumer goods,26752,False,2026-10-16T09:30,2026-10-16T17:30,2026-10-17T13:30,2026-10-18T01:30,905.6,2322.66,standard,tendered,0.084
LD01448,L103,L399,"Chicago, IL","Minneapolis, MN",dry_van,consumer goods,34058,False,2026-10-16T09:30,2026-10-16T11:30,2026-10-16T19:30,2026-10-17T19:30,397.8,1176.58,standard,tendered,0.044
LD01464,L132,L284,"Miami, FL","Atlanta, GA",reefer,pharmaceuticals,24295,False,2026-10-16T09:30,2026-10-16T11:30,2026-10-17T11:30,2026-10-17T19:30,740.4,2643.72,standard,tendered,0.061
LD01474,L454,L256,"Houston, TX","Harrisburg, PA",reefer,meat,11268,False,2026-10-16T09:30,2026-10-16T13:30,2026-10-18T11:30,2026-10-18T15:30,1528.9,4276.9,standard,accepted,0.003
LD01515,L306,L409,"Dallas, TX","Columbus, OH",dry_van,auto parts,35026,False,2026-10-16T09:30,2026-10-16T11:30,2026-10-17T18:30,2026-10-17T22:30,1101.2,2966.92,standard,accepted,0.088
LD01871,L165,L041,"Newark, NJ","Dallas, TX",dry_van,auto parts,39120,True,2026-10-16T09:30,2026-10-16T13:30,2026-10-18T13:30,2026-10-19T01:30,1667.3,3780.7,standard,tendered,0.038
LD03161,L152,L479,"Memphis, TN","San Antonio, TX",dry_van,beverages,29509,True,2026-10-16T09:30,2026-10-16T13:30,2026-10-17T10:30,2026-10-17T14:30,763.1,1755.54,high,tendered,0.043
LD03777,L444,L299,"Phoenix, AZ","Kansas City, MO",flatbed,steel,37866,False,2026-10-16T09:30,2026-10-16T15:30,2026-10-18T06:30,2026-10-18T12:30,1221.1,4063.14,high,accepted,0.132
LD03836,L335,L325,"Los Angeles, CA","Indianapolis, IN",dry_van,beverages,19195,False,2026-10-16T09:30,2026-10-16T11:30,2026-10-19T10:30,2026-10-19T16:30,2185.8,5430.02,standard,accepted,0.071
LD04216,L384,L342,"Minneapolis, MN","Chicago, IL",dry_van,auto parts,32601,False,2026-10-16T09:30,2026-10-16T11:30,2026-10-16T19:30,2026-10-16T23:30,419.4,1229.47,standard,accepted,0.01
LD00336,L449,L229,"Indianapolis, IN","Denver, CO",dry_van,beverages,11327,False,2026-10-16T09:45,2026-10-16T15:45,2026-10-17T18:45,2026-10-18T18:45,1151.9,2852.04,standard,tendered,0.121
LD00380,L417,L398,"Nashville, TN","Jacksonville, FL",dry_van,electronics,30333,False,2026-10-16T09:45,2026-10-16T11:45,2026-10-17T10:45,2026-10-17T18:45,615.1,1691.53,standard,accepted,0.204
LD00681,L282,L264,"Little Rock, AR","Birmingham, AL",dry_van,auto parts,42873,False,2026-10-16T09:45,2026-10-16T15:45,2026-10-16T20:45,2026-10-17T04:45,375.1,1117.49,standard,tendered,0.132
LD00794,L146,L306,"Detroit, MI","Dallas, TX",dry_van,beverages,40092,False,2026-10-16T09:45,2026-10-16T11:45,2026-10-17T19:45,2026-10-18T01:45,1160.0,2696.52,standard,accepted,0.023
LD00954,L459,L432,"Houston, TX","Miami, FL",dry_van,electronics,20180,False,2026-10-16T09:45,2026-10-16T17:45,2026-10-17T18:45,2026-10-18T02:45,1130.1,2916.9,standard,tendered,0.198
LD01153,L293,L476,"Dallas, TX","Chicago, IL",reefer,produce,22317,False,2026-10-16T09:45,2026-10-16T17:45,2026-10-17T14:45,2026-10-18T14:45,959.0,2733.61,critical,accepted,0.138
LD01206,L453,L079,"Houston, TX","Indianapolis, IN",dry_van,beverages,17953,False,2026-10-16T09:45,2026-10-16T15:45,2026-10-17T15:45,2026-10-18T03:45,1016.8,2381.47,standard,tendered,0.047
LD01339,L118,L435,"Houston, TX","Chicago, IL",reefer,dairy,30642,True,2026-10-16T09:45,2026-10-16T15:45,2026-10-17T18:45,2026-10-18T18:45,1144.7,3587.41,standard,accepted,0.087
LD01471,L443,L131,"Minneapolis, MN","Indianapolis, IN",reefer,pharmaceuticals,33909,False,2026-10-16T09:45,2026-10-16T15:45,2026-10-17T10:45,2026-10-17T18:45,631.8,1908.76,standard,tentative,0.029
LD01504,L242,L398,"Little Rock, AR","Jacksonville, FL",dry_van,auto parts,41769,False,2026-10-16T09:45,2026-10-16T15:45,2026-10-17T13:45,2026-10-18T01:45,874.3,2093.66,critical,tendered,0.061
LD01507,L080,L485,"Denver, CO","Nashville, TN",dry_van,paper products,24605,False,2026-10-16T09:45,2026-10-16T13:45,2026-10-17T19:45,2026-10-18T03:45,1207.7,3565.79,standard,accepted,0.091
LD01793,L085,L404,"Minneapolis, MN","Kansas City, MO",reefer,pharmaceuticals,29762,False,2026-10-16T09:45,2026-10-16T11:45,2026-10-16T20:45,2026-10-17T08:45,487.6,1645.54,critical,accepted,0.037
LD01849,L290,L464,"New Orleans, LA","Louisville, KY",reefer,pharmaceuticals,37305,False,2026-10-16T09:45,2026-10-16T11:45,2026-10-17T11:45,2026-10-18T11:45,760.3,2099.19,standard,accepted,0.042
LD02158,L251,L411,"Chicago, IL","Austin, TX",reefer,dairy,36820,False,2026-10-16T09:45,2026-10-16T13:45,2026-10-17T18:45,2026-10-18T06:45,1133.0,3434.28,standard,accepted,0.018
LD02355,L146,L403,"Detroit, MI","Atlanta, GA",dry_van,auto parts,34266,False,2026-10-16T09:45,2026-10-16T17:45,2026-10-17T11:45,2026-10-18T11:45,715.8,1904.78,standard,tendered,0.115
LD02380,L211,L350,"Jacksonville, FL","Dallas, TX",dry_van,consumer goods,37292,False,2026-10-16T09:45,2026-10-16T15:45,2026-10-17T17:45,2026-10-18T05:45,1100.4,2401.95,standard,accepted,0.069
LD02453,L317,L274,"Little Rock, AR","St. Louis, MO",dry_van,retail,32632,False,2026-10-16T09:45,2026-10-16T13:45,2026-10-16T18:45,2026-10-17T00:45,327.8,1116.62,standard,accepted,0.106
LD02464,L211,L402,"Jacksonville, FL","Miami, FL",reefer,dairy,32237,False,2026-10-16T09:45,2026-10-16T13:45,2026-10-16T18:45,2026-10-17T18:45,392.7,1499.83,standard,accepted,0.063
LD02523,L152,L411,"Memphis, TN","Austin, TX",dry_van,electronics,35772,False,2026-10-16T09:45,2026-10-16T11:45,2026-10-17T09:45,2026-10-17T13:45,663.2,1745.63,high,tendered,0.04
LD03033,L166,L068,"Atlanta, GA","San Antonio, TX",dry_van,consumer goods,16822,True,2026-10-16T09:45,2026-10-16T11:45,2026-10-17T17:45,2026-10-18T01:45,1034.7,2752.78,standard,tendered,0.036
LD03497,L371,L330,"Chicago, IL","Kansas City, MO",dry_van,electronics,22628,False,2026-10-16T09:45,2026-10-16T11:45,2026-10-16T22:45,2026-10-17T06:45,516.6,1542.44,standard,tendered,0.064
LD03550,L291,L402,"Houston, TX","Miami, FL",dry_van,consumer goods,21211,False,2026-10-16T09:45,2026-10-16T15:45,2026-10-17T18:45,2026-10-18T18:45,1199.7,2774.23,high,accepted,0.124
LD03903,L376,L357,"Chicago, IL","Indianapolis, IN",reefer,pharmaceuticals,31293,False,2026-10-16T09:45,2026-10-16T15:45,2026-10-16T16:45,2026-10-16T20:45,209.9,832.49,standard,accepted,0.057
LD03947,L398,L239,"Jacksonville, FL","Houston, TX",dry_van,retail,27846,False,2026-10-16T09:45,2026-10-16T17:45,2026-10-17T16:45,2026-10-18T04:45,995.7,2388.62,high,accepted,0.126
LD04793,L396,L220,"Little Rock, AR","Chicago, IL",reefer,frozen food,31110,False,2026-10-16T09:45,2026-10-16T11:45,2026-10-17T10:45,2026-10-17T22:45,686.2,2290.32,standard,accepted,0.043
LD00140,L458,L338,"Houston, TX","Dallas, TX",reefer,frozen food,38263,False,2026-10-16T10:00,2026-10-16T16:00,2026-10-16T17:00,2026-10-16T21:00,281.8,1032.37,standard,tentative,0.009
LD00172,L358,L435,"Newark, NJ","Chicago, IL",dry_van,retail,34099,False,2026-10-16T10:00,2026-10-16T14:00,2026-10-17T14:00,2026-10-17T18:00,827.0,1926.6,standard,accepted,0.191
LD00191,L382,L403,"Memphis, TN","Atlanta, GA",dry_van,auto parts,39116,False,2026-10-16T10:00,2026-10-16T12:00,2026-10-16T19:00,2026-10-17T03:00,354.4,1046.24,standard,tendered,0.0
LD00261,L168,L102,"Jacksonville, FL","Indianapolis, IN",dry_van,electronics,41217,False,2026-10-16T10:00,2026-10-16T18:00,2026-10-17T13:00,2026-10-17T19:00,816.9,2243.49,standard,tendered,0.024
LD00279,L168,L427,"Jacksonville, FL","Atlanta, GA",dry_van,paper products,12806,True,2026-10-16T10:00,2026-10-16T14:00,2026-10-16T18:00,2026-10-16T22:00,319.1,963.16,standard,accepted,0.219
LD00474,L235,L042,"Louisville, KY","Chicago, IL",dry_van,electronics,38889,False,2026-10-16T10:00,2026-10-16T18:00,2026-10-16T19:00,2026-10-17T07:00,298.2,1023.64,standard,tendered,0.051
LD00502,L098,L359,"Houston, TX","Orlando, FL",dry_van,beverages,23222,False,2026-10-16T10:00,2026-10-16T12:00,2026-10-17T18:00,2026-10-17T22:00,1013.7,2732.33,standard,accepted,0.062
LD00593,L480,L041,"Birmingham, AL","Dallas, TX",dry_van,electronics,20267,False,2026-10-16T10:00,2026-10-16T14:00,2026-10-17T11:00,2026-10-18T11:00,738.8,1936.75,standard,tendered,0.034
LD00940,L043,L184,"Chicago, IL","Newark, NJ",reefer,produce,18648,False,2026-10-16T10:00,2026-10-16T16:00,2026-10-17T14:00,2026-10-17T18:00,838.0,2463.5,standard,accepted,0.045
LD01005,L332,L147,"Indianapolis, IN","Columbus, OH",dry_van,paper products,43303,False,2026-10-16T10:00,2026-10-16T18:00,2026-10-16T17:00,2026-10-16T21:00,209.4,777.34,standard,tendered,0.059
LD01232,L104,L380,"Nashville, TN","Birmingham, AL",dry_van,electronics,26661,False,2026-10-16T10:00,2026-10-16T18:00,2026-10-16T17:00,2026-10-17T05:00,210.2,820.53,standard,tendered,0.004
LD01290,L301,L205,"Denver, CO","Oklahoma City, OK",dry_van,retail,33290,False,2026-10-16T10:00,2026-10-16T16:00,2026-10-17T09:00,2026-10-17T13:00,620.9,2056.62,standard,tendered,0.033
LD01442,L480,L150,"Birmingham, AL","Columbus, OH",reefer,dairy,16067,False,2026-10-16T10:00,2026-10-16T12:00,2026-10-16T22:00,2026-10-17T02:00,555.1,1688.37,standard,tendered,0.052
LD01628,L346,L102,"Houston, TX","Indianapolis, IN",dry_van,paper products,27202,False,2026-10-16T10:00,2026-10-16T12:00,2026-10-17T16:00,2026-10-17T22:00,1048.2,2287.94,standard,tentative,0.086
LD01940,L070,L316,"Little Rock, AR","New Orleans, LA",dry_van,auto parts,33245,False,2026-10-16T10:00,2026-10-16T16:00,2026-10-16T20:00,2026-10-17T20:00,433.3,1383.16,standard,tendered,0.063
LD02296,L179,L102,"Los Angeles, CA","Indianapolis, IN",reefer,produce,28913,False,2026-10-16T10:00,2026-10-16T12:00,2026-10-19T09:00,2026-10-19T17:00,2178.4,5978.56,standard,accepted,0.047
LD02822,L472,L449,"St. Louis, MO","Indianapolis, IN",dry_van,retail,39955,False,2026-10-16T10:00,2026-10-16T18:00,2026-10-16T18:00,2026-10-17T18:00,260.4,807.32,standard,tendered,0.097
LD03002,L161,L407,"Nashville, TN","Los Angeles, CA",dry_van,electronics,35040,False,2026-10-16T10:00,2026-10-16T12:00,2026-10-19T09:00,2026-10-20T09:00,2126.9,4299.78,standard,tendered,0.033
LD03045,L371,L133,"Chicago, IL","Dallas, TX",dry_van,retail,20041,False,2026-10-16T10:00,2026-10-16T18:00,2026-10-17T18:00,2026-10-18T02:00,972.2,2184.73,standard,accepted,0.029
LD03377,L106,L368,"Chicago, IL","Oklahoma City, OK",reefer,frozen food,23988,False,2026-10-16T10:00,2026-10-16T12:00,2026-10-17T14:00,2026-10-18T02:00,865.4,2590.1,standard,accepted,0.029
LD04512,L382,L176,"Memphis, TN","Denver, CO",dry_van,consumer goods,32502,False,2026-10-16T10:00,2026-10-16T14:00,2026-10-17T18:00,2026-10-18T06:00,1070.5,2392.75,standard,accepted,0.08
LD04663,L376,L421,"Chicago, IL","Louisville, KY",dry_van,beverages,34446,False,2026-10-16T10:00,2026-10-16T16:00,2026-10-16T19:00,2026-10-17T01:00,316.4,1071.25,standard,tendered,0.044
LD00123,L072,L423,"Atlanta, GA","St. Louis, MO",flatbed,pipe,37079,False,2026-10-16T10:15,2026-10-16T12:15,2026-10-16T23:15,2026-10-17T05:15,549.8,1687.95,standard,tendered,0.058
LD00328,L360,L433,"Columbus, OH","Charlotte, NC",dry_van,electronics,31691,False,2026-10-16T10:15,2026-10-16T12:15,2026-10-16T21:15,2026-10-17T21:15,439.0,1187.38,standard,accepted,0.046
LD00357,L475,L217,"Indianapolis, IN","Charlotte, NC",flatbed,building materials,42780,False,2026-10-16T10:15,2026-10-16T16:15,2026-10-16T22:15,2026-10-17T10:15,536.4,1803.95,high,tendered,0.006
LD00435,L167,L047,"Little Rock, AR","El Paso, TX",dry_van,auto parts,14068,False,2026-10-16T10:15,2026-10-16T12:15,2026-10-17T17:15,2026-10-18T17:15,989.9,2439.29,standard,accepted,0.035
LD01052,L157,L124,"Dallas, TX","Detroit, MI",flatbed,steel,39620,False,2026-10-16T10:15,2026-10-16T12:15,2026-10-17T20:15,2026-10-18T02:15,1198.9,3462.55,standard,tendered,0.009
LD01064,L085,L439,"Minneapolis, MN","Oklahoma City, OK",reefer,dairy,41350,False,2026-10-16T10:15,2026-10-16T12:15,2026-10-17T14:15,2026-10-18T14:15,835.9,2264.08,standard,tendered,0.045
LD01830,L355,L089,"Houston, TX","New Orleans, LA",dry_van,auto parts,21810,False,2026-10-16T10:15,2026-10-16T12:15,2026-10-16T18:15,2026-10-17T02:15,345.2,1138.51,high,tendered,0.025
LD02174,L153,L353,"El Paso, TX","Atlanta, GA",flatbed,building materials,17645,False,2026-10-16T10:15,2026-10-16T18:15,2026-10-18T12:15,2026-10-18T20:15,1558.0,4404.71,high,tendered,0.012
LD02667,L366,L056,"Newark, NJ","Minneapolis, MN",dry_van,electronics,13587,False,2026-10-16T10:15,2026-10-16T16:15,2026-10-17T20:15,2026-10-18T00:15,1209.0,2801.18,standard,accepted,0.187
LD02933,L466,L090,"Nashville, TN","Chicago, IL",dry_van,beverages,32879,False,2026-10-16T10:15,2026-10-16T12:15,2026-10-16T22:15,2026-10-17T22:15,480.6,1454.91,standard,tendered,0.055
LD03137,L480,L404,"Birmingham, AL","Kansas City, MO",reefer,pharmaceuticals,31814,False,2026-10-16T10:15,2026-10-16T12:15,2026-10-17T11:15,2026-10-18T11:15,700.8,1990.74,standard,tendered,0.161
LD03155,L489,L419,"Atlanta, GA","Charlotte, NC",flatbed,lumber,35660,False,2026-10-16T10:15,2026-10-16T18:15,2026-10-16T19:15,2026-10-16T23:15,315.4,1112.75,standard,accepted,0.067
LD03286,L130,L482,"Memphis, TN","Orlando, FL",reefer,meat,25458,False,2026-10-16T10:15,2026-10-16T12:15,2026-10-17T13:15,2026-10-17T21:15,819.9,2232.37,high,tendered,0.009
LD03805,L348,L133,"Los Angeles, CA","Dallas, TX",dry_van,electronics,25396,False,2026-10-16T10:15,2026-10-16T14:15,2026-10-18T12:15,2026-10-19T12:15,1512.0,3542.56,high,tentative,0.044
LD03863,L169,L184,"Charlotte, NC","Newark, NJ",dry_van,paper products,38418,False,2026-10-16T10:15,2026-10-16T16:15,2026-10-16T23:15,2026-10-17T03:15,604.5,1545.78,standard,tendered,0.18
LD04080,L290,L170,"New Orleans, LA","San Antonio, TX",dry_van,retail,36652,False,2026-10-16T10:15,2026-10-16T14:15,2026-10-17T09:15,2026-10-17T13:15,610.9,1787.89,standard,accepted,0.006
LD04466,L235,L340,"Louisville, KY","Detroit, MI",dry_van,auto parts,36123,False,2026-10-16T10:15,2026-10-16T14:15,2026-10-16T20:15,2026-10-17T02:15,376.7,1163.16,standard,tendered,0.026
LD00161,L074,L239,"Dallas, TX","Houston, TX",dry_van,consumer goods,31751,False,2026-10-16T10:30,2026-10-16T18:30,2026-10-16T17:30,2026-10-17T01:30,242.1,905.7,high,accepted,0.027
LD00164,L092,L460,"Chicago, IL","Newark, NJ",dry_van,retail,39900,False,2026-10-16T10:30,2026-10-16T14:30,2026-10-17T13:30,2026-10-18T01:30,815.3,1873.08,standard,accepted,0.025
LD00557,L184,L463,"Newark, NJ","Indianapolis, IN",dry_van,paper products,17010,False,2026-10-16T10:30,2026-10-16T12:30,2026-10-17T13:30,2026-10-17T19:30,765.0,2066.66,standard,accepted,0.059
LD00563,L162,L192,"Memphis, TN","Chicago, IL",dry_van,retail,32019,False,2026-10-16T10:30,2026-10-16T12:30,2026-10-16T23:30,2026-10-17T07:30,575.8,1441.19,standard,tendered,0.142
LD00573,L127,L201,"Indianapolis, IN","Dallas, TX",dry_van,paper products,32605,False,2026-10-16T10:30,2026-10-16T14:30,2026-10-17T14:30,2026-10-18T02:30,893.9,2355.75,standard,tendered,0.103
LD00761,L312,L188,"Los Angeles, CA","Phoenix, AZ",dry_van,consumer goods,32117,False,2026-10-16T10:30,2026-10-16T12:30,2026-10-16T22:30,2026-10-17T10:30,462.6,1320.99,standard,tendered,0.179
LD00782,L290,L097,"New Orleans, LA","Denver, CO",dry_van,consumer goods,25567,False,2026-10-16T10:30,2026-10-16T16:30,2026-10-18T08:30,2026-10-18T12:30,1325.1,3521.71,standard,tendered,0.01
LD01032,L050,L299,"Atlanta, GA","Kansas City, MO",dry_van,retail,16190,False,2026-10-16T10:30,2026-10-16T14:30,2026-10-17T14:30,2026-10-17T22:30,828.9,2256.05,standard,accepted,0.188
LD01161,L137,L125,"Jacksonville, FL","Dallas, TX",reefer,dairy,13810,False,2026-10-16T10:30,2026-10-16T12:30,2026-10-17T18:30,2026-10-18T00:30,1099.8,3048.25,standard,accepted,0.105
LD01306,L076,L128,"Harrisburg, PA","Miami, FL",dry_van,paper products,35950,False,2026-10-16T10:30,2026-10-16T18:30,2026-10-17T21:30,2026-10-18T01:30,1199.4,2784.46,high,tendered,0.125
LD01897,L106,L338,"Chicago, IL","Dallas, TX",dry_van,retail,21039,False,2026-10-16T10:30,2026-10-16T18:30,2026-10-17T16:30,2026-10-18T04:30,981.4,2469.86,standard,tendered,0.06
LD02084,L413,L261,"Kansas City, MO","Chicago, IL",dry_van,retail,28754,False,2026-10-16T10:30,2026-10-16T12:30,2026-10-16T22:30,2026-10-17T22:30,505.6,1315.53,standard,tendered,0.15
LD02217,L382,L322,"Memphis, TN","Kansas City, MO",dry_van,paper products,36275,False,2026-10-16T10:30,2026-10-16T12:30,2026-10-16T21:30,2026-10-17T09:30,485.0,1290.05,standard,tendered,0.04
LD02659,L080,L412,"Denver, CO","Memphis, TN",flatbed,building materials,41258,False,2026-10-16T10:30,2026-10-16T12:30,2026-10-17T17:30,2026-10-18T05:30,1034.1,2980.5,standard,tendered,0.092
LD03001,L070,L176,"Little Rock, AR","Denver, CO",dry_van,electronics,42086,False,2026-10-16T10:30,2026-10-16T16:30,2026-10-17T15:30,2026-10-18T15:30,916.1,2200.54,standard,accepted,0.052
LD03025,L190,L263,"Oklahoma City, OK","Nashville, TN",dry_van,electronics,25168,False,2026-10-16T10:30,2026-10-16T14:30,2026-10-17T12:30,2026-10-17T16:30,756.4,1934.59,standard,accepted,0.029
LD03065,L071,L426,"Dallas, TX","St. Louis, MO",dry_van,retail,33337,False,2026-10-16T10:30,2026-10-16T12:30,2026-10-17T11:30,2026-10-17T17:30,666.3,1808.91,high,tendered,0.078
LD03364,L467,L105,"Miami, FL","Kansas City, MO",dry_van,consumer goods,24127,False,2026-10-16T10:30,2026-10-16T12:30,2026-10-18T11:30,2026-10-18T17:30,1494.3,4192.5,high,tendered,0.03
LD03402,L073,L459,"Laredo, TX","Houston, TX",reefer,pharmaceuticals,25527,False,2026-10-16T10:30,2026-10-16T12:30,2026-10-16T21:30,2026-10-17T09:30,389.1,1415.78,high,accepted,0.09
LD03467,L441,L082,"Columbus, OH","Phoenix, AZ",dry_van,auto parts,19187,False,2026-10-16T10:30,2026-10-16T14:30,2026-10-19T06:30,2026-10-20T06:30,1974.2,4781.48,standard,accepted,0.093
LD03693,L317,L424,"Little Rock, AR","Austin, TX",dry_van,electronics,39559,False,2026-10-16T10:30,2026-10-16T16:30,2026-10-16T23:30,2026-10-17T11:30,576.2,1517.04,standard,tendered,0.14
LD03835,L458,L107,"Houston, TX","Chicago, IL",dry_van,electronics,38567,False,2026-10-16T10:30,2026-10-16T18:30,2026-10-17T18:30,2026-10-17T22:30,1128.1,2688.45,high,accepted,0.048
LD04300,L075,L150,"Chicago, IL","Columbus, OH",reefer,produce,23151,False,2026-10-16T10:30,2026-10-16T16:30,2026-10-16T19:30,2026-10-17T01:30,344.5,1150.84,standard,accepted,0.016
LD04403,L258,L115,"Charlotte, NC","Miami, FL",dry_van,electronics,14257,False,2026-10-16T10:30,2026-10-16T14:30,2026-10-17T12:30,2026-10-17T18:30,808.4,2077.8,standard,accepted,0.045
LD04756,L412,L097,"Memphis, TN","Denver, CO",dry_van,paper products,37347,False,2026-10-16T10:30,2026-10-16T12:30,2026-10-17T16:30,2026-10-17T22:30,1035.6,2548.44,standard,tendered,0.091
LD04758,L412,L384,"Memphis, TN","Minneapolis, MN",dry_van,paper products,40740,False,2026-10-16T10:30,2026-10-16T18:30,2026-10-17T12:30,2026-10-18T00:30,800.4,2157.27,standard,tentative,0.049
LD04933,L307,L087,"Chicago, IL","Jacksonville, FL",reefer,produce,35831,False,2026-10-16T10:30,2026-10-16T12:30,2026-10-17T17:30,2026-10-18T17:30,1032.5,3295.48,high,tendered,0.039
LD00294,L191,L310,"Los Angeles, CA","El Paso, TX",dry_van,retail,31498,False,2026-10-16T10:45,2026-10-16T18:45,2026-10-17T16:45,2026-10-18T00:45,838.6,2062.96,critical,accepted,0.017
LD00625,L276,L246,"Charlotte, NC","Columbus, OH",dry_van,retail,20456,False,2026-10-16T10:45,2026-10-16T14:45,2026-10-16T20:45,2026-10-17T00:45,419.8,1146.6,standard,tentative,0.121
LD00721,L250,L295,"Chicago, IL","New Orleans, LA",dry_van,consumer goods,35214,True,2026-10-16T10:45,2026-10-16T16:45,2026-10-17T16:45,2026-10-18T04:45,987.6,2431.53,standard,tendered,0.11
LD01358,L166,L349,"Atlanta, GA","Charlotte, NC",dry_van,paper products,28206,False,2026-10-16T10:45,2026-10-16T14:45,2026-10-16T18:45,2026-10-17T06:45,281.7,976.52,standard,tendered,0.034
LD01524,L069,L218,"Los Angeles, CA","Oklahoma City, OK",dry_van,paper products,41585,True,2026-10-16T10:45,2026-10-16T12:45,2026-10-18T11:45,2026-10-18T17:45,1420.4,3491.84,standard,accepted,0.032
LD01563,L268,L272,"Orlando, FL","Nashville, TN",dry_van,paper products,36334,False,2026-10-16T10:45,2026-10-16T12:45,2026-10-17T13:45,2026-10-18T01:45,744.0,2327.65,standard,accepted,0.216
LD01733,L321,L139,"Miami, FL","Jacksonville, FL",dry_van,retail,22953,False,2026-10-16T10:45,2026-10-16T12:45,2026-10-16T18:45,2026-10-17T02:45,368.7,1185.23,standard,tendered,0.012
LD02247,L167,L413,"Little Rock, AR","Kansas City, MO",reefer,pharmaceuticals,38425,False,2026-10-16T10:45,2026-10-16T12:45,2026-10-16T19:45,2026-10-17T03:45,373.4,1356.84,standard,accepted,0.085
LD02354,L358,L201,"Newark, NJ","Dallas, TX",dry_van,auto parts,27309,False,2026-10-16T10:45,2026-10-16T14:45,2026-10-18T14:45,2026-10-19T14:45,1621.1,3805.21,critical,tentative,0.169
LD02484,L193,L304,"Denver, CO","New Orleans, LA",dry_van,retail,25639,False,2026-10-16T10:45,2026-10-16T16:45,2026-10-18T09:45,2026-10-18T21:45,1296.2,3429.81,standard,tentative,0.159
LD02672,L466,L269,"Nashville, TN","Harrisburg, PA",dry_van,beverages,42825,False,2026-10-16T10:45,2026-10-16T16:45,2026-10-17T12:45,2026-10-18T00:45,726.4,1721.31,standard,tendered,0.007
LD02814,L143,L051,"Chicago, IL","Indianapolis, IN",dry_van,electronics,29838,False,2026-10-16T10:45,2026-10-16T18:45,2026-10-16T17:45,2026-10-17T17:45,197.0,790.5,standard,tendered,0.119
LD02848,L150,L105,"Columbus, OH","Kansas City, MO",dry_van,auto parts,30712,False,2026-10-16T10:45,2026-10-16T16:45,2026-10-17T12:45,2026-10-17T20:45,751.8,1840.35,standard,accepted,0.106
LD03023,L290,L471,"New Orleans, LA","Charlotte, NC",reefer,pharmaceuticals,32648,False,2026-10-16T10:45,2026-10-16T18:45,2026-10-17T12:45,2026-10-17T16:45,783.6,2236.57,standard,tendered,0.02
LD03053,L300,L136,"Houston, TX","San Antonio, TX",dry_van,paper products,38565,False,2026-10-16T10:45,2026-10-16T16:45,2026-10-16T18:45,2026-10-17T02:45,242.1,895.5,standard,tentative,0.03
LD03107,L290,L087,"New Orleans, LA","Jacksonville, FL",reefer,frozen food,31447,False,2026-10-16T10:45,2026-10-16T12:45,2026-10-16T23:45,2026-10-17T05:45,585.0,1677.36,standard,tendered,0.012
LD03151,L294,L231,"Los Angeles, CA","El Paso, TX",flatbed,building materials,35558,False,2026-10-16T10:45,2026-10-16T12:45,2026-10-17T14:45,2026-10-18T14:45,833.9,2153.84,high,tendered,0.086
LD03428,L158,L350,"Atlanta, GA","Dallas, TX",dry_van,consumer goods,33057,False,2026-10-16T10:45,2026-10-16T12:45,2026-10-17T13:45,2026-10-18T01:45,829.5,2105.72,standard,tendered,0.097
LD03793,L106,L110,"Chicago, IL","Dallas, TX",dry_van,beverages,20744,False,2026-10-16T10:45,2026-10-16T12:45,2026-10-17T15:45,2026-10-18T03:45,965.2,2482.1,high,accepted,0.072
LD03804,L062,L140,"Laredo, TX","Kansas City, MO",dry_van,consumer goods,26103,False,2026-10-16T10:45,2026-10-16T12:45,2026-10-17T18:45,2026-10-18T02:45,1018.3,2533.27,standard,tentative,0.098
LD04106,L332,L075,"Indianapolis, IN","Chicago, IL",dry_van,electronics,18358,False,2026-10-16T10:45,2026-10-16T18:45,2026-10-16T17:45,2026-10-17T17:45,214.8,825.86,standard,accepted,0.09
LD04164,L155,L105,"Los Angeles, CA","Kansas City, MO",dry_van,consumer goods,20784,False,2026-10-16T10:45,2026-10-16T12:45,2026-10-18T13:45,2026-10-19T01:45,1594.4,3785.35,standard,accepted,0.125
LD04315,L498,L245,"Louisville, KY","Nashville, TN",reefer,dairy,21179,False,2026-10-16T10:45,2026-10-16T14:45,2026-10-16T16:45,2026-10-16T20:45,186.6,838.24,standard,tendered,0.097
LD00333,L108,L206,"Houston, TX","Oklahoma City, OK",reefer,produce,33434,False,2026-10-16T11:00,2026-10-16T13:00,2026-10-16T23:00,2026-10-17T23:00,488.3,1598.83,high,tendered,0.051
LD00475,L437,L160,"Laredo, TX","San Antonio, TX",reefer,frozen food,37840,False,2026-10-16T11:00,2026-10-16T15:00,2026-10-16T18:00,2026-10-16T22:00,201.5,786.92,standard,tendered,0.06
LD00686,L106,L207,"Chicago, IL","Birmingham, AL",dry_van,beverages,35504,False,2026-10-16T11:00,2026-10-16T17:00,2026-10-17T11:00,2026-10-18T11:00,686.4,1900.26,standard,tendered,0.003
LD00908,L074,L202,"Dallas, TX","Atlanta, GA",dry_van,auto parts,30096,False,2026-10-16T11:00,2026-10-16T13:00,2026-10-17T15:00,2026-10-17T23:00,865.7,2174.8,standard,accepted,0.195
LD01000,L466,L411,"Nashville, TN","Austin, TX",dry_van,retail,39844,False,2026-10-16T11:00,2026-10-16T17:00,2026-10-17T16:00,2026-10-18T16:00,897.5,2038.87,standard,tendered,0.124
LD01152,L130,L214,"Memphis, TN","Newark, NJ",dry_van,electronics,14783,False,2026-10-16T11:00,2026-10-16T15:00,2026-10-17T20:00,2026-10-18T00:00,1139.7,2570.97,standard,accepted,0.208
LD01325,L424,L291,"Austin, TX","Houston, TX",dry_van,paper products,36109,False,2026-10-16T11:00,2026-10-16T15:00,2026-10-16T16:00,2026-10-16T20:00,163.4,647.61,high,tendered,0.13
LD01763,L043,L373,"Chicago, IL","Atlanta, GA",dry_van,electronics,32021,False,2026-10-16T11:00,2026-10-16T13:00,2026-10-17T13:00,2026-10-17T21:00,711.6,2034.34,standard,tendered,0.112
LD02003,L380,L177,"Birmingham, AL","Dallas, TX",dry_van,paper products,26997,False,2026-10-16T11:00,2026-10-16T13:00,2026-10-17T13:00,2026-10-17T19:00,706.1,1704.44,standard,tendered,0.02
LD02869,L068,L423,"San Antonio, TX","St. Louis, MO",dry_van,retail,27413,False,2026-10-16T11:00,2026-10-16T19:00,2026-10-17T17:00,2026-10-18T17:00,939.2,2402.23,standard,tendered,0.002
LD04048,L118,L254,"Houston, TX","Chicago, IL",flatbed,lumber,11858,False,2026-10-16T11:00,2026-10-16T17:00,2026-10-17T21:00,2026-10-18T01:00,1163.7,2947.11,standard,tendered,0.002
LD04260,L300,L217,"Houston, TX","Charlotte, NC",dry_van,paper products,37353,False,2026-10-16T11:00,2026-10-16T15:00,2026-10-17T21:00,2026-10-18T01:00,1120.4,3028.84,standard,tendered,0.013
LD04282,L411,L421,"Austin, TX","Louisville, KY",dry_van,paper products,28694,False,2026-10-16T11:00,2026-10-16T13:00,2026-10-17T18:00,2026-10-18T06:00,1025.2,2277.1,standard,accepted,0.126
LD04284,L149,L304,"Jacksonville, FL","New Orleans, LA",dry_van,consumer goods,26086,False,2026-10-16T11:00,2026-10-16T13:00,2026-10-16T23:00,2026-10-17T05:00,592.9,1616.6,standard,accepted,0.057
LD04420,L348,L234,"Los Angeles, CA","Phoenix, AZ",dry_van,electronics,30874,False,2026-10-16T11:00,2026-10-16T19:00,2026-10-16T21:00,2026-10-17T05:00,439.1,1227.72,standard,accepted,0.079
LD04778,L380,L472,"Birmingham, AL","St. Louis, MO",reefer,dairy,25789,False,2026-10-16T11:00,2026-10-16T15:00,2026-10-17T00:00,2026-10-17T04:00,502.2,1730.06,standard,tendered,0.067
LD00217,L193,L042,"Denver, CO","Chicago, IL",reefer,produce,11826,False,2026-10-16T11:15,2026-10-16T17:15,2026-10-17T20:15,2026-10-18T20:15,1095.7,3380.0,standard,tendered,0.016
LD00498,L119,L105,"New Orleans, LA","Kansas City, MO",reefer,pharmaceuticals,30614,False,2026-10-16T11:15,2026-10-16T15:15,2026-10-17T14:15,2026-10-17T18:15,786.2,2583.51,standard,tendered,0.024
LD00575,L258,L255,"Charlotte, NC","Detroit, MI",dry_van,retail,34611,False,2026-10-16T11:15,2026-10-16T13:15,2026-10-17T10:15,2026-10-17T18:15,614.5,1589.22,standard,tendered,0.069
LD00775,L070,L096,"Little Rock, AR","Chicago, IL",flatbed,steel,28252,False,2026-10-16T11:15,2026-10-16T15:15,2026-10-17T10:15,2026-10-17T14:15,629.2,2056.89,standard,tendered,0.011
LD00886,L355,L168,"Houston, TX","Jacksonville, FL",dry_van,consumer goods,24008,False,2026-10-16T11:15,2026-10-16T17:15,2026-10-17T17:15,2026-10-18T05:15,980.5,2177.33,standard,tentative,0.099
LD01085,L191,L474,"Los Angeles, CA","Chicago, IL",reefer,dairy,34121,False,2026-10-16T11:15,2026-10-16T13:15,2026-10-19T11:15,2026-10-19T15:15,2084.9,5567.58,standard,tentative,0.091
LD01216,L143,L299,"Chicago, IL","Kansas City, MO",flatbed,pipe,33245,False,2026-10-16T11:15,2026-10-16T13:15,2026-10-16T23:15,2026-10-17T05:15,502.9,1432.89,standard,tendered,0.012
LD01230,L355,L156,"Houston, TX","Charlotte, NC",reefer,pharmaceuticals,37756,False,2026-10-16T11:15,2026-10-16T15:15,2026-10-17T19:15,2026-10-18T03:15,1103.1,2994.06,standard,tendered,0.015
LD01569,L227,L207,"Charlotte, NC","Birmingham, AL",dry_van,auto parts,41496,False,2026-10-16T11:15,2026-10-16T15:15,2026-10-16T21:15,2026-10-17T21:15,385.4,1207.28,standard,tendered,0.132
LD01656,L146,L206,"Detroit, MI","Oklahoma City, OK",dry_van,beverages,34074,False,2026-10-16T11:15,2026-10-16T19:15,2026-10-17T19:15,2026-10-18T03:15,1047.0,2799.96,standard,accepted,0.004
LD01660,L085,L415,"Minneapolis, MN","Chicago, IL",dry_van,retail,37263,False,2026-10-16T11:15,2026-10-16T13:15,2026-10-16T21:15,2026-10-17T05:15,443.6,1149.84,standard,tendered,0.035
LD01668,L190,L168,"Oklahoma City, OK","Jacksonville, FL",dry_van,paper products,27778,False,2026-10-16T11:15,2026-10-16T13:15,2026-10-17T22:15,2026-10-18T10:15,1200.8,2756.03,standard,accepted,0.021
LD01706,L232,L051,"San Antonio, TX","Indianapolis, IN",dry_van,electronics,25539,False,2026-10-16T11:15,2026-10-16T13:15,2026-10-17T21:15,2026-10-18T03:15,1146.7,3060.2,standard,tendered,0.037
LD01731,L376,L097,"Chicago, IL","Denver, CO",dry_van,electronics,24148,False,2026-10-16T11:15,2026-10-16T13:15,2026-10-17T19:15,2026-10-18T19:15,1064.8,2830.09,standard,tendered,0.165
LD01874,L300,L383,"Houston, TX","Charlotte, NC",dry_van,beverages,31719,False,2026-10-16T11:15,2026-10-16T13:15,2026-10-17T21:15,2026-10-18T21:15,1102.8,2961.96,standard,tendered,0.028
LD02376,L173,L119,"Atlanta, GA","New Orleans, LA",dry_van,auto parts,32175,False,2026-10-16T11:15,2026-10-16T19:15,2026-10-16T22:15,2026-10-17T02:15,520.7,1402.18,standard,tendered,0.084
LD02911,L170,L122,"San Antonio, TX","Chicago, IL",dry_van,auto parts,20451,False,2026-10-16T11:15,2026-10-16T13:15,2026-10-18T10:15,2026-10-18T16:15,1285.6,3051.87,standard,tendered,0.0
LD03036,L348,L043,"Los Angeles, CA","Chicago, IL",dry_van,auto parts,36010,False,2026-10-16T11:15,2026-10-16T19:15,2026-10-19T10:15,2026-10-20T10:15,2093.9,4796.52,standard,tendered,0.03
LD03302,L106,L361,"Chicago, IL","Little Rock, AR",dry_van,electronics,39755,False,2026-10-16T11:15,2026-10-16T15:15,2026-10-17T11:15,2026-10-18T11:15,675.4,1696.93,critical,tendered,0.068
LD03414,L062,L123,"Laredo, TX","Los Angeles, CA",dry_van,paper products,17715,False,2026-10-16T11:15,2026-10-16T15:15,2026-10-18T13:15,2026-10-18T21:15,1459.4,3182.36,standard,tendered,0.018
LD03607,L323,L480,"Detroit, MI","Birmingham, AL",reefer,meat,31616,False,2026-10-16T11:15,2026-10-16T19:15,2026-10-17T13:15,2026-10-18T01:15,729.3,2272.27,standard,accepted,0.056
LD03620,L123,L351,"Los Angeles, CA","Chicago, IL",dry_van,paper products,9141,True,2026-10-16T11:15,2026-10-16T13:15,2026-10-19T09:15,2026-10-19T21:15,2120.0,4719.71,standard,tentative,0.108
LD03639,L439,L233,"Oklahoma City, OK","Miami, FL",dry_van,auto parts,37450,False,2026-10-16T11:15,2026-10-16T19:15,2026-10-18T12:15,2026-10-19T12:15,1477.1,3582.51,standard,accepted,0.147
LD03678,L403,L432,"Atlanta, GA","Miami, FL",dry_van,paper products,26658,False,2026-10-16T11:15,2026-10-16T17:15,2026-10-17T12:15,2026-10-18T12:15,729.9,1772.42,standard,tentative,0.016
LD03684,L198,L234,"Minneapolis, MN","Phoenix, AZ",flatbed,lumber,27747,False,2026-10-16T11:15,2026-10-16T13:15,2026-10-18T15:15,2026-10-18T19:15,1553.5,4224.17,critical,tendered,0.031
LD03852,L337,L099,"Laredo, TX","Dallas, TX",dry_van,auto parts,38483,False,2026-10-16T11:15,2026-10-16T19:15,2026-10-17T00:15,2026-10-17T08:15,497.5,1429.73,standard,accepted,0.062
LD03972,L051,L156,"Indianapolis, IN","Charlotte, NC",reefer,produce,22858,False,2026-10-16T11:15,2026-10-16T15:15,2026-10-16T23:15,2026-10-17T03:15,499.9,1708.7,critical,tendered,0.087
LD03999,L424,L487,"Austin, TX","Dallas, TX",reefer,frozen food,29310,False,2026-10-16T11:15,2026-10-16T13:15,2026-10-16T17:15,2026-10-16T21:15,242.3,979.51,standard,tendered,0.055
LD04041,L072,L189,"Atlanta, GA","Harrisburg, PA",flatbed,building materials,37661,False,2026-10-16T11:15,2026-10-16T13:15,2026-10-17T13:15,2026-10-18T13:15,756.5,2035.89,critical,tentative,0.011
LD04075,L246,L233,"Columbus, OH","Miami, FL",flatbed,steel,29975,False,2026-10-16T11:15,2026-10-16T19:15,2026-10-17T21:15,2026-10-18T21:15,1186.5,3425.2,standard,tendered,0.04
LD04227,L405,L068,"St. Louis, MO","San Antonio, TX",dry_van,paper products,35299,True,2026-10-16T11:15,2026-10-16T13:15,2026-10-17T16:15,2026-10-18T04:15,941.6,2347.53,high,tendered,0.16
LD04347,L289,L297,"Harrisburg, PA","Jacksonville, FL",reefer,meat,32409,False,2026-10-16T11:15,2026-10-16T17:15,2026-10-17T17:15,2026-10-18T05:15,875.9,2569.54,standard,accepted,0.207
LD04444,L382,L109,"Memphis, TN","Dallas, TX",reefer,frozen food,25955,False,2026-10-16T11:15,2026-10-16T13:15,2026-10-16T23:15,2026-10-17T23:15,516.5,1560.98,standard,accepted,0.025
LD04448,L215,L114,"Oklahoma City, OK","Dallas, TX",reefer,meat,36116,True,2026-10-16T11:15,2026-10-16T15:15,2026-10-16T19:15,2026-10-16T23:15,217.6,916.28,standard,tendered,0.037
LD04511,L451,L287,"Louisville, KY","Atlanta, GA",dry_van,consumer goods,39790,False,2026-10-16T11:15,2026-10-16T15:15,2026-10-16T21:15,2026-10-17T03:15,390.7,1153.52,standard,accepted,0.063
LD04554,L211,L336,"Jacksonville, FL","Columbus, OH",reefer,dairy,33087,False,2026-10-16T11:15,2026-10-16T13:15,2026-10-17T14:15,2026-10-18T14:15,817.2,2332.79,standard,tendered,0.153
LD00180,L268,L145,"Orlando, FL","Newark, NJ",dry_van,retail,27720,False,2026-10-16T11:30,2026-10-16T19:30,2026-10-17T21:30,2026-10-18T01:30,1133.9,3124.61,critical,tentative,0.13
LD01058,L154,L232,"Laredo, TX","San Antonio, TX",dry_van,auto parts,16443,False,2026-10-16T11:30,2026-10-16T17:30,2026-10-16T17:30,2026-10-16T23:30,211.0,716.2,standard,tentative,0.001
LD01159,L190,L365,"Oklahoma City, OK","Birmingham, AL",dry_van,paper products,37594,False,2026-10-16T11:30,2026-10-16T17:30,2026-10-17T14:30,2026-10-18T02:30,770.0,1946.47,standard,tentative,0.026
LD01501,L140,L158,"Kansas City, MO","Atlanta, GA",dry_van,beverages,35588,False,2026-10-16T11:30,2026-10-16T13:30,2026-10-17T13:30,2026-10-17T17:30,815.9,2142.9,standard,tendered,0.097
LD01535,L078,L481,"Louisville, KY","Little Rock, AR",dry_van,consumer goods,34756,False,2026-10-16T11:30,2026-10-16T13:30,2026-10-16T23:30,2026-10-17T07:30,514.5,1385.1,standard,tendered,0.005
LD01964,L215,L182,"Oklahoma City, OK","Denver, CO",reefer,produce,31756,False,2026-10-16T11:30,2026-10-16T17:30,2026-10-17T12:30,2026-10-17T18:30,620.5,2032.96,standard,tendered,0.025
LD02085,L043,L358,"Chicago, IL","Newark, NJ",dry_van,beverages,27973,False,2026-10-16T11:30,2026-10-16T17:30,2026-10-17T16:30,2026-10-17T20:30,851.8,2215.99,standard,accepted,0.07
LD02310,L396,L414,"Little Rock, AR","Memphis, TN",reefer,dairy,37497,False,2026-10-16T11:30,2026-10-16T13:30,2026-10-16T17:30,2026-10-16T21:30,192.1,795.26,standard,accepted,0.228
LD02394,L198,L437,"Minneapolis, MN","Laredo, TX",reefer,pharmaceuticals,25589,False,2026-10-16T11:30,2026-10-16T17:30,2026-10-18T15:30,2026-10-19T15:30,1530.6,3921.03,standard,tendered,0.142
LD02398,L112,L145,"Columbus, OH","Newark, NJ",dry_van,paper products,31352,False,2026-10-16T11:30,2026-10-16T17:30,2026-10-17T00:30,2026-10-17T08:30,585.7,1721.34,standard,tendered,0.119
LD03549,L100,L249,"Charlotte, NC","Little Rock, AR",dry_van,consumer goods,33881,False,2026-10-16T11:30,2026-10-16T17:30,2026-10-17T13:30,2026-10-18T01:30,749.1,1778.67,critical,accepted,0.119
LD03584,L191,L237,"Los Angeles, CA","Nashville, TN",dry_van,auto parts,31999,False,2026-10-16T11:30,2026-10-16T15:30,2026-10-19T12:30,2026-10-19T16:30,2120.0,4520.49,standard,accepted,0.063
LD03612,L073,L309,"Laredo, TX","Phoenix, AZ",dry_van,retail,31215,False,2026-10-16T11:30,2026-10-16T15:30,2026-10-17T20:30,2026-10-18T04:30,1049.6,2488.75,standard,tendered,0.055
LD03978,L291,L070,"Houston, TX","Little Rock, AR",dry_van,paper products,29259,False,2026-10-16T11:30,2026-10-16T15:30,2026-10-16T21:30,2026-10-17T05:30,500.6,1499.46,high,accepted,0.057
LD03984,L481,L287,"Little Rock, AR","Atlanta, GA",dry_van,electronics,40029,False,2026-10-16T11:30,2026-10-16T19:30,2026-10-17T00:30,2026-10-17T06:30,522.8,1417.46,standard,tendered,0.007
LD04098,L225,L311,"Chicago, IL","Los Angeles, CA",dry_van,beverages,38803,True,2026-10-16T11:30,2026-10-16T13:30,2026-10-19T10:30,2026-10-19T18:30,2139.7,5231.07,standard,accepted,0.028
LD04210,L480,L341,"Birmingham, AL","Charlotte, NC",dry_van,beverages,34734,False,2026-10-16T11:30,2026-10-16T19:30,2026-10-16T20:30,2026-10-17T04:30,409.5,1229.57,standard,tendered,0.028
LD04405,L076,L150,"Harrisburg, PA","Columbus, OH",dry_van,auto parts,19018,False,2026-10-16T11:30,2026-10-16T19:30,2026-10-16T20:30,2026-10-17T04:30,366.4,1179.68,high,accepted,0.245
LD04997,L370,L402,"Orlando, FL","Miami, FL",dry_van,paper products,23842,False,2026-10-16T11:30,2026-10-16T13:30,2026-10-16T20:30,2026-10-17T04:30,261.7,976.8,standard,accepted,0.038
LD00150,L396,L322,"Little Rock, AR","Kansas City, MO",dry_van,paper products,38633,False,2026-10-16T11:45,2026-10-16T15:45,2026-10-16T21:45,2026-10-17T05:45,412.3,1161.98,high,tendered,0.018
LD00517,L173,L147,"Atlanta, GA","Columbus, OH",dry_van,auto parts,39441,False,2026-10-16T11:45,2026-10-16T17:45,2026-10-16T22:45,2026-10-17T04:45,498.4,1483.73,standard,tendered,0.026
LD00985,L260,L231,"Los Angeles, CA","El Paso, TX",dry_van,paper products,33628,False,2026-10-16T11:45,2026-10-16T13:45,2026-10-17T15:45,2026-10-17T23:45,835.4,2319.96,standard,accepted,0.124
LD01080,L382,L070,"Memphis, TN","Little Rock, AR",reefer,meat,35934,True,2026-10-16T11:45,2026-10-16T13:45,2026-10-16T17:45,2026-10-16T23:45,181.0,841.01,standard,tendered,0.014
LD01109,L283,L279,"Newark, NJ","Columbus, OH",dry_van,paper products,36667,False,2026-10-16T11:45,2026-10-16T13:45,2026-10-17T00:45,2026-10-17T12:45,550.4,1471.65,standard,accepted,0.078
LD01770,L166,L213,"Atlanta, GA","Jacksonville, FL",reefer,produce,27976,False,2026-10-16T11:45,2026-10-16T13:45,2026-10-16T20:45,2026-10-17T04:45,347.1,1232.23,standard,tendered,0.161
LD02125,L211,L269,"Jacksonville, FL","Harrisburg, PA",reefer,pharmaceuticals,34615,False,2026-10-16T11:45,2026-10-16T15:45,2026-10-17T16:45,2026-10-18T16:45,910.0,2466.08,high,tendered,0.019
LD02273,L311,L176,"Los Angeles, CA","Denver, CO",reefer,dairy,39146,False,2026-10-16T11:45,2026-10-16T15:45,2026-10-17T18:45,2026-10-17T22:45,1026.2,3195.56,standard,tendered,0.04
LD02897,L317,L081,"Little Rock, AR","Laredo, TX",flatbed,machinery,38154,False,2026-10-16T11:45,2026-10-16T15:45,2026-10-17T14:45,2026-10-17T22:45,819.2,2071.03,standard,tendered,0.02
LD03142,L382,L434,"Memphis, TN","Jacksonville, FL",reefer,pharmaceuticals,35235,False,2026-10-16T11:45,2026-10-16T13:45,2026-10-17T12:45,2026-10-17T18:45,682.3,1992.72,standard,tendered,0.124
LD03353,L198,L142,"Minneapolis, MN","Atlanta, GA",dry_van,electronics,28129,False,2026-10-16T11:45,2026-10-16T13:45,2026-10-17T21:45,2026-10-18T21:45,1103.8,2885.67,critical,tendered,0.009
LD03462,L276,L265,"Charlotte, NC","Harrisburg, PA",dry_van,paper products,16163,False,2026-10-16T11:45,2026-10-16T17:45,2026-10-16T23:45,2026-10-17T11:45,517.9,1445.64,standard,accepted,0.049
LD03704,L335,L459,"Los Angeles, CA","Houston, TX",flatbed,pipe,34781,False,2026-10-16T11:45,2026-10-16T13:45,2026-10-18T17:45,2026-10-19T01:45,1678.3,4390.6,standard,accepted,0.047
LD03779,L281,L359,"Dallas, TX","Orlando, FL",dry_van,retail,23821,False,2026-10-16T11:45,2026-10-16T17:45,2026-10-17T19:45,2026-10-18T01:45,1155.2,2728.56,standard,tendered,0.041
LD03996,L064,L463,"Harrisburg, PA","Indianapolis, IN",flatbed,steel,24546,False,2026-10-16T11:45,2026-10-16T17:45,2026-10-17T10:45,2026-10-17T16:45,615.2,1712.58,standard,accepted,0.059
LD04739,L060,L117,"Dallas, TX","Chicago, IL",dry_van,consumer goods,40130,False,2026-10-16T11:45,2026-10-16T19:45,2026-10-17T17:45,2026-10-17T23:45,1005.7,2645.04,standard,tendered,0.107
LD00092,L085,L174,"Minneapolis, MN","Indianapolis, IN",dry_van,paper products,44108,False,2026-10-16T12:00,2026-10-16T14:00,2026-10-17T12:00,2026-10-18T12:00,630.7,1556.92,standard,tentative,0.129
LD00335,L327,L056,"Atlanta, GA","Minneapolis, MN",dry_van,auto parts,11649,False,2026-10-16T12:00,2026-10-16T18:00,2026-10-17T19:00,2026-10-18T01:00,1085.2,2387.14,standard,tendered,0.003
LD00410,L076,L371,"Harrisburg, PA","Chicago, IL",dry_van,consumer goods,31009,False,2026-10-16T12:00,2026-10-16T14:00,2026-10-17T13:00,2026-10-18T13:00,674.0,1893.24,standard,tendered,0.053
LD00682,L445,L497,"Los Angeles, CA","Memphis, TN",reefer,meat,25057,False,2026-10-16T12:00,2026-10-16T16:00,2026-10-19T07:00,2026-10-19T19:00,1938.5,5637.66,standard,accepted,0.002
LD01831,L326,L109,"Denver, CO","Dallas, TX",dry_van,electronics,35328,False,2026-10-16T12:00,2026-10-16T14:00,2026-10-17T15:00,2026-10-17T23:00,807.3,2296.51,standard,tendered,0.071
LD01986,L326,L263,"Denver, CO","Nashville, TN",dry_van,consumer goods,37074,False,2026-10-16T12:00,2026-10-16T14:00,2026-10-18T10:00,2026-10-18T14:00,1272.7,3601.45,standard,tendered,0.017
LD02067,L073,L201,"Laredo, TX","Dallas, TX",flatbed,lumber,22215,True,2026-10-16T12:00,2026-10-16T20:00,2026-10-17T01:00,2026-10-17T07:00,522.4,1696.41,standard,tendered,0.015
LD02529,L437,L477,"Laredo, TX","Miami, FL",dry_van,consumer goods,30381,False,2026-10-16T12:00,2026-10-16T14:00,2026-10-18T12:00,2026-10-19T00:00,1374.2,3611.26,standard,accepted,0.028
LD02582,L372,L388,"Dallas, TX","Louisville, KY",dry_van,auto parts,39593,False,2026-10-16T12:00,2026-10-16T14:00,2026-10-17T16:00,2026-10-18T16:00,862.8,2095.37,standard,tendered,0.011
LD02936,L398,L128,"Jacksonville, FL","Miami, FL",dry_van,auto parts,31166,False,2026-10-16T12:00,2026-10-16T16:00,2026-10-16T22:00,2026-10-17T22:00,359.4,1205.03,standard,tentative,0.011
LD03509,L130,L079,"Memphis, TN","Indianapolis, IN",reefer,meat,29588,False,2026-10-16T12:00,2026-10-16T18:00,2026-10-16T23:00,2026-10-17T05:00,450.0,1410.45,standard,tendered,0.082
LD03537,L235,L213,"Louisville, KY","Jacksonville, FL",dry_van,paper products,25808,False,2026-10-16T12:00,2026-10-16T16:00,2026-10-17T15:00,2026-10-17T19:00,717.0,1807.65,standard,accepted,0.057
LD03562,L342,L091,"Chicago, IL","Columbus, OH",dry_van,retail,24681,False,2026-10-16T12:00,2026-10-16T16:00,2026-10-16T19:00,2026-10-17T01:00,312.4,967.66,standard,tendered,0.074
LD03598,L478,L287,"Little Rock, AR","Atlanta, GA",reefer,pharmaceuticals,31234,True,2026-10-16T12:00,2026-10-16T16:00,2026-10-17T00:00,2026-10-17T06:00,544.9,1738.77,standard,accepted,0.031
LD04497,L085,L205,"Minneapolis, MN","Oklahoma City, OK",dry_van,consumer goods,22864,False,2026-10-16T12:00,2026-10-16T18:00,2026-10-17T15:00,2026-10-18T03:00,830.2,2331.09,high,tendered,0.052
LD00411,L255,L218,"Detroit, MI","Oklahoma City, OK",dry_van,beverages,29439,False,2026-10-16T12:15,2026-10-16T16:15,2026-10-17T22:15,2026-10-18T10:15,1131.7,2603.9,high,accepted,0.032
LD01278,L255,L413,"Detroit, MI","Kansas City, MO",dry_van,auto parts,36355,False,2026-10-16T12:15,2026-10-16T16:15,2026-10-17T16:15,2026-10-18T16:15,809.6,2257.92,standard,tendered,0.027
LD01737,L057,L408,"Oklahoma City, OK","Charlotte, NC",dry_van,retail,37569,False,2026-10-16T12:15,2026-10-16T14:15,2026-10-17T21:15,2026-10-18T05:15,1148.0,2964.21,standard,tendered,0.196
LD02407,L073,L309,"Laredo, TX","Phoenix, AZ",dry_van,paper products,30628,False,2026-10-16T12:15,2026-10-16T14:15,2026-10-17T21:15,2026-10-18T21:15,1049.6,2553.47,critical,tendered,0.015
LD02419,L461,L202,"Indianapolis, IN","Atlanta, GA",dry_van,electronics,39275,False,2026-10-16T12:15,2026-10-16T14:15,2026-10-16T22:15,2026-10-17T22:15,501.0,1338.15,high,tendered,0.146
LD02668,L419,L099,"Charlotte, NC","Dallas, TX",dry_van,beverages,22201,False,2026-10-16T12:15,2026-10-16T16:15,2026-10-17T22:15,2026-10-18T02:15,1124.2,3044.13,standard,tendered,0.062
LD02686,L279,L269,"Columbus, OH","Harrisburg, PA",dry_van,beverages,42594,False,2026-10-16T12:15,2026-10-16T14:15,2026-10-16T21:15,2026-10-17T09:15,382.4,1231.49,standard,tendered,0.006
LD03135,L050,L371,"Atlanta, GA","Chicago, IL",dry_van,auto parts,30514,False,2026-10-16T12:15,2026-10-16T14:15,2026-10-17T13:15,2026-10-17T21:15,700.0,1817.22,high,accepted,0.025
LD03154,L190,L202,"Oklahoma City, OK","Atlanta, GA",reefer,meat,33025,False,2026-10-16T12:15,2026-10-16T14:15,2026-10-17T18:15,2026-10-17T22:15,933.5,2841.13,standard,tendered,0.056
LD03164,L055,L115,"Louisville, KY","Miami, FL",reefer,frozen food,39426,False,2026-10-16T12:15,2026-10-16T20:15,2026-10-17T22:15,2026-10-18T04:15,1162.9,3596.55,standard,tentative,0.072
LD03355,L173,L129,"Atlanta, GA","New Orleans, LA",dry_van,consumer goods,24646,False,2026-10-16T12:15,2026-10-16T16:15,2026-10-16T23:15,2026-10-17T03:15,509.3,1289.8,standard,tentative,0.087
LD03528,L068,L299,"San Antonio, TX","Kansas City, MO",dry_van,beverages,35919,False,2026-10-16T12:15,2026-10-16T16:15,2026-10-17T16:15,2026-10-18T16:15,841.5,2176.85,standard,tendered,0.019
LD03796,L388,L247,"Louisville, KY","Jacksonville, FL",reefer,dairy,38114,False,2026-10-16T12:15,2026-10-16T14:15,2026-10-17T12:15,2026-10-17T20:15,707.7,2097.23,standard,tendered,0.078
LD03814,L391,L107,"Austin, TX","Chicago, IL",dry_van,consumer goods,37447,False,2026-10-16T12:15,2026-10-16T14:15,2026-10-17T22:15,2026-10-18T22:15,1159.1,2853.35,standard,tentative,0.009
LD04476,L198,L365,"Minneapolis, MN","Birmingham, AL",dry_van,consumer goods,28578,False,2026-10-16T12:15,2026-10-16T18:15,2026-10-17T21:15,2026-10-18T21:15,1045.3,2733.51,high,tendered,0.016
LD04576,L279,L449,"Columbus, OH","Indianapolis, IN",dry_van,auto parts,27984,False,2026-10-16T12:15,2026-10-16T16:15,2026-10-16T19:15,2026-10-17T03:15,229.7,734.09,critical,tendered,0.005
LD04683,L397,L390,"Laredo, TX","Houston, TX",dry_van,retail,24910,False,2026-10-16T12:15,2026-10-16T18:15,2026-10-16T19:15,2026-10-17T19:15,315.8,906.54,standard,tendered,0.125
LD00186,L336,L105,"Columbus, OH","Kansas City, MO",dry_van,auto parts,37871,False,2026-10-16T12:30,2026-10-16T16:30,2026-10-17T13:30,2026-10-18T13:30,738.4,2020.84,critical,tendered,0.135
LD00383,L088,L163,"Phoenix, AZ","San Antonio, TX",dry_van,beverages,18721,False,2026-10-16T12:30,2026-10-16T14:30,2026-10-17T18:30,2026-10-18T02:30,1048.1,2726.2,standard,accepted,0.019
LD01138,L380,L358,"Birmingham, AL","Newark, NJ",flatbed,steel,45548,False,2026-10-16T12:30,2026-10-16T16:30,2026-10-17T20:30,2026-10-18T04:30,1030.8,2896.61,standard,accepted,0.11
LD01466,L059,L410,"Austin, TX","Louisville, KY",dry_van,beverages,33748,False,2026-10-16T12:30,2026-10-16T20:30,2026-10-17T20:30,2026-10-18T00:30,1089.5,2368.74,high,accepted,0.039
LD01496,L283,L365,"Newark, NJ","Birmingham, AL",dry_van,electronics,23512,False,2026-10-16T12:30,2026-10-16T20:30,2026-10-17T20:30,2026-10-18T02:30,1034.9,2410.62,critical,accepted,0.089
LD01922,L265,L067,"Harrisburg, PA","Houston, TX",dry_van,retail,37547,False,2026-10-16T12:30,2026-10-16T14:30,2026-10-18T13:30,2026-10-18T17:30,1519.3,3607.92,standard,accepted,0.066
LD02039,L293,L319,"Dallas, TX","Chicago, IL",flatbed,lumber,25589,False,2026-10-16T12:30,2026-10-16T16:30,2026-10-17T17:30,2026-10-17T21:30,959.4,2774.63,standard,tendered,0.031
LD02093,L230,L171,"San Antonio, TX","New Orleans, LA",dry_van,electronics,39649,False,2026-10-16T12:30,2026-10-16T16:30,2026-10-17T02:30,2026-10-17T14:30,603.2,1652.81,standard,accepted,0.012
LD02289,L086,L079,"Memphis, TN","Indianapolis, IN",dry_van,consumer goods,40764,False,2026-10-16T12:30,2026-10-16T14:30,2026-10-16T22:30,2026-10-17T22:30,458.1,1228.8,standard,tendered,0.109
LD02387,L269,L398,"Harrisburg, PA","Jacksonville, FL",dry_van,beverages,37995,False,2026-10-16T12:30,2026-10-16T14:30,2026-10-17T19:30,2026-10-18T01:30,907.2,2114.19,critical,tendered,0.097
LD02854,L405,L476,"St. Louis, MO","Chicago, IL",dry_van,retail,22781,False,2026-10-16T12:30,2026-10-16T18:30,2026-10-16T20:30,2026-10-17T00:30,311.0,1009.74,standard,tendered,0.016
LD03260,L262,L488,"Minneapolis, MN","Los Angeles, CA",reefer,produce,31381,False,2026-10-16T12:30,2026-10-16T14:30,2026-10-18T18:30,2026-10-18T22:30,1791.9,5288.96,standard,tendered,0.124
LD03432,L392,L256,"Detroit, MI","Harrisburg, PA",dry_van,auto parts,32887,False,2026-10-16T12:30,2026-10-16T14:30,2026-10-16T22:30,2026-10-17T22:30,426.9,1269.9,high,accepted,0.004
LD03447,L448,L189,"St. Louis, MO","Harrisburg, PA",dry_van,consumer goods,28199,False,2026-10-16T12:30,2026-10-16T16:30,2026-10-17T16:30,2026-10-18T04:30,857.2,2285.31,standard,tendered,0.036
LD03552,L045,L156,"Oklahoma City, OK","Charlotte, NC",dry_van,auto parts,19372,False,2026-10-16T12:30,2026-10-16T16:30,2026-10-17T22:30,2026-10-18T10:30,1127.1,2447.07,standard,tendered,0.025
LD03726,L374,L043,"Newark, NJ","Chicago, IL",dry_van,electronics,37353,False,2026-10-16T12:30,2026-10-16T20:30,2026-10-17T16:30,2026-10-18T00:30,856.4,1960.91,high,tendered,0.044
LD03803,L152,L164,"Memphis, TN","San Antonio, TX",reefer,produce,36320,False,2026-10-16T12:30,2026-10-16T20:30,2026-10-17T13:30,2026-10-18T01:30,736.9,2160.66,critical,accepted,0.009
LD03857,L251,L386,"Chicago, IL","Oklahoma City, OK",dry_van,paper products,33352,False,2026-10-16T12:30,2026-10-16T14:30,2026-10-17T14:30,2026-10-17T18:30,780.4,1959.27,standard,tendered,0.008
LD04094,L232,L413,"San Antonio, TX","Kansas City, MO",reefer,produce,41576,False,2026-10-16T12:30,2026-10-16T18:30,2026-10-17T16:30,2026-10-17T20:30,816.0,2489.78,standard,accepted,0.049
LD04114,L075,L095,"Chicago, IL","Newark, NJ",dry_van,electronics,33190,False,2026-10-16T12:30,2026-10-16T18:30,2026-10-17T16:30,2026-10-17T20:30,847.9,2355.48,standard,tendered,0.011
LD04124,L106,L140,"Chicago, IL","Kansas City, MO",reefer,dairy,27395,False,2026-10-16T12:30,2026-10-16T18:30,2026-10-16T23:30,2026-10-17T03:30,510.2,1590.96,standard,tendered,0.069
LD04256,L496,L313,"Jacksonville, FL","Miami, FL",reefer,produce,31249,False,2026-10-16T12:30,2026-10-16T14:30,2026-10-16T21:30,2026-10-17T01:30,432.0,1532.66,standard,tendered,0.073
LD04797,L454,L051,"Houston, TX","Indianapolis, IN",dry_van,consumer goods,27657,False,2026-10-16T12:30,2026-10-16T14:30,2026-10-17T18:30,2026-10-17T22:30,1018.0,2323.33,standard,tendered,0.065
LD04814,L265,L043,"Harrisburg, PA","Chicago, IL",reefer,produce,28860,False,2026-10-16T12:30,2026-10-16T14:30,2026-10-17T12:30,2026-10-18T12:30,695.0,2287.97,standard,accepted,0.06
LD00290,L382,L473,"Memphis, TN","Phoenix, AZ",dry_van,paper products,28682,False,2026-10-16T12:45,2026-10-16T14:45,2026-10-18T15:45,2026-10-19T15:45,1561.3,3755.95,standard,tentative,0.012
LD00296,L335,L394,"Los Angeles, CA","Minneapolis, MN",reefer,pharmaceuticals,30336,False,2026-10-16T12:45,2026-10-16T14:45,2026-10-19T07:45,2026-10-19T19:45,1833.9,4705.68,standard,tentative,0.006
LD00420,L315,L075,"Harrisburg, PA","Chicago, IL",dry_van,paper products,33962,False,2026-10-16T12:45,2026-10-16T14:45,2026-10-17T13:45,2026-10-17T21:45,671.3,1682.98,standard,accepted,0.059
LD00662,L068,L055,"San Antonio, TX","Louisville, KY",reefer,pharmaceuticals,27362,False,2026-10-16T12:45,2026-10-16T14:45,2026-10-17T22:45,2026-10-18T10:45,1142.0,3156.3,standard,accepted,0.033
LD00798,L251,L465,"Chicago, IL","Kansas City, MO",dry_van,auto parts,27604,False,2026-10-16T12:45,2026-10-16T18:45,2026-10-16T23:45,2026-10-17T23:45,483.4,1318.27,high,tendered,0.08
LD01042,L279,L177,"Columbus, OH","Dallas, TX",dry_van,electronics,28100,False,2026-10-16T12:45,2026-10-16T20:45,2026-10-17T21:45,2026-10-18T21:45,1107.9,2639.03,standard,tendered,0.026
LD01307,L051,L075,"Indianapolis, IN","Chicago, IL",dry_van,retail,31131,False,2026-10-16T12:45,2026-10-16T16:45,2026-10-16T19:45,2026-10-16T23:45,216.5,754.59,standard,tendered,0.025
LD01353,L098,L473,"Houston, TX","Phoenix, AZ",dry_van,paper products,18498,False,2026-10-16T12:45,2026-10-16T14:45,2026-10-18T10:45,2026-10-18T22:45,1233.2,3283.53,critical,tendered,0.01
LD01369,L137,L143,"Jacksonville, FL","Chicago, IL",dry_van,electronics,40977,False,2026-10-16T12:45,2026-10-16T14:45,2026-10-17T19:45,2026-10-18T07:45,1036.3,2359.39,standard,tentative,0.137
LD01614,L362,L202,"Houston, TX","Atlanta, GA",flatbed,machinery,38571,False,2026-10-16T12:45,2026-10-16T16:45,2026-10-17T15:45,2026-10-17T21:45,855.4,2266.03,standard,accepted,0.065
LD02015,L170,L351,"San Antonio, TX","Chicago, IL",dry_van,consumer goods,30075,False,2026-10-16T12:45,2026-10-16T14:45,2026-10-18T11:45,2026-10-19T11:45,1279.2,3072.21,standard,tendered,0.021
LD02131,L092,L428,"Chicago, IL","Newark, NJ",dry_van,consumer goods,36062,False,2026-10-16T12:45,2026-10-16T16:45,2026-10-17T15:45,2026-10-18T15:45,812.7,1966.67,standard,tendered,0.11
LD02235,L099,L336,"Dallas, TX","Columbus, OH",dry_van,retail,38509,False,2026-10-16T12:45,2026-10-16T14:45,2026-10-17T19:45,2026-10-18T07:45,1079.3,2389.51,high,tentative,0.01
LD02416,L454,L356,"Houston, TX","New Orleans, LA",dry_van,paper products,33022,False,2026-10-16T12:45,2026-10-16T14:45,2026-10-16T21:45,2026-10-17T05:45,407.4,1214.75,standard,tendered,0.092
LD02526,L076,L421,"Harrisburg, PA","Louisville, KY",dry_van,auto parts,17798,False,2026-10-16T12:45,2026-10-16T16:45,2026-10-17T01:45,2026-10-17T05:45,583.4,1746.74,standard,accepted,0.011
LD02528,L279,L186,"Columbus, OH","Chicago, IL",flatbed,lumber,26295,False,2026-10-16T12:45,2026-10-16T14:45,2026-10-16T20:45,2026-10-17T00:45,327.8,1216.08,standard,tendered,0.006
LD02535,L498,L275,"Louisville, KY","Atlanta, GA",dry_van,consumer goods,16834,False,2026-10-16T12:45,2026-10-16T20:45,2026-10-16T21:45,2026-10-17T03:45,370.2,1237.42,high,tendered,0.154
LD02566,L152,L288,"Memphis, TN","Miami, FL",dry_van,retail,27873,False,2026-10-16T12:45,2026-10-16T14:45,2026-10-17T18:45,2026-10-18T06:45,1029.3,2298.3,standard,accepted,0.071
LD02637,L173,L486,"Atlanta, GA","Louisville, KY",dry_van,consumer goods,28924,False,2026-10-16T12:45,2026-10-16T14:45,2026-10-16T21:45,2026-10-17T09:45,365.9,1117.38,standard,tendered,0.014
LD03486,L360,L207,"Columbus, OH","Birmingham, AL",dry_van,auto parts,13684,False,2026-10-16T12:45,2026-10-16T14:45,2026-10-17T01:45,2026-10-17T09:45,566.1,1417.56,standard,tendered,0.081
LD03701,L259,L069,"Minneapolis, MN","Los Angeles, CA",dry_van,paper products,37112,False,2026-10-16T12:45,2026-10-16T20:45,2026-10-19T05:45,2026-10-19T09:45,1842.0,4421.31,standard,tendered,0.109
LD03763,L291,L304,"Houston, TX","New Orleans, LA",dry_van,electronics,31068,False,2026-10-16T12:45,2026-10-16T20:45,2026-10-16T21:45,2026-10-17T21:45,415.9,1181.72,high,accepted,0.002
LD04073,L309,L435,"Phoenix, AZ","Chicago, IL",dry_van,paper products,38325,True,2026-10-16T12:45,2026-10-16T20:45,2026-10-18T19:45,2026-10-19T03:45,1771.1,4551.66,standard,tendered,0.084
LD04151,L491,L339,"Minneapolis, MN","Denver, CO",flatbed,steel,43462,False,2026-10-16T12:45,2026-10-16T20:45,2026-10-17T15:45,2026-10-18T03:45,853.0,2258.73,standard,tendered,0.068
LD04242,L437,L458,"Laredo, TX","Houston, TX",dry_van,auto parts,39577,False,2026-10-16T12:45,2026-10-16T18:45,2026-10-16T21:45,2026-10-17T09:45,304.8,1044.62,high,tendered,0.067
LD04269,L397,L231,"Laredo, TX","El Paso, TX",reefer,pharmaceuticals,30951,False,2026-10-16T12:45,2026-10-16T14:45,2026-10-17T11:45,2026-10-18T11:45,625.4,2112.88,high,tendered,0.073
LD04426,L230,L296,"San Antonio, TX","Louisville, KY",dry_van,auto parts,28826,False,2026-10-16T12:45,2026-10-16T18:45,2026-10-17T22:45,2026-10-18T02:45,1130.6,2471.96,standard,accepted,0.07
LD04428,L472,L119,"St. Louis, MO","New Orleans, LA",dry_van,paper products,39142,False,2026-10-16T12:45,2026-10-16T14:45,2026-10-17T14:45,2026-10-18T14:45,734.3,1753.3,standard,tendered,0.149
LD04991,L209,L216,"Phoenix, AZ","San Antonio, TX",dry_van,auto parts,42990,False,2026-10-16T12:45,2026-10-16T18:45,2026-10-17T19:45,2026-10-18T07:45,1042.9,2668.5,standard,tendered,0.066
LD00386,L179,L070,"Los Angeles, CA","Little Rock, AR",dry_van,retail,33884,False,2026-10-16T13:00,2026-10-16T21:00,2026-10-18T19:00,2026-10-19T03:00,1771.1,3734.46,standard,accepted,0.076
LD00431,L289,L128,"Harrisburg, PA","Miami, FL",flatbed,building materials,17338,False,2026-10-16T13:00,2026-10-16T15:00,2026-10-18T01:00,2026-10-18T13:00,1196.5,3161.33,standard,tendered,0.018
LD00633,L449,L275,"Indianapolis, IN","Atlanta, GA",dry_van,paper products,42614,False,2026-10-16T13:00,2026-10-16T21:00,2026-10-17T00:00,2026-10-17T04:00,493.2,1361.33,standard,tendered,0.062
LD00774,L417,L105,"Nashville, TN","Kansas City, MO",dry_van,beverages,38704,False,2026-10-16T13:00,2026-10-16T21:00,2026-10-17T03:00,2026-10-17T09:00,570.8,1640.55,standard,tendered,0.031
LD01577,L183,L247,"Louisville, KY","Jacksonville, FL",dry_van,auto parts,18015,False,2026-10-16T13:00,2026-10-16T15:00,2026-10-17T14:00,2026-10-18T02:00,725.4,1816.75,standard,tendered,0.082
LD02006,L438,L351,"Dallas, TX","Chicago, IL",dry_van,paper products,21620,False,2026-10-16T13:00,2026-10-16T15:00,2026-10-17T19:00,2026-10-18T07:00,979.3,2671.39,standard,accepted,0.036
LD02779,L398,L254,"Jacksonville, FL","Chicago, IL",reefer,meat,30641,False,2026-10-16T13:00,2026-10-16T21:00,2026-10-17T22:00,2026-10-18T06:00,1077.7,2839.63,high,tendered,0.028
LD03316,L292,L245,"Houston, TX","Nashville, TN",dry_van,paper products,28913,False,2026-10-16T13:00,2026-10-16T17:00,2026-10-17T17:00,2026-10-18T01:00,802.8,2039.05,standard,tendered,0.063
LD03586,L414,L482,"Memphis, TN","Orlando, FL",dry_van,beverages,28335,False,2026-10-16T13:00,2026-10-16T15:00,2026-10-17T17:00,2026-10-17T23:00,831.2,2229.81,standard,accepted,0.142
LD03667,L097,L115,"Denver, CO","Miami, FL",reefer,dairy,39909,False,2026-10-16T13:00,2026-10-16T17:00,2026-10-19T12:00,2026-10-19T20:00,2086.7,7125.49,high,accepted,0.02
LD03668,L397,L288,"Laredo, TX","Miami, FL",flatbed,machinery,36673,False,2026-10-16T13:00,2026-10-16T15:00,2026-10-18T11:00,2026-10-18T17:00,1389.2,3264.85,high,accepted,0.041
LD04040,L106,L356,"Chicago, IL","New Orleans, LA",reefer,produce,26135,False,2026-10-16T13:00,2026-10-16T15:00,2026-10-17T19:00,2026-10-18T07:00,1021.4,3053.02,high,tendered,0.14
LD04077,L092,L283,"Chicago, IL","Newark, NJ",flatbed,pipe,44096,False,2026-10-16T13:00,2026-10-16T15:00,2026-10-17T16:00,2026-10-18T04:00,826.4,2346.97,standard,tendered,0.036
LD04159,L479,L297,"San Antonio, TX","Jacksonville, FL",dry_van,beverages,10163,False,2026-10-16T13:00,2026-10-16T15:00,2026-10-18T00:00,2026-10-18T04:00,1195.0,2906.15,high,tentative,0.115
LD04442,L250,L245,"Chicago, IL","Nashville, TN",reefer,pharmaceuticals,22809,False,2026-10-16T13:00,2026-10-16T21:00,2026-10-16T23:00,2026-10-17T03:00,455.0,1382.94,standard,tendered,0.005
LD04635,L301,L431,"Denver, CO","Laredo, TX",dry_van,electronics,28995,False,2026-10-16T13:00,2026-10-16T19:00,2026-10-17T21:00,2026-10-18T03:00,1096.4,3328.87,standard,tendered,0.058
LD04929,L269,L099,"Harrisburg, PA","Dallas, TX",reefer,frozen food,19035,False,2026-10-16T13:00,2026-10-16T19:00,2026-10-18T16:00,2026-10-18T20:00,1462.4,4424.75,standard,accepted,0.028
LD00178,L481,L267,"Little Rock, AR","Indianapolis, IN",flatbed,pipe,41817,True,2026-10-16T13:15,2026-10-16T19:15,2026-10-17T03:15,2026-10-17T07:15,567.1,1535.53,standard,tendered,0.042
LD01591,L156,L181,"Charlotte, NC","Harrisburg, PA",flatbed,machinery,36732,False,2026-10-16T13:15,2026-10-16T17:15,2026-10-16T23:15,2026-10-17T05:15,468.9,1498.69,standard,tentative,0.195
LD01685,L232,L338,"San Antonio, TX","Dallas, TX",dry_van,electronics,38559,False,2026-10-16T13:15,2026-10-16T19:15,2026-10-16T21:15,2026-10-17T21:15,270.7,964.88,high,tendered,0.007
LD01753,L070,L097,"Little Rock, AR","Denver, CO",dry_van,beverages,40266,False,2026-10-16T13:15,2026-10-16T15:15,2026-10-17T18:15,2026-10-18T00:15,925.2,2361.68,standard,tentative,0.07
LD01779,L072,L266,"Atlanta, GA","Columbus, OH",dry_van,electronics,36345,True,2026-10-16T13:15,2026-10-16T15:15,2026-10-17T02:15,2026-10-18T02:15,542.0,1510.35,standard,tendered,0.021
LD02426,L454,L485,"Houston, TX","Nashville, TN",dry_van,electronics,34719,False,2026-10-16T13:15,2026-10-16T17:15,2026-10-17T16:15,2026-10-17T22:15,804.3,1951.8,standard,tendered,0.034
LD02856,L468,L434,"Newark, NJ","Jacksonville, FL",dry_van,consumer goods,24115,False,2026-10-16T13:15,2026-10-16T19:15,2026-10-17T19:15,2026-10-18T07:15,1004.2,2699.07,standard,accepted,0.217
LD02887,L307,L052,"Chicago, IL","Atlanta, GA",reefer,meat,32808,True,2026-10-16T13:15,2026-10-16T21:15,2026-10-17T14:15,2026-10-17T22:15,693.4,2153.35,standard,tendered,0.006
LD03009,L423,L091,"St. Louis, MO","Columbus, OH",dry_van,electronics,38377,False,2026-10-16T13:15,2026-10-16T17:15,2026-10-16T23:15,2026-10-17T11:15,463.4,1381.55,standard,tendered,0.12
LD03345,L130,L275,"Memphis, TN","Atlanta, GA",dry_van,paper products,28556,False,2026-10-16T13:15,2026-10-16T15:15,2026-10-16T22:15,2026-10-17T22:15,382.6,1111.24,standard,tendered,0.11
LD03425,L076,L207,"Harrisburg, PA","Birmingham, AL",dry_van,auto parts,40054,False,2026-10-16T13:15,2026-10-16T17:15,2026-10-17T17:15,2026-10-17T21:15,816.5,2173.08,standard,tendered,0.026
LD03634,L438,L234,"Dallas, TX","Phoenix, AZ",dry_van,beverages,37745,False,2026-10-16T13:15,2026-10-16T15:15,2026-10-17T21:15,2026-10-18T03:15,1099.8,2576.92,standard,accepted,0.201
LD04479,L227,L140,"Charlotte, NC","Kansas City, MO",dry_van,retail,17823,False,2026-10-16T13:15,2026-10-16T17:15,2026-10-17T20:15,2026-10-18T00:15,948.9,2383.36,standard,tendered,0.002
LD04733,L176,L108,"Denver, CO","Houston, TX",dry_van,auto parts,21737,False,2026-10-16T13:15,2026-10-16T19:15,2026-10-17T21:15,2026-10-18T09:15,1050.2,3063.76,standard,tendered,0.085
LD00254,L453,L322,"Houston, TX","Kansas City, MO",dry_van,paper products,32099,False,2026-10-16T13:30,2026-10-16T19:30,2026-10-17T15:30,2026-10-17T19:30,792.0,2065.21,standard,accepted,0.025
LD00737,L462,L411,"Indianapolis, IN","Austin, TX",dry_van,auto parts,24250,False,2026-10-16T13:30,2026-10-16T21:30,2026-10-17T21:30,2026-10-18T09:30,1076.1,2424.59,standard,accepted,0.037
LD00890,L443,L105,"Minneapolis, MN","Kansas City, MO",reefer,pharmaceuticals,28163,False,2026-10-16T13:30,2026-10-16T17:30,2026-10-17T02:30,2026-10-17T10:30,525.0,1740.77,standard,tendered,0.109
LD01310,L082,L044,"Phoenix, AZ","Dallas, TX",flatbed,building materials,42886,False,2026-10-16T13:30,2026-10-16T15:30,2026-10-17T19:30,2026-10-18T19:30,1024.5,3248.51,standard,accepted,0.066
LD01544,L280,L409,"Kansas City, MO","Columbus, OH",dry_van,electronics,40614,False,2026-10-16T13:30,2026-10-16T15:30,2026-10-17T16:30,2026-10-17T20:30,730.8,2019.0,standard,tendered,0.09
LD01990,L092,L147,"Chicago, IL","Columbus, OH",dry_van,electronics,18052,False,2026-10-16T13:30,2026-10-16T15:30,2026-10-16T21:30,2026-10-17T01:30,331.7,962.31,high,tendered,0.109
LD02035,L358,L075,"Newark, NJ","Chicago, IL",dry_van,consumer goods,25647,False,2026-10-16T13:30,2026-10-16T15:30,2026-10-17T17:30,2026-10-17T21:30,853.5,2197.63,high,accepted,0.032
LD02153,L425,L358,"Houston, TX","Newark, NJ",reefer,pharmaceuticals,26236,False,2026-10-16T13:30,2026-10-16T15:30,2026-10-18T19:30,2026-10-18T23:30,1720.5,4219.15,standard,tendered,0.155
LD02287,L310,L386,"El Paso, TX","Oklahoma City, OK",dry_van,consumer goods,24273,False,2026-10-16T13:30,2026-10-16T19:30,2026-10-17T14:30,2026-10-18T14:30,711.0,1748.96,standard,tendered,0.031
LD02385,L223,L491,"Kansas City, MO","Minneapolis, MN",dry_van,consumer goods,23872,False,2026-10-16T13:30,2026-10-16T15:30,2026-10-17T00:30,2026-10-17T12:30,492.5,1349.25,standard,accepted,0.209
LD02733,L419,L441,"Charlotte, NC","Columbus, OH",dry_van,consumer goods,28279,False,2026-10-16T13:30,2026-10-16T15:30,2026-10-17T00:30,2026-10-18T00:30,417.8,1258.08,standard,tendered,0.042
LD02944,L327,L408,"Atlanta, GA","Charlotte, NC",reefer,dairy,29310,False,2026-10-16T13:30,2026-10-16T15:30,2026-10-16T20:30,2026-10-17T08:30,269.6,1126.62,standard,tendered,0.022
LD03438,L155,L272,"Los Angeles, CA","Nashville, TN",dry_van,electronics,32322,False,2026-10-16T13:30,2026-10-16T19:30,2026-10-19T11:30,2026-10-19T19:30,2087.2,4943.03,critical,accepted,0.017
LD03568,L130,L477,"Memphis, TN","Miami, FL",flatbed,building materials,39072,False,2026-10-16T13:30,2026-10-16T17:30,2026-10-17T20:30,2026-10-18T08:30,1018.8,2805.16,standard,accepted,0.078
LD03617,L396,L410,"Little Rock, AR","Louisville, KY",flatbed,lumber,24787,False,2026-10-16T13:30,2026-10-16T15:30,2026-10-17T02:30,2026-10-18T02:30,557.3,1711.25,standard,tendered,0.046
LD03788,L277,L401,"Kansas City, MO","Los Angeles, CA",dry_van,auto parts,35174,False,2026-10-16T13:30,2026-10-16T21:30,2026-10-18T17:30,2026-10-18T21:30,1628.2,4056.97,standard,tendered,0.032
LD03975,L143,L336,"Chicago, IL","Columbus, OH",dry_van,consumer goods,40276,False,2026-10-16T13:30,2026-10-16T15:30,2026-10-16T22:30,2026-10-17T22:30,316.2,1053.3,standard,tendered,0.123
LD03989,L161,L070,"Nashville, TN","Little Rock, AR",dry_van,beverages,34304,False,2026-10-16T13:30,2026-10-16T21:30,2026-10-16T22:30,2026-10-17T10:30,386.0,1263.97,critical,accepted,0.036
LD04234,L059,L487,"Austin, TX","Dallas, TX",dry_van,electronics,35503,False,2026-10-16T13:30,2026-10-16T21:30,2026-10-16T20:30,2026-10-17T08:30,225.5,788.92,standard,tentative,0.05
LD04239,L070,L477,"Little Rock, AR","Miami, FL",dry_van,consumer goods,27816,False,2026-10-16T13:30,2026-10-16T19:30,2026-10-17T21:30,2026-10-18T01:30,1128.6,2532.17,standard,accepted,0.078
LD04336,L165,L319,"Newark, NJ","Chicago, IL",reefer,pharmaceuticals,26249,False,2026-10-16T13:30,2026-10-16T19:30,2026-10-17T17:30,2026-10-17T23:30,865.9,2447.78,standard,tendered,0.035
LD04452,L403,L125,"Atlanta, GA","Dallas, TX",reefer,dairy,36290,False,2026-10-16T13:30,2026-10-16T21:30,2026-10-17T16:30,2026-10-18T00:30,837.9,2399.85,standard,accepted,0.03
LD00048,L251,L368,"Chicago, IL","Oklahoma City, OK",dry_van,auto parts,12459,False,2026-10-16T13:45,2026-10-16T19:45,2026-10-17T16:45,2026-10-17T20:45,836.4,2027.34,standard,tendered,0.192
LD00412,L200,L176,"Miami, FL","Denver, CO",dry_van,beverages,20866,False,2026-10-16T13:45,2026-10-16T21:45,2026-10-19T11:45,2026-10-19T15:45,2065.3,5965.54,standard,accepted,0.002
LD00528,L130,L233,"Memphis, TN","Miami, FL",dry_van,consumer goods,40685,False,2026-10-16T13:45,2026-10-16T15:45,2026-10-17T20:45,2026-10-18T08:45,1036.4,2749.1,standard,tendered,0.026
LD00614,L162,L160,"Memphis, TN","San Antonio, TX",reefer,dairy,38473,False,2026-10-16T13:45,2026-10-16T15:45,2026-10-17T15:45,2026-10-17T23:45,730.3,2094.37,standard,accepted,0.103
LD00758,L061,L119,"Charlotte, NC","New Orleans, LA",dry_van,beverages,29592,False,2026-10-16T13:45,2026-10-16T21:45,2026-10-17T16:45,2026-10-18T00:45,797.6,2123.44,standard,tendered,0.04
LD00932,L235,L341,"Louisville, KY","Charlotte, NC",dry_van,retail,35952,False,2026-10-16T13:45,2026-10-16T15:45,2026-10-17T00:45,2026-10-17T04:45,422.3,1338.66,standard,accepted,0.008
LD01309,L140,L147,"Kansas City, MO","Columbus, OH",flatbed,lumber,29200,False,2026-10-16T13:45,2026-10-16T21:45,2026-10-17T14:45,2026-10-18T14:45,748.0,2155.24,high,accepted,0.034
LD01704,L143,L299,"Chicago, IL","Kansas City, MO",dry_van,beverages,41346,False,2026-10-16T13:45,2026-10-16T15:45,2026-10-17T01:45,2026-10-17T09:45,502.9,1377.3,standard,tendered,0.029
LD02045,L481,L340,"Little Rock, AR","Detroit, MI",reefer,produce,16459,False,2026-10-16T13:45,2026-10-16T17:45,2026-10-17T18:45,2026-10-18T06:45,848.9,2486.76,standard,tendered,0.005
LD02277,L405,L267,"St. Louis, MO","Indianapolis, IN",dry_van,auto parts,37140,False,2026-10-16T13:45,2026-10-16T21:45,2026-10-16T20:45,2026-10-17T08:45,272.6,865.95,standard,tentative,0.008
LD02280,L307,L168,"Chicago, IL","Jacksonville, FL",dry_van,beverages,19655,False,2026-10-16T13:45,2026-10-16T17:45,2026-10-17T20:45,2026-10-18T08:45,1022.9,2652.67,standard,accepted,0.053
LD02603,L141,L443,"Oklahoma City, OK","Minneapolis, MN",dry_van,auto parts,22931,False,2026-10-16T13:45,2026-10-16T15:45,2026-10-17T17:45,2026-10-17T23:45,816.3,1999.18,standard,tendered,0.037
LD02899,L212,L226,"Austin, TX","Columbus, OH",dry_van,consumer goods,35939,False,2026-10-16T13:45,2026-10-16T21:45,2026-10-18T11:45,2026-10-18T19:45,1287.6,2855.67,standard,tendered,0.105
LD02996,L450,L198,"Indianapolis, IN","Minneapolis, MN",flatbed,lumber,41335,False,2026-10-16T13:45,2026-10-16T19:45,2026-10-17T13:45,2026-10-17T17:45,626.1,1745.09,standard,accepted,0.04
LD03405,L314,L429,"Charlotte, NC","Chicago, IL",dry_van,consumer goods,36951,False,2026-10-16T13:45,2026-10-16T17:45,2026-10-17T14:45,2026-10-18T02:45,684.4,1717.45,standard,accepted,0.047
LD03631,L406,L494,"Oklahoma City, OK","Dallas, TX",reefer,frozen food,29361,False,2026-10-16T13:45,2026-10-16T15:45,2026-10-16T18:45,2026-10-16T22:45,175.0,765.13,standard,tendered,0.05
LD03768,L458,L120,"Houston, TX","Austin, TX",dry_van,paper products,27160,False,2026-10-16T13:45,2026-10-16T17:45,2026-10-16T17:45,2026-10-16T21:45,158.3,626.98,critical,tendered,0.029
LD03781,L172,L243,"New Orleans, LA","Kansas City, MO",dry_van,electronics,30596,False,2026-10-16T13:45,2026-10-16T15:45,2026-10-17T16:45,2026-10-18T00:45,813.6,1916.19,standard,tentative,0.007
LD03871,L413,L349,"Kansas City, MO","Charlotte, NC",reefer,produce,16042,False,2026-10-16T13:45,2026-10-16T21:45,2026-10-17T20:45,2026-10-18T00:45,994.8,3065.68,standard,tendered,0.034
LD04236,L251,L464,"Chicago, IL","Louisville, KY",dry_van,electronics,29826,False,2026-10-16T13:45,2026-10-16T15:45,2026-10-16T21:45,2026-10-17T05:45,322.4,924.93,standard,tendered,0.017
LD04400,L331,L087,"Little Rock, AR","Jacksonville, FL",flatbed,machinery,47034,False,2026-10-16T13:45,2026-10-16T19:45,2026-10-17T16:45,2026-10-17T20:45,820.5,2585.8,standard,tendered,0.119
LD04631,L344,L435,"Laredo, TX","Chicago, IL",dry_van,auto parts,22242,True,2026-10-16T13:45,2026-10-16T19:45,2026-10-18T14:45,2026-10-18T18:45,1432.2,3681.98,standard,accepted,0.015
LD04688,L169,L386,"Charlotte, NC","Oklahoma City, OK",reefer,produce,36935,False,2026-10-16T13:45,2026-10-16T15:45,2026-10-17T21:45,2026-10-18T03:45,1115.7,2936.43,standard,tendered,0.039
LD00034,L327,L170,"Atlanta, GA","San Antonio, TX",dry_van,retail,31885,False,2026-10-16T14:00,2026-10-16T20:00,2026-10-17T21:00,2026-10-18T09:00,1060.0,2565.22,standard,accepted,0.006
LD00545,L140,L347,"Kansas City, MO","Dallas, TX",dry_van,auto parts,34549,False,2026-10-16T14:00,2026-10-16T16:00,2026-10-17T01:00,2026-10-17T07:00,547.4,1464.45,standard,tendered,0.069
LD00776,L250,L267,"Chicago, IL","Indianapolis, IN",dry_van,auto parts,26123,False,2026-10-16T14:00,2026-10-16T16:00,2026-10-16T19:00,2026-10-17T07:00,188.8,703.63,standard,tendered,0.012
LD00934,L156,L296,"Charlotte, NC","Louisville, KY",dry_van,retail,35475,False,2026-10-16T14:00,2026-10-16T16:00,2026-10-16T23:00,2026-10-17T11:00,414.1,1095.43,high,tendered,0.051
LD00961,L277,L119,"Kansas City, MO","New Orleans, LA",dry_van,beverages,32130,False,2026-10-16T14:00,2026-10-16T16:00,2026-10-17T17:00,2026-10-17T21:00,790.2,2195.69,high,accepted,0.062
LD01562,L143,L079,"Chicago, IL","Indianapolis, IN",flatbed,pipe,33487,False,2026-10-16T14:00,2026-10-16T16:00,2026-10-16T20:00,2026-10-17T08:00,155.3,658.81,standard,accepted,0.01
LD01980,L172,L121,"New Orleans, LA","Dallas, TX",reefer,frozen food,22558,False,2026-10-16T14:00,2026-10-16T22:00,2026-10-17T02:00,2026-10-17T10:00,526.3,1886.54,standard,tendered,0.046
LD02356,L336,L096,"Columbus, OH","Chicago, IL",dry_van,beverages,31488,False,2026-10-16T14:00,2026-10-16T16:00,2026-10-16T22:00,2026-10-17T02:00,330.7,1099.22,standard,accepted,0.003
LD02598,L241,L287,"Indianapolis, IN","Atlanta, GA",reefer,pharmaceuticals,41616,False,2026-10-16T14:00,2026-10-16T16:00,2026-10-17T03:00,2026-10-17T07:00,507.9,1834.76,standard,tendered,0.012
LD03267,L123,L338,"Los Angeles, CA","Dallas, TX",reefer,produce,28506,False,2026-10-16T14:00,2026-10-16T16:00,2026-10-18T15:00,2026-10-19T03:00,1496.1,4339.91,standard,tendered,0.02
LD04449,L409,L046,"Columbus, OH","Louisville, KY",dry_van,consumer goods,34979,False,2026-10-16T14:00,2026-10-16T20:00,2026-10-16T20:00,2026-10-17T00:00,236.1,876.11,standard,tendered,0.023
LD00232,L453,L365,"Houston, TX","Birmingham, AL",dry_van,paper products,27393,False,2026-10-16T14:15,2026-10-16T18:15,2026-10-17T13:15,2026-10-17T19:15,653.8,1625.73,standard,tentative,0.018
LD00252,L203,L233,"St. Louis, MO","Miami, FL",dry_van,retail,12332,False,2026-10-16T14:15,2026-10-16T18:15,2026-10-18T11:15,2026-10-18T19:15,1290.8,3042.04,standard,accepted,0.021
LD01357,L339,L325,"Denver, CO","Indianapolis, IN",reefer,produce,23486,False,2026-10-16T14:15,2026-10-16T16:15,2026-10-18T01:15,2026-10-18T07:15,1190.8,3561.28,high,tendered,0.012
LD01582,L085,L249,"Minneapolis, MN","Little Rock, AR",dry_van,electronics,34143,False,2026-10-16T14:15,2026-10-16T16:15,2026-10-17T18:15,2026-10-18T00:15,852.9,2340.89,standard,tendered,0.003
LD02117,L083,L190,"Indianapolis, IN","Oklahoma City, OK",dry_van,electronics,34043,False,2026-10-16T14:15,2026-10-16T22:15,2026-10-17T18:15,2026-10-18T02:15,846.8,2140.74,standard,tendered,0.057
LD02462,L072,L240,"Atlanta, GA","Harrisburg, PA",dry_van,electronics,16645,False,2026-10-16T14:15,2026-10-16T16:15,2026-10-17T16:15,2026-10-18T04:15,753.2,2102.78,standard,accepted,0.034
LD02469,L397,L356,"Laredo, TX","New Orleans, LA",dry_van,paper products,29088,False,2026-10-16T14:15,2026-10-16T22:15,2026-10-17T14:15,2026-10-17T20:15,684.3,1608.12,standard,accepted,0.081
LD02661,L083,L415,"Indianapolis, IN","Chicago, IL",dry_van,consumer goods,31310,False,2026-10-16T14:15,2026-10-16T22:15,2026-10-16T20:15,2026-10-17T08:15,180.0,718.49,critical,tendered,0.057
LD03277,L062,L222,"Laredo, TX","Dallas, TX",reefer,pharmaceuticals,34932,True,2026-10-16T14:15,2026-10-16T22:15,2026-10-17T02:15,2026-10-17T08:15,467.5,1467.61,high,tendered,0.002
LD03587,L223,L176,"Kansas City, MO","Denver, CO",reefer,pharmaceuticals,26071,False,2026-10-16T14:15,2026-10-16T16:15,2026-10-17T14:15,2026-10-17T22:15,662.1,1868.9,standard,tendered,0.044
LD03939,L374,L169,"Newark, NJ","Charlotte, NC",dry_van,electronics,34451,False,2026-10-16T14:15,2026-10-16T18:15,2026-10-17T14:15,2026-10-18T02:15,632.1,1551.99,standard,tendered,0.167
LD04071,L060,L150,"Dallas, TX","Columbus, OH",dry_van,auto parts,38392,True,2026-10-16T14:15,2026-10-16T18:15,2026-10-17T22:15,2026-10-18T10:15,1117.0,2522.51,standard,tendered,0.047
LD04343,L113,L162,"Orlando, FL","Memphis, TN",dry_van,paper products,35881,False,2026-10-16T14:15,2026-10-16T20:15,2026-10-17T17:15,2026-10-17T21:15,825.4,2520.89,critical,tendered,0.155
LD04811,L158,L255,"Atlanta, GA","Detroit, MI",reefer,dairy,35608,False,2026-10-16T14:15,2026-10-16T18:15,2026-10-17T16:15,2026-10-18T04:15,756.0,2275.01,standard,accepted,0.076
LD04830,L437,L271,"Laredo, TX","Austin, TX",flatbed,building materials,31992,False,2026-10-16T14:15,2026-10-16T16:15,2026-10-16T22:15,2026-10-17T04:15,247.8,1023.34,standard,tendered,0.127
LD04850,L131,L336,"Indianapolis, IN","Columbus, OH",dry_van,retail,24835,False,2026-10-16T14:15,2026-10-16T16:15,2026-10-16T20:15,2026-10-17T00:15,214.7,811.1,standard,tentative,0.066
LD00941,L156,L466,"Charlotte, NC","Nashville, TN",dry_van,paper products,20878,False,2026-10-16T14:30,2026-10-16T22:30,2026-10-16T22:30,2026-10-17T04:30,382.1,1099.68,standard,tendered,0.059
LD01048,L242,L413,"Little Rock, AR","Kansas City, MO",flatbed,lumber,40100,False,2026-10-16T14:30,2026-10-16T22:30,2026-10-17T00:30,2026-10-17T06:30,401.9,1315.38,standard,tendered,0.072
LD01391,L137,L460,"Jacksonville, FL","Newark, NJ",dry_van,auto parts,44466,False,2026-10-16T14:30,2026-10-16T16:30,2026-10-17T20:30,2026-10-18T08:30,1021.0,2633.92,standard,tendered,0.035
LD01452,L213,L395,"Jacksonville, FL","Austin, TX",dry_van,electronics,10530,False,2026-10-16T14:30,2026-10-16T16:30,2026-10-17T23:30,2026-10-18T11:30,1152.3,2492.16,high,tentative,0.071
LD01824,L076,L349,"Harrisburg, PA","Charlotte, NC",dry_van,paper products,32938,False,2026-10-16T14:30,2026-10-16T18:30,2026-10-17T02:30,2026-10-17T10:30,485.9,1452.5,standard,tendered,0.106
LD01891,L165,L440,"Newark, NJ","Memphis, TN",dry_van,auto parts,27246,False,2026-10-16T14:30,2026-10-16T20:30,2026-10-17T23:30,2026-10-18T05:30,1139.8,2868.92,standard,tentative,0.058
LD01941,L368,L151,"Oklahoma City, OK","Minneapolis, MN",dry_van,auto parts,18983,False,2026-10-16T14:30,2026-10-16T20:30,2026-10-17T19:30,2026-10-18T01:30,818.5,2040.15,standard,accepted,0.27
LD02514,L180,L186,"New Orleans, LA","Chicago, IL",dry_van,beverages,30648,False,2026-10-16T14:30,2026-10-16T20:30,2026-10-17T21:30,2026-10-18T01:30,995.4,2437.55,standard,tendered,0.0
LD02760,L369,L220,"Columbus, OH","Chicago, IL",dry_van,consumer goods,35831,False,2026-10-16T14:30,2026-10-16T16:30,2026-10-16T23:30,2026-10-17T05:30,317.2,1062.05,standard,accepted,0.117
LD02874,L075,L228,"Chicago, IL","Houston, TX",dry_van,beverages,23217,False,2026-10-16T14:30,2026-10-16T18:30,2026-10-17T23:30,2026-10-18T07:30,1147.9,2915.88,standard,accepted,0.103
LD03538,L221,L352,"Atlanta, GA","Chicago, IL",dry_van,electronics,25876,False,2026-10-16T14:30,2026-10-16T18:30,2026-10-17T15:30,2026-10-18T03:30,680.6,1639.42,standard,tendered,0.009
LD03982,L071,L090,"Dallas, TX","Chicago, IL",dry_van,electronics,10801,False,2026-10-16T14:30,2026-10-16T22:30,2026-10-17T21:30,2026-10-18T21:30,952.4,2415.09,standard,accepted,0.053
LD00510,L419,L114,"Charlotte, NC","Dallas, TX",dry_van,retail,25094,False,2026-10-16T14:45,2026-10-16T16:45,2026-10-18T00:45,2026-10-18T04:45,1119.8,2651.97,standard,tendered,0.023
LD00846,L099,L188,"Dallas, TX","Phoenix, AZ",dry_van,auto parts,40658,False,2026-10-16T14:45,2026-10-16T22:45,2026-10-17T20:45,2026-10-18T20:45,1023.6,2738.27,standard,tendered,0.008
LD01295,L176,L190,"Denver, CO","Oklahoma City, OK",dry_van,retail,30232,False,2026-10-16T14:45,2026-10-16T16:45,2026-10-17T04:45,2026-10-18T04:45,569.8,1848.16,standard,accepted,0.138
LD01713,L413,L046,"Kansas City, MO","Louisville, KY",reefer,pharmaceuticals,29711,False,2026-10-16T14:45,2026-10-16T22:45,2026-10-17T03:45,2026-10-18T03:45,594.2,1770.11,standard,accepted,0.083
LD02016,L337,L308,"Laredo, TX","Chicago, IL",reefer,pharmaceuticals,33780,False,2026-10-16T14:45,2026-10-16T16:45,2026-10-18T17:45,2026-10-18T21:45,1452.9,4213.05,high,tendered,0.052
LD02068,L224,L459,"Columbus, OH","Houston, TX",dry_van,electronics,36129,False,2026-10-16T14:45,2026-10-16T16:45,2026-10-18T00:45,2026-10-18T08:45,1158.6,2655.74,high,tendered,0.15
LD02309,L241,L128,"Indianapolis, IN","Miami, FL",dry_van,retail,24065,False,2026-10-16T14:45,2026-10-16T18:45,2026-10-18T02:45,2026-10-18T06:45,1205.3,2837.51,standard,tendered,0.076
LD02609,L378,L107,"Kansas City, MO","Chicago, IL",dry_van,auto parts,35657,False,2026-10-16T14:45,2026-10-16T18:45,2026-10-17T00:45,2026-10-17T12:45,479.6,1269.13,standard,tendered,0.009
LD03588,L324,L380,"Houston, TX","Birmingham, AL",reefer,pharmaceuticals,32312,False,2026-10-16T14:45,2026-10-16T22:45,2026-10-17T14:45,2026-10-17T22:45,654.6,2035.73,standard,tendered,0.033
LD03700,L283,L087,"Newark, NJ","Jacksonville, FL",dry_van,paper products,33537,False,2026-10-16T14:45,2026-10-16T16:45,2026-10-17T21:45,2026-10-18T03:45,1008.4,2755.34,standard,tendered,0.078
LD04057,L101,L388,"Birmingham, AL","Louisville, KY",dry_van,electronics,27731,False,2026-10-16T14:45,2026-10-16T16:45,2026-10-17T00:45,2026-10-17T04:45,381.5,1126.32,standard,tentative,0.089
LD04062,L480,L433,"Birmingham, AL","Charlotte, NC",dry_van,auto parts,23499,False,2026-10-16T14:45,2026-10-16T16:45,2026-10-16T23:45,2026-10-17T11:45,399.1,1310.72,standard,accepted,0.009
LD04093,L227,L283,"Charlotte, NC","Newark, NJ",dry_van,paper products,35782,False,2026-10-16T14:45,2026-10-16T22:45,2026-10-17T15:45,2026-10-17T23:45,651.0,1696.06,high,accepted,0.137
LD04952,L260,L188,"Los Angeles, CA","Phoenix, AZ",dry_van,retail,31665,False,2026-10-16T14:45,2026-10-16T22:45,2026-10-17T01:45,2026-10-17T05:45,446.0,1172.95,standard,tendered,0.01
LD01294,L405,L408,"St. Louis, MO","Charlotte, NC",dry_van,electronics,18398,False,2026-10-16T15:00,2026-10-16T17:00,2026-10-17T16:00,2026-10-17T20:00,679.4,1908.74,high,accepted,0.095
LD01417,L324,L100,"Houston, TX","Charlotte, NC",dry_van,consumer goods,16698,False,2026-10-16T15:00,2026-10-16T21:00,2026-10-17T22:00,2026-10-18T06:00,1053.8,2321.46,standard,tentative,0.011
LD01703,L442,L269,"St. Louis, MO","Harrisburg, PA",dry_van,electronics,38715,False,2026-10-16T15:00,2026-10-16T19:00,2026-10-17T19:00,2026-10-18T01:00,841.2,2252.21,standard,tendered,0.096
LD02126,L478,L051,"Little Rock, AR","Indianapolis, IN",dry_van,beverages,19029,False,2026-10-16T15:00,2026-10-16T19:00,2026-10-17T03:00,2026-10-18T03:00,563.0,1471.18,critical,accepted,0.016
LD02152,L485,L239,"Nashville, TN","Houston, TX",dry_van,paper products,15246,False,2026-10-16T15:00,2026-10-16T17:00,2026-10-17T18:00,2026-10-18T00:00,785.9,2244.33,critical,tendered,0.055
LD02503,L459,L099,"Houston, TX","Dallas, TX",dry_van,paper products,25774,False,2026-10-16T15:00,2026-10-16T19:00,2026-10-16T23:00,2026-10-17T07:00,297.2,1052.88,standard,accepted,0.034
LD02738,L413,L061,"Kansas City, MO","Charlotte, NC",dry_van,electronics,33940,False,2026-10-16T15:00,2026-10-16T21:00,2026-10-17T21:00,2026-10-18T01:00,990.5,2428.8,standard,tendered,0.044
LD04065,L049,L432,"Memphis, TN","Miami, FL",flatbed,steel,12918,False,2026-10-16T15:00,2026-10-16T17:00,2026-10-17T22:00,2026-10-18T04:00,1036.8,2952.45,standard,tendered,0.057
LD04469,L217,L458,"Charlotte, NC","Houston, TX",dry_van,retail,22288,False,2026-10-16T15:00,2026-10-16T21:00,2026-10-18T01:00,2026-10-18T09:00,1148.0,2551.36,standard,accepted,0.041
LD04870,L409,L205,"Columbus, OH","Oklahoma City, OK",flatbed,building materials,35815,False,2026-10-16T15:00,2026-10-16T17:00,2026-10-17T22:00,2026-10-18T06:00,1024.8,2905.13,standard,accepted,0.054
LD01384,L122,L160,"Chicago, IL","San Antonio, TX",dry_van,retail,20440,False,2026-10-16T15:15,2026-10-16T19:15,2026-10-18T12:15,2026-10-18T16:15,1267.4,2814.48,standard,tendered,0.005
LD01719,L116,L384,"Charlotte, NC","Minneapolis, MN",dry_van,beverages,29887,False,2026-10-16T15:15,2026-10-16T23:15,2026-10-18T00:15,2026-10-19T00:15,1087.5,2748.96,standard,tendered,0.025
LD02381,L332,L145,"Indianapolis, IN","Newark, NJ",dry_van,retail,36479,False,2026-10-16T15:15,2026-10-16T17:15,2026-10-17T19:15,2026-10-18T07:15,793.5,2083.04,critical,tendered,0.001
LD03178,L092,L433,"Chicago, IL","Charlotte, NC",dry_van,electronics,39195,False,2026-10-16T15:15,2026-10-16T17:15,2026-10-17T16:15,2026-10-17T22:15,697.5,2023.45,high,tendered,0.068
LD03223,L358,L233,"Newark, NJ","Miami, FL",dry_van,consumer goods,38212,False,2026-10-16T15:15,2026-10-16T21:15,2026-10-18T13:15,2026-10-19T01:15,1308.0,2869.31,high,tendered,0.084
LD00067,L150,L151,"Columbus, OH","Minneapolis, MN",flatbed,pipe,35441,True,2026-10-16T15:30,2026-10-16T23:30,2026-10-17T18:30,2026-10-18T18:30,776.0,2433.08,critical,tendered,0.111
LD00770,L123,L082,"Los Angeles, CA","Phoenix, AZ",dry_van,paper products,38784,False,2026-10-16T15:30,2026-10-16T19:30,2026-10-17T01:30,2026-10-17T05:30,466.0,1454.68,standard,tentative,0.038
LD02444,L344,L263,"Laredo, TX","Nashville, TN",reefer,pharmaceuticals,25892,False,2026-10-16T15:30,2026-10-16T17:30,2026-10-18T00:30,2026-10-18T08:30,1127.5,2887.19,standard,accepted,0.078
LD03750,L078,L443,"Louisville, KY","Minneapolis, MN",dry_van,auto parts,42778,False,2026-10-16T15:30,2026-10-16T19:30,2026-10-17T17:30,2026-10-18T17:30,744.7,2046.61,standard,tendered,0.077
LD03991,L138,L182,"Little Rock, AR","Denver, CO",dry_van,beverages,19697,False,2026-10-16T15:30,2026-10-16T21:30,2026-10-17T20:30,2026-10-18T00:30,932.0,2164.56,standard,tendered,0.079
LD04796,L250,L373,"Chicago, IL","Atlanta, GA",dry_van,consumer goods,19649,False,2026-10-16T15:30,2026-10-16T17:30,2026-10-17T16:30,2026-10-18T16:30,699.3,1745.44,standard,accepted,0.173
LD00054,L425,L408,"Houston, TX","Charlotte, NC",dry_van,beverages,34256,False,2026-10-16T15:45,2026-10-16T21:45,2026-10-18T01:45,2026-10-18T07:45,1143.1,2570.51,standard,tendered,0.104
LD02946,L212,L237,"Austin, TX","Nashville, TN",dry_van,paper products,34408,False,2026-10-16T15:45,2026-10-16T23:45,2026-10-17T20:45,2026-10-18T02:45,877.6,2341.62,standard,tendered,0.062
LD03032,L208,L237,"Oklahoma City, OK","Nashville, TN",dry_van,consumer goods,38057,False,2026-10-16T15:45,2026-10-16T17:45,2026-10-17T16:45,2026-10-18T04:45,713.4,1853.12,standard,accepted,0.202
LD04155,L342,L383,"Chicago, IL","Charlotte, NC",dry_van,retail,39300,False,2026-10-16T15:45,2026-10-16T23:45,2026-10-17T16:45,2026-10-18T16:45,725.8,1891.19,high,tendered,0.102
LD04660,L385,L204,"Los Angeles, CA","Kansas City, MO",dry_van,auto parts,42158,False,2026-10-16T15:45,2026-10-16T17:45,2026-10-18T19:45,2026-10-19T19:45,1654.8,3896.89,standard,tentative,0.054
LD00331,L078,L368,"Louisville, KY","Oklahoma City, OK",dry_van,beverages,34589,False,2026-10-16T16:00,2026-10-16T20:00,2026-10-17T20:00,2026-10-18T02:00,839.3,2141.94,standard,tendered,0.018
LD01716,L450,L395,"Indianapolis, IN","Austin, TX",reefer,pharmaceuticals,28112,False,2026-10-16T16:00,2026-10-16T20:00,2026-10-18T01:00,2026-10-18T13:00,1123.6,3216.58,standard,accepted,0.088
LD01794,L324,L490,"Houston, TX","Phoenix, AZ",reefer,meat,39653,False,2026-10-16T16:00,2026-10-16T22:00,2026-10-18T12:00,2026-10-18T20:00,1228.7,3661.3,standard,tendered,0.096
LD01992,L324,L427,"Houston, TX","Atlanta, GA",dry_van,electronics,17315,False,2026-10-16T16:00,2026-10-16T20:00,2026-10-17T19:00,2026-10-18T03:00,828.1,2229.35,standard,accepted,0.09
LD03206,L331,L266,"Little Rock, AR","Columbus, OH",reefer,pharmaceuticals,30681,False,2026-10-16T16:00,2026-10-16T20:00,2026-10-17T18:00,2026-10-18T00:00,754.6,2294.09,high,tendered,0.118
LD03398,L154,L240,"Laredo, TX","Harrisburg, PA",dry_van,beverages,38244,False,2026-10-16T16:00,2026-10-16T20:00,2026-10-19T10:00,2026-10-19T18:00,1886.3,4086.29,standard,accepted,0.014
LD03745,L154,L348,"Laredo, TX","Los Angeles, CA",dry_van,paper products,19244,False,2026-10-16T16:00,2026-10-16T22:00,2026-10-18T16:00,2026-10-18T20:00,1435.1,3689.58,standard,tendered,0.006
LD04380,L327,L416,"Atlanta, GA","Chicago, IL",dry_van,consumer goods,22130,False,2026-10-16T16:00,2026-10-17T00:00,2026-10-17T17:00,2026-10-18T05:00,706.5,1760.04,high,tendered,0.005
LD00391,L141,L226,"Oklahoma City, OK","Columbus, OH",dry_van,paper products,36950,False,2026-10-16T16:15,2026-10-16T20:15,2026-10-18T00:15,2026-10-18T06:15,1022.7,2595.97,standard,accepted,0.046
LD00437,L300,L322,"Houston, TX","Kansas City, MO",dry_van,beverages,38920,False,2026-10-16T16:15,2026-10-17T00:15,2026-10-17T21:15,2026-10-18T01:15,812.2,2147.18,high,tendered,0.11
LD01904,L213,L336,"Jacksonville, FL","Columbus, OH",dry_van,auto parts,15242,False,2026-10-16T16:15,2026-10-16T18:15,2026-10-17T19:15,2026-10-18T07:15,799.8,1860.95,standard,accepted,0.024
LD02187,L137,L481,"Jacksonville, FL","Little Rock, AR",dry_van,consumer goods,43129,False,2026-10-16T16:15,2026-10-16T20:15,2026-10-17T19:15,2026-10-18T07:15,816.1,2204.72,standard,tendered,0.064
LD02406,L141,L105,"Oklahoma City, OK","Kansas City, MO",dry_van,paper products,37821,False,2026-10-16T16:15,2026-10-16T20:15,2026-10-17T01:15,2026-10-17T05:15,321.7,1074.93,standard,accepted,0.103
LD03585,L439,L159,"Oklahoma City, OK","Houston, TX",dry_van,consumer goods,41001,False,2026-10-16T16:15,2026-10-16T18:15,2026-10-17T03:15,2026-10-17T09:15,505.5,1332.1,high,tendered,0.033
LD04252,L208,L299,"Oklahoma City, OK","Kansas City, MO",dry_van,consumer goods,20545,False,2026-10-16T16:15,2026-10-16T20:15,2026-10-17T01:15,2026-10-17T05:15,369.1,1169.53,standard,tendered,0.139
LD00898,L480,L390,"Birmingham, AL","Houston, TX",dry_van,retail,29225,True,2026-10-16T16:30,2026-10-16T18:30,2026-10-17T17:30,2026-10-18T17:30,710.0,1822.83,standard,tendered,0.149
LD01289,L141,L210,"Oklahoma City, OK","Detroit, MI",dry_van,electronics,31687,False,2026-10-16T16:30,2026-10-17T00:30,2026-10-18T01:30,2026-10-18T13:30,1080.8,2673.7,standard,accepted,0.031
LD02509,L458,L492,"Houston, TX","Charlotte, NC",dry_van,auto parts,33812,False,2026-10-16T16:30,2026-10-16T20:30,2026-10-18T00:30,2026-10-18T06:30,1115.0,2936.29,standard,tendered,0.109
LD02531,L331,L423,"Little Rock, AR","St. Louis, MO",flatbed,steel,21165,False,2026-10-16T16:30,2026-10-16T18:30,2026-10-17T01:30,2026-10-18T01:30,346.3,1297.75,high,accepted,0.003
LD02974,L274,L291,"St. Louis, MO","Houston, TX",dry_van,beverages,38879,False,2026-10-16T16:30,2026-10-16T20:30,2026-10-17T19:30,2026-10-17T23:30,833.3,2229.11,standard,tendered,0.003
LD03087,L280,L440,"Kansas City, MO","Memphis, TN",dry_van,beverages,25315,False,2026-10-16T16:30,2026-10-16T18:30,2026-10-17T04:30,2026-10-18T04:30,444.9,1352.71,standard,accepted,0.05
LD03503,L327,L347,"Atlanta, GA","Dallas, TX",dry_van,electronics,31548,False,2026-10-16T16:30,2026-10-16T18:30,2026-10-17T20:30,2026-10-18T00:30,889.4,2325.57,standard,tendered,0.042
LD04782,L154,L479,"Laredo, TX","San Antonio, TX",reefer,frozen food,27231,False,2026-10-16T16:30,2026-10-16T18:30,2026-10-16T21:30,2026-10-17T03:30,178.8,786.69,standard,accepted,0.022
LD00683,L372,L159,"Dallas, TX","Houston, TX",flatbed,pipe,43561,False,2026-10-16T16:45,2026-10-16T20:45,2026-10-17T00:45,2026-10-17T06:45,295.4,1067.01,standard,accepted,0.012
LD01270,L388,L192,"Louisville, KY","Chicago, IL",dry_van,electronics,21870,False,2026-10-16T16:45,2026-10-17T00:45,2026-10-16T23:45,2026-10-17T23:45,332.6,1026.57,standard,accepted,0.043
LD01520,L449,L359,"Indianapolis, IN","Orlando, FL",dry_van,auto parts,37261,False,2026-10-16T16:45,2026-10-17T00:45,2026-10-17T22:45,2026-10-18T10:45,971.5,2324.03,standard,tendered,0.022
LD03145,L426,L272,"St. Louis, MO","Nashville, TN",dry_van,retail,33472,False,2026-10-16T16:45,2026-10-16T18:45,2026-10-17T01:45,2026-10-18T01:45,316.8,995.34,standard,accepted,0.002
LD03651,L104,L099,"Nashville, TN","Dallas, TX",flatbed,lumber,36242,False,2026-10-16T16:45,2026-10-16T18:45,2026-10-17T18:45,2026-10-18T00:45,719.9,2085.99,standard,tendered,0.17
LD04079,L122,L463,"Chicago, IL","Indianapolis, IN",flatbed,machinery,39779,False,2026-10-16T16:45,2026-10-17T00:45,2026-10-16T22:45,2026-10-17T04:45,220.1,784.63,standard,tendered,0.022
LD04115,L459,L410,"Houston, TX","Louisville, KY",reefer,frozen food,27701,False,2026-10-16T16:45,2026-10-16T18:45,2026-10-17T23:45,2026-10-18T11:45,972.3,2760.78,standard,tendered,0.045
LD04606,L148,L395,"Houston, TX","Austin, TX",dry_van,electronics,22679,False,2026-10-16T16:45,2026-10-17T00:45,2026-10-16T22:45,2026-10-17T06:45,164.2,641.58,standard,tendered,0.061
LD02064,L496,L263,"Jacksonville, FL","Nashville, TN",dry_van,consumer goods,17263,False,2026-10-16T17:00,2026-10-16T23:00,2026-10-17T04:00,2026-10-17T16:00,543.9,1495.6,standard,tendered,0.025
LD03985,L085,L439,"Minneapolis, MN","Oklahoma City, OK",dry_van,retail,25739,False,2026-10-16T17:00,2026-10-17T01:00,2026-10-17T21:00,2026-10-18T09:00,835.9,2194.6,standard,tentative,0.007
LD04849,L459,L337,"Houston, TX","Laredo, TX",dry_van,electronics,16982,False,2026-10-16T17:00,2026-10-17T01:00,2026-10-17T03:00,2026-10-17T11:00,370.0,1148.79,standard,tendered,0.017
LD00185,L154,L233,"Laredo, TX","Miami, FL",dry_van,retail,23535,False,2026-10-16T17:15,2026-10-16T19:15,2026-10-18T17:15,2026-10-19T05:15,1454.6,3519.69,standard,accepted,0.087
LD00848,L062,L164,"Laredo, TX","San Antonio, TX",reefer,meat,39834,False,2026-10-16T17:15,2026-10-16T19:15,2026-10-17T00:15,2026-10-17T12:15,199.7,832.47,standard,accepted,0.053
LD02205,L145,L440,"Newark, NJ","Memphis, TN",flatbed,steel,35699,False,2026-10-16T17:15,2026-10-16T19:15,2026-10-18T02:15,2026-10-18T14:15,1158.1,2919.33,standard,accepted,0.024
LD02479,L100,L264,"Charlotte, NC","Birmingham, AL",dry_van,electronics,40292,False,2026-10-16T17:15,2026-10-17T01:15,2026-10-17T03:15,2026-10-17T15:15,424.5,1122.27,standard,tendered,0.032
LD03759,L067,L466,"Houston, TX","Nashville, TN",dry_van,consumer goods,33742,False,2026-10-16T17:15,2026-10-16T23:15,2026-10-17T20:15,2026-10-18T00:15,778.0,2122.9,standard,tendered,0.022
LD01994,L100,L486,"Charlotte, NC","Louisville, KY",dry_van,retail,25392,False,2026-10-16T17:30,2026-10-16T19:30,2026-10-17T02:30,2026-10-18T02:30,387.8,1052.38,high,accepted,0.039
LD02575,L438,L421,"Dallas, TX","Louisville, KY",dry_van,electronics,25055,False,2026-10-16T17:30,2026-10-16T19:30,2026-10-17T21:30,2026-10-18T05:30,847.2,2190.28,standard,tendered,0.089
LD01240,L385,L201,"Los Angeles, CA","Dallas, TX",dry_van,paper products,37014,False,2026-10-16T17:45,2026-10-17T01:45,2026-10-18T18:45,2026-10-19T00:45,1519.5,3405.09,high,tendered,0.01
LD01866,L314,L207,"Charlotte, NC","Birmingham, AL",dry_van,retail,16879,False,2026-10-16T17:45,2026-10-16T19:45,2026-10-17T02:45,2026-10-17T10:45,379.3,1123.54,standard,tendered,0.029
LD01958,L154,L490,"Laredo, TX","Phoenix, AZ",dry_van,paper products,23515,False,2026-10-16T17:45,2026-10-16T19:45,2026-10-17T23:45,2026-10-18T05:45,1011.1,2392.87,standard,tendered,0.101
LD03003,L368,L433,"Oklahoma City, OK","Charlotte, NC",dry_van,paper products,38314,False,2026-10-16T17:45,2026-10-16T21:45,2026-10-18T03:45,2026-10-19T03:45,1142.3,3042.51,standard,tendered,0.061
LD00153,L054,L297,"Austin, TX","Jacksonville, FL",dry_van,electronics,29834,False,2026-10-16T18:00,2026-10-16T22:00,2026-10-18T02:00,2026-10-18T14:00,1140.7,2728.64,standard,accepted,0.028
LD01579,L118,L184,"Houston, TX","Newark, NJ",dry_van,paper products,37983,False,2026-10-16T18:00,2026-10-17T00:00,2026-10-18T23:00,2026-10-19T07:00,1692.0,4187.7,critical,accepted,0.008
LD01930,L049,L107,"Memphis, TN","Chicago, IL",dry_van,auto parts,22253,False,2026-10-16T18:00,2026-10-16T20:00,2026-10-17T07:00,2026-10-17T15:00,563.2,1480.1,standard,tendered,0.08
LD02037,L302,L164,"Phoenix, AZ","San Antonio, TX",dry_van,paper products,31940,False,2026-10-16T18:00,2026-10-17T02:00,2026-10-18T01:00,2026-10-19T01:00,1029.6,3169.25,standard,tendered,0.012
LD02810,L451,L482,"Louisville, KY","Orlando, FL",dry_van,auto parts,23085,False,2026-10-16T18:00,2026-10-16T20:00,2026-10-17T23:00,2026-10-18T23:00,861.7,2134.27,high,tendered,0.008
LD03346,L378,L410,"Kansas City, MO","Louisville, KY",dry_van,beverages,22003,False,2026-10-16T18:00,2026-10-16T22:00,2026-10-17T06:00,2026-10-17T14:00,577.8,1673.11,standard,accepted,0.15
LD03379,L281,L146,"Dallas, TX","Detroit, MI",dry_van,retail,42899,False,2026-10-16T18:00,2026-10-17T00:00,2026-10-18T03:00,2026-10-18T07:00,1173.1,2734.93,standard,tendered,0.03
LD03395,L414,L345,"Memphis, TN","Los Angeles, CA",dry_van,paper products,15314,False,2026-10-16T18:00,2026-10-16T22:00,2026-10-19T14:00,2026-10-19T18:00,1938.1,4414.88,standard,accepted,0.042
LD00992,L242,L129,"Little Rock, AR","New Orleans, LA",dry_van,retail,42216,False,2026-10-16T18:15,2026-10-16T20:15,2026-10-17T05:15,2026-10-17T11:15,466.3,1298.97,critical,accepted,0.037
LD02335,L116,L139,"Charlotte, NC","Jacksonville, FL",dry_van,electronics,38031,False,2026-10-16T18:15,2026-10-16T20:15,2026-10-17T05:15,2026-10-17T17:15,443.5,1156.15,standard,accepted,0.01
LD02920,L116,L222,"Charlotte, NC","Dallas, TX",dry_van,beverages,27020,False,2026-10-16T18:15,2026-10-17T02:15,2026-10-18T03:15,2026-10-18T07:15,1104.5,2765.39,standard,accepted,0.105
LD04413,L100,L095,"Charlotte, NC","Newark, NJ",dry_van,beverages,38135,True,2026-10-16T18:15,2026-10-16T22:15,2026-10-17T18:15,2026-10-18T06:15,658.5,1915.55,standard,tendered,0.025
LD04854,L079,L170,"Indianapolis, IN","San Antonio, TX",dry_van,consumer goods,38465,False,2026-10-16T18:15,2026-10-17T00:15,2026-10-18T03:15,2026-10-18T15:15,1177.1,2587.43,standard,accepted,0.051
LD00094,L061,L131,"Charlotte, NC","Indianapolis, IN",flatbed,steel,34998,False,2026-10-16T18:30,2026-10-16T22:30,2026-10-17T06:30,2026-10-17T18:30,518.7,1569.06,standard,tendered,0.042
LD02517,L297,L099,"Jacksonville, FL","Dallas, TX",flatbed,building materials,19554,False,2026-10-16T18:30,2026-10-16T20:30,2026-10-18T02:30,2026-10-19T02:30,1093.7,2877.59,standard,accepted,0.015
LD03423,L116,L099,"Charlotte, NC","Dallas, TX",dry_van,beverages,24523,False,2026-10-16T18:30,2026-10-16T20:30,2026-10-18T03:30,2026-10-19T03:30,1101.6,2400.42,standard,tendered,0.016
LD03474,L281,L330,"Dallas, TX","Kansas City, MO",dry_van,paper products,26645,True,2026-10-16T18:30,2026-10-16T22:30,2026-10-17T05:30,2026-10-17T09:30,537.0,1553.65,critical,accepted,0.032
LD01411,L368,L491,"Oklahoma City, OK","Minneapolis, MN",dry_van,retail,21349,False,2026-10-16T18:45,2026-10-16T20:45,2026-10-17T23:45,2026-10-18T03:45,851.8,2252.27,standard,accepted,0.153
LD02950,L361,L217,"Little Rock, AR","Charlotte, NC",dry_van,auto parts,17669,False,2026-10-16T18:45,2026-10-17T00:45,2026-10-17T21:45,2026-10-18T09:45,780.4,2152.36,high,tendered,0.048
LD04735,L413,L474,"Kansas City, MO","Chicago, IL",reefer,meat,25829,False,2026-10-16T18:45,2026-10-16T20:45,2026-10-17T06:45,2026-10-17T14:45,510.7,1660.41,standard,tendered,0.074
LD01082,L148,L087,"Houston, TX","Jacksonville, FL",reefer,dairy,26786,False,2026-10-16T19:00,2026-10-17T03:00,2026-10-18T02:00,2026-10-18T14:00,991.0,3021.33,standard,tendered,0.079
LD04879,L227,L283,"Charlotte, NC","Newark, NJ",reefer,frozen food,37338,False,2026-10-16T19:00,2026-10-16T21:00,2026-10-17T20:00,2026-10-18T20:00,651.0,2138.53,standard,tendered,0.005
LD00582,L423,L463,"St. Louis, MO","Indianapolis, IN",dry_van,retail,31736,False,2026-10-16T19:15,2026-10-16T21:15,2026-10-17T02:15,2026-10-17T08:15,263.2,851.94,standard,tendered,0.02
LD02030,L067,L410,"Houston, TX","Louisville, KY",dry_van,electronics,35826,False,2026-10-16T19:15,2026-10-16T21:15,2026-10-18T02:15,2026-10-18T14:15,949.6,2175.4,standard,accepted,0.056
LD03717,L145,L216,"Newark, NJ","San Antonio, TX",flatbed,lumber,43224,False,2026-10-16T19:30,2026-10-16T21:30,2026-10-19T14:30,2026-10-19T22:30,1915.0,4412.38,standard,accepted,0.192
LD00719,L148,L084,"Houston, TX","St. Louis, MO",dry_van,paper products,11639,False,2026-10-16T19:45,2026-10-17T03:45,2026-10-17T23:45,2026-10-18T11:45,830.9,2149.33,standard,accepted,0.015
LD01334,L377,L431,"Phoenix, AZ","Laredo, TX",dry_van,electronics,23539,False,2026-10-16T19:45,2026-10-16T21:45,2026-10-18T04:45,2026-10-18T16:45,1040.0,2731.59,high,tendered,0.029
LD03846,L145,L143,"Newark, NJ","Chicago, IL",dry_van,auto parts,39254,False,2026-10-16T19:45,2026-10-17T03:45,2026-10-17T22:45,2026-10-18T22:45,863.7,2212.63,standard,tendered,0.072
LD04295,L368,L339,"Oklahoma City, OK","Denver, CO",dry_van,electronics,36746,False,2026-10-16T19:45,2026-10-16T23:45,2026-10-17T09:45,2026-10-17T13:45,585.9,1668.69,standard,accepted,0.02
LD01920,L134,L109,"Denver, CO","Dallas, TX",dry_van,retail,32527,False,2026-10-16T20:00,2026-10-17T02:00,2026-10-18T00:00,2026-10-19T00:00,834.3,2616.0,standard,tendered,0.001
LD02415,L049,L255,"Memphis, TN","Detroit, MI",dry_van,beverages,21385,False,2026-10-16T20:00,2026-10-17T00:00,2026-10-17T23:00,2026-10-18T05:00,782.8,2226.13,high,tendered,0.015
LD03080,L453,L084,"Houston, TX","St. Louis, MO",dry_van,beverages,13149,False,2026-10-16T20:00,2026-10-17T04:00,2026-10-17T23:00,2026-10-18T11:00,834.7,2134.38,standard,tentative,0.098
LD03655,L086,L111,"Memphis, TN","Newark, NJ",flatbed,machinery,37964,True,2026-10-16T20:00,2026-10-17T04:00,2026-10-18T05:00,2026-10-18T13:00,1153.5,2952.31,standard,tendered,0.246
LD01791,L485,L390,"Nashville, TN","Houston, TX",dry_van,auto parts,26044,False,2026-10-16T20:15,2026-10-17T02:15,2026-10-18T00:15,2026-10-18T06:15,802.8,1998.26,high,tendered,0.163
LD02260,L483,L492,"St. Louis, MO","Charlotte, NC",dry_van,paper products,27210,False,2026-10-16T20:15,2026-10-16T22:15,2026-10-17T20:15,2026-10-18T02:15,688.8,1679.47,standard,tentative,0.048
LD04783,L086,L464,"Memphis, TN","Louisville, KY",dry_van,retail,27298,True,2026-10-16T20:15,2026-10-17T00:15,2026-10-17T05:15,2026-10-17T17:15,390.6,1152.21,standard,tendered,0.107
LD04362,L456,L492,"Memphis, TN","Charlotte, NC",dry_van,retail,17608,False,2026-10-16T20:30,2026-10-17T04:30,2026-10-17T11:30,2026-10-17T23:30,599.8,1582.44,high,accepted,0.066
LD04533,L451,L349,"Louisville, KY","Charlotte, NC",dry_van,electronics,19340,False,2026-10-16T20:30,2026-10-16T22:30,2026-10-17T07:30,2026-10-17T13:30,435.8,1137.3,standard,tendered,0.095
LD04915,L145,L471,"Newark, NJ","Charlotte, NC",dry_van,paper products,33392,False,2026-10-16T20:30,2026-10-17T02:30,2026-10-17T19:30,2026-10-18T03:30,640.9,1736.16,standard,accepted,0.04
LD02399,L079,L351,"Indianapolis, IN","Chicago, IL",dry_van,retail,33489,False,2026-10-16T20:45,2026-10-16T22:45,2026-10-17T01:45,2026-10-17T07:45,187.7,664.65,standard,accepted,0.003
LD04461,L224,L056,"Columbus, OH","Minneapolis, MN",dry_van,electronics,22300,False,2026-10-16T20:45,2026-10-17T00:45,2026-10-17T23:45,2026-10-18T11:45,755.6,1989.21,standard,tendered,0.025
LD00149,L438,L421,"Dallas, TX","Louisville, KY",dry_van,auto parts,19764,False,2026-10-17T00:00,2026-10-17T04:00,2026-10-18T04:00,2026-10-18T08:00,847.2,2032.42,high,tentative,0.079
LD02571,L361,L272,"Little Rock, AR","Nashville, TN",dry_van,beverages,40275,False,2026-10-17T00:00,2026-10-17T08:00,2026-10-17T09:00,2026-10-17T21:00,369.7,1173.71,standard,accepted,0.052
LD04007,L241,L423,"Indianapolis, IN","St. Louis, MO",dry_van,electronics,33169,False,2026-10-17T00:00,2026-10-17T02:00,2026-10-17T09:00,2026-10-17T15:00,260.9,893.74,standard,tendered,0.023
LD01354,L423,L446,"St. Louis, MO","Charlotte, NC",dry_van,auto parts,16447,False,2026-10-17T00:15,2026-10-17T02:15,2026-10-18T00:15,2026-10-19T00:15,671.2,1927.16,standard,tendered,0.071
LD04536,L450,L124,"Indianapolis, IN","Detroit, MI",reefer,produce,31074,False,2026-10-17T00:15,2026-10-17T02:15,2026-10-17T07:15,2026-10-17T11:15,258.1,1060.73,standard,accepted,0.002
LD00588,L148,L229,"Houston, TX","Denver, CO",dry_van,beverages,35359,False,2026-10-17T00:30,2026-10-17T02:30,2026-10-18T07:30,2026-10-18T13:30,1005.5,2761.21,standard,tentative,0.065
LD02611,L046,L131,"Louisville, KY","Indianapolis, IN",dry_van,retail,22871,False,2026-10-17T00:45,2026-10-17T04:45,2026-10-17T05:45,2026-10-17T09:45,112.2,526.58,standard,tendered,0.018
LD04582,L405,L342,"St. Louis, MO","Chicago, IL",dry_van,auto parts,30136,False,2026-10-17T00:45,2026-10-17T02:45,2026-10-17T08:45,2026-10-17T12:45,304.7,990.46,standard,tendered,0.095
LD00097,L062,L205,"Laredo, TX","Oklahoma City, OK",dry_van,retail,40895,False,2026-10-17T01:15,2026-10-17T05:15,2026-10-18T02:15,2026-10-18T10:15,659.7,1780.96,critical,accepted,0.014
LD00688,L368,L484,"Oklahoma City, OK","Indianapolis, IN",dry_van,paper products,39597,False,2026-10-17T01:15,2026-10-17T05:15,2026-10-18T06:15,2026-10-19T06:15,848.9,2101.34,standard,tendered,0.107
LD01070,L271,L449,"Austin, TX","Indianapolis, IN",dry_van,auto parts,41801,False,2026-10-17T01:15,2026-10-17T03:15,2026-10-18T10:15,2026-10-18T14:15,1102.5,2548.38,high,tendered,0.056
LD01709,L241,L144,"Indianapolis, IN","San Antonio, TX",dry_van,retail,37699,False,2026-10-17T01:15,2026-10-17T05:15,2026-10-18T23:15,2026-10-19T23:15,1220.6,3199.82,standard,accepted,0.071
LD01890,L131,L377,"Indianapolis, IN","Phoenix, AZ",reefer,pharmaceuticals,19877,False,2026-10-17T01:15,2026-10-17T07:15,2026-10-19T08:15,2026-10-19T16:15,1767.8,5043.19,high,tentative,0.036
LD02873,L361,L269,"Little Rock, AR","Harrisburg, PA",dry_van,consumer goods,39440,False,2026-10-17T01:15,2026-10-17T07:15,2026-10-18T10:15,2026-10-18T22:15,1113.5,2942.79,standard,accepted,0.081
LD03789,L450,L139,"Indianapolis, IN","Jacksonville, FL",dry_van,retail,22711,False,2026-10-17T01:15,2026-10-17T05:15,2026-10-18T05:15,2026-10-19T05:15,849.6,2090.94,standard,tendered,0.041
LD00449,L450,L082,"Indianapolis, IN","Phoenix, AZ",dry_van,electronics,24453,False,2026-10-17T01:30,2026-10-17T09:30,2026-10-19T09:30,2026-10-20T09:30,1804.9,4021.52,standard,accepted,0.04
LD02752,L368,L459,"Oklahoma City, OK","Houston, TX",dry_van,auto parts,33013,False,2026-10-17T01:30,2026-10-17T03:30,2026-10-17T14:30,2026-10-18T14:30,506.4,1472.46,standard,tendered,0.036
LD04023,L289,L174,"Harrisburg, PA","Indianapolis, IN",reefer,meat,16745,False,2026-10-17T01:30,2026-10-17T09:30,2026-10-17T15:30,2026-10-17T23:30,582.7,1757.12,standard,accepted,0.019
LD02707,L139,L325,"Jacksonville, FL","Indianapolis, IN",reefer,frozen food,32556,False,2026-10-17T01:45,2026-10-17T09:45,2026-10-18T05:45,2026-10-18T09:45,865.2,2684.6,high,accepted,0.038
LD00425,L227,L041,"Charlotte, NC","Dallas, TX",flatbed,building materials,22345,False,2026-10-17T02:15,2026-10-17T10:15,2026-10-18T12:15,2026-10-19T00:15,1117.8,3284.45,standard,accepted,0.082
LD04899,L049,L070,"Memphis, TN","Little Rock, AR",dry_van,beverages,41259,False,2026-10-17T02:15,2026-10-17T08:15,2026-10-17T07:15,2026-10-18T07:15,155.5,574.26,standard,accepted,0.202
LD03259,L342,L349,"Chicago, IL","Charlotte, NC",dry_van,retail,24308,False,2026-10-17T02:30,2026-10-17T04:30,2026-10-18T03:30,2026-10-18T11:30,723.8,1975.79,high,tendered,0.042
LD04314,L061,L124,"Charlotte, NC","Detroit, MI",dry_van,beverages,42076,False,2026-10-17T02:30,2026-10-17T10:30,2026-10-18T01:30,2026-10-18T07:30,608.9,1720.26,high,tentative,0.03
LD01227,L372,L431,"Dallas, TX","Laredo, TX",flatbed,lumber,39606,False,2026-10-17T02:45,2026-10-17T04:45,2026-10-17T13:45,2026-10-18T13:45,495.6,1563.38,critical,tentative,0.141
LD04998,L185,L102,"Newark, NJ","Indianapolis, IN",dry_van,retail,32509,False,2026-10-17T02:45,2026-10-17T06:45,2026-10-18T04:45,2026-10-18T08:45,756.4,1965.35,standard,accepted,0.015
LD02812,L456,L154,"Memphis, TN","Laredo, TX",dry_van,beverages,16976,False,2026-10-17T03:00,2026-10-17T05:00,2026-10-18T10:00,2026-10-18T18:00,924.1,2504.05,standard,accepted,0.069
LD00470,L456,L476,"Memphis, TN","Chicago, IL",dry_van,consumer goods,35796,False,2026-10-17T03:15,2026-10-17T09:15,2026-10-17T17:15,2026-10-18T05:15,567.9,1638.3,standard,tendered,0.048
LD00439,L049,L265,"Memphis, TN","Harrisburg, PA",dry_van,auto parts,29567,False,2026-10-17T03:30,2026-10-17T09:30,2026-10-18T10:30,2026-10-18T18:30,989.5,2212.76,standard,tendered,0.1
LD01217,L343,L334,"Louisville, KY","Chicago, IL",dry_van,retail,39987,False,2026-10-17T03:30,2026-10-17T05:30,2026-10-17T13:30,2026-10-17T17:30,298.8,883.95,standard,accepted,0.036
LD01773,L280,L099,"Kansas City, MO","Dallas, TX",dry_van,beverages,33410,False,2026-10-17T03:30,2026-10-17T09:30,2026-10-17T16:30,2026-10-17T22:30,535.9,1581.16,high,accepted,0.018
LD02139,L093,L380,"Houston, TX","Birmingham, AL",dry_van,retail,17705,False,2026-10-17T03:30,2026-10-17T07:30,2026-10-18T05:30,2026-10-19T05:30,730.3,1922.15,standard,tendered,0.189
LD04346,L062,L473,"Laredo, TX","Phoenix, AZ",dry_van,consumer goods,33064,False,2026-10-17T03:30,2026-10-17T05:30,2026-10-18T11:30,2026-10-18T17:30,1030.0,2437.71,standard,tendered,0.027
LD04560,L079,L340,"Indianapolis, IN","Detroit, MI",reefer,pharmaceuticals,29505,False,2026-10-17T03:30,2026-10-17T07:30,2026-10-17T10:30,2026-10-17T18:30,297.4,1208.04,standard,tentative,0.049
LD02362,L450,L485,"Indianapolis, IN","Nashville, TN",reefer,pharmaceuticals,20579,False,2026-10-17T04:00,2026-10-17T06:00,2026-10-17T12:00,2026-10-17T18:00,313.4,1213.53,standard,tendered,0.077
LD02364,L375,L148,"Columbus, OH","Houston, TX",reefer,dairy,33653,False,2026-10-17T04:00,2026-10-17T10:00,2026-10-18T13:00,2026-10-19T13:00,1194.0,3328.09,standard,accepted,0.072
LD03710,L359,L485,"Orlando, FL","Nashville, TN",reefer,meat,34920,False,2026-10-17T04:00,2026-10-17T06:00,2026-10-18T05:00,2026-10-18T13:00,736.7,2491.0,standard,tendered,0.091
LD00820,L139,L180,"Jacksonville, FL","New Orleans, LA",dry_van,beverages,38566,False,2026-10-17T04:15,2026-10-17T10:15,2026-10-18T03:15,2026-10-18T07:15,615.8,1769.15,standard,tentative,0.088
LD04996,L361,L232,"Little Rock, AR","San Antonio, TX",dry_van,retail,15950,False,2026-10-17T04:15,2026-10-17T06:15,2026-10-17T17:15,2026-10-18T05:15,590.7,1595.0,standard,tendered,0.104
LD01146,L352,L052,"Chicago, IL","Atlanta, GA",reefer,dairy,20073,False,2026-10-17T04:30,2026-10-17T08:30,2026-10-18T05:30,2026-10-18T09:30,680.8,2115.88,standard,tendered,0.021
LD01604,L199,L310,"Phoenix, AZ","El Paso, TX",reefer,dairy,36069,False,2026-10-17T04:30,2026-10-17T10:30,2026-10-17T13:30,2026-10-17T21:30,407.5,1629.5,high,tentative,0.075
LD04745,L271,L322,"Austin, TX","Kansas City, MO",reefer,pharmaceuticals,34694,False,2026-10-17T04:30,2026-10-17T10:30,2026-10-18T07:30,2026-10-18T19:30,790.6,2151.41,standard,accepted,0.046
LD04135,L259,L254,"Minneapolis, MN","Chicago, IL",reefer,frozen food,26460,False,2026-10-17T04:45,2026-10-17T08:45,2026-10-17T14:45,2026-10-17T22:45,434.0,1367.02,standard,accepted,0.11
LD00051,L131,L354,"Indianapolis, IN","San Antonio, TX",dry_van,retail,40775,False,2026-10-17T05:00,2026-10-17T11:00,2026-10-18T15:00,2026-10-18T19:00,1172.6,2583.96,standard,accepted,0.059
LD00168,L414,L308,"Memphis, TN","Chicago, IL",reefer,meat,38288,False,2026-10-17T05:00,2026-10-17T13:00,2026-10-17T18:00,2026-10-18T00:00,569.9,2012.19,standard,accepted,0.038
LD00429,L244,L205,"Dallas, TX","Oklahoma City, OK",flatbed,pipe,26065,False,2026-10-17T05:00,2026-10-17T07:00,2026-10-17T11:00,2026-10-17T23:00,213.4,896.94,standard,accepted,0.093
LD00703,L485,L349,"Nashville, TN","Charlotte, NC",dry_van,auto parts,36145,False,2026-10-17T05:00,2026-10-17T09:00,2026-10-17T16:00,2026-10-17T20:00,423.6,1256.48,standard,accepted,0.054
LD01301,L376,L213,"Chicago, IL","Jacksonville, FL",dry_van,paper products,35090,False,2026-10-17T05:00,2026-10-17T13:00,2026-10-18T13:00,2026-10-18T17:00,1043.3,2711.95,standard,accepted,0.214
LD02670,L305,L292,"Los Angeles, CA","Houston, TX",dry_van,paper products,30781,False,2026-10-17T05:00,2026-10-17T13:00,2026-10-19T09:00,2026-10-19T13:00,1637.2,4102.83,standard,tendered,0.114
LD03609,L376,L479,"Chicago, IL","San Antonio, TX",dry_van,electronics,17250,False,2026-10-17T05:00,2026-10-17T09:00,2026-10-19T03:00,2026-10-19T09:00,1244.2,2851.88,standard,tendered,0.202
LD04713,L324,L252,"Houston, TX","Columbus, OH",dry_van,beverages,35573,False,2026-10-17T05:00,2026-10-17T09:00,2026-10-18T14:00,2026-10-18T22:00,1155.2,3023.4,standard,tendered,0.047
LD01424,L443,L414,"Minneapolis, MN","Memphis, TN",dry_van,beverages,22543,False,2026-10-17T05:15,2026-10-17T07:15,2026-10-18T10:15,2026-10-18T22:15,845.5,2041.27,critical,accepted,0.146
LD01457,L045,L287,"Oklahoma City, OK","Atlanta, GA",reefer,dairy,14837,False,2026-10-17T05:15,2026-10-17T13:15,2026-10-18T11:15,2026-10-18T23:15,904.2,2686.9,standard,tendered,0.047
LD02024,L142,L266,"Atlanta, GA","Columbus, OH",reefer,dairy,36301,False,2026-10-17T05:15,2026-10-17T07:15,2026-10-17T18:15,2026-10-17T22:15,527.8,1761.31,critical,tentative,0.074
LD03050,L086,L480,"Memphis, TN","Birmingham, AL",dry_van,consumer goods,41139,False,2026-10-17T05:15,2026-10-17T09:15,2026-10-17T12:15,2026-10-17T16:15,273.5,888.47,standard,tendered,0.106
LD03502,L437,L047,"Laredo, TX","El Paso, TX",dry_van,auto parts,33389,False,2026-10-17T05:15,2026-10-17T09:15,2026-10-18T06:15,2026-10-18T18:15,658.6,1643.22,standard,tendered,0.129
LD03543,L083,L246,"Indianapolis, IN","Columbus, OH",dry_van,paper products,33896,False,2026-10-17T05:15,2026-10-17T07:15,2026-10-17T12:15,2026-10-17T16:15,205.6,766.9,critical,accepted,0.011
LD03824,L439,L213,"Oklahoma City, OK","Jacksonville, FL",dry_van,auto parts,18575,False,2026-10-17T05:15,2026-10-17T07:15,2026-10-18T15:15,2026-10-18T21:15,1187.9,2836.34,standard,accepted,0.048
LD00924,L191,L404,"Los Angeles, CA","Kansas City, MO",reefer,produce,37495,False,2026-10-17T05:30,2026-10-17T13:30,2026-10-19T11:30,2026-10-19T15:30,1614.3,3958.2,standard,tendered,0.044
LD01730,L045,L487,"Oklahoma City, OK","Dallas, TX",dry_van,paper products,37871,False,2026-10-17T05:30,2026-10-17T11:30,2026-10-17T13:30,2026-10-18T13:30,243.0,757.72,high,tendered,0.032
LD03285,L283,L128,"Newark, NJ","Miami, FL",dry_van,auto parts,19018,False,2026-10-17T05:30,2026-10-17T13:30,2026-10-19T04:30,2026-10-19T08:30,1311.3,3380.73,standard,tendered,0.062
LD03832,L184,L133,"Newark, NJ","Dallas, TX",flatbed,machinery,44676,False,2026-10-17T05:30,2026-10-17T07:30,2026-10-19T09:30,2026-10-19T17:30,1619.5,3883.97,standard,tendered,0.02
LD03876,L405,L204,"St. Louis, MO","Kansas City, MO",dry_van,paper products,37168,False,2026-10-17T05:30,2026-10-17T11:30,2026-10-17T12:30,2026-10-17T18:30,270.1,908.5,high,tendered,0.016
LD04939,L439,L220,"Oklahoma City, OK","Chicago, IL",dry_van,electronics,24719,False,2026-10-17T05:30,2026-10-17T09:30,2026-10-18T09:30,2026-10-18T21:30,843.8,2276.97,standard,accepted,0.021
LD02563,L482,L399,"Orlando, FL","Minneapolis, MN",flatbed,machinery,32170,False,2026-10-17T05:45,2026-10-17T11:45,2026-10-19T08:45,2026-10-19T14:45,1565.6,5204.68,standard,tendered,0.076
LD02774,L290,L435,"New Orleans, LA","Chicago, IL",dry_van,beverages,31160,False,2026-10-17T05:45,2026-10-17T11:45,2026-10-18T11:45,2026-10-19T11:45,1021.0,2590.89,high,tendered,0.09
LD02918,L053,L066,"Dallas, TX","Chicago, IL",flatbed,machinery,39155,False,2026-10-17T05:45,2026-10-17T09:45,2026-10-18T11:45,2026-10-18T17:45,989.8,2832.37,standard,tendered,0.02
LD03965,L173,L273,"Atlanta, GA","Newark, NJ",reefer,meat,21744,False,2026-10-17T05:45,2026-10-17T09:45,2026-10-18T09:45,2026-10-18T17:45,879.1,2364.95,standard,tendered,0.077
LD04522,L289,L383,"Harrisburg, PA","Charlotte, NC",reefer,produce,37394,False,2026-10-17T05:45,2026-10-17T09:45,2026-10-17T18:45,2026-10-17T22:45,498.2,1748.04,standard,accepted,0.094
LD01131,L334,L426,"Chicago, IL","St. Louis, MO",dry_van,electronics,25408,False,2026-10-17T06:00,2026-10-17T12:00,2026-10-17T15:00,2026-10-18T03:00,301.0,952.68,standard,tendered,0.015
LD01736,L219,L395,"Nashville, TN","Austin, TX",dry_van,electronics,31731,False,2026-10-17T06:00,2026-10-17T10:00,2026-10-18T11:00,2026-10-18T17:00,887.1,2023.4,high,tendered,0.138
LD02019,L485,L379,"Nashville, TN","Laredo, TX",dry_van,paper products,40657,False,2026-10-17T06:00,2026-10-17T08:00,2026-10-18T15:00,2026-10-18T21:00,1115.6,2707.27,standard,accepted,0.014
LD02036,L168,L439,"Jacksonville, FL","Oklahoma City, OK",dry_van,retail,14432,False,2026-10-17T06:00,2026-10-17T10:00,2026-10-18T15:00,2026-10-19T03:00,1180.6,2891.13,standard,accepted,0.061
LD02427,L149,L474,"Jacksonville, FL","Chicago, IL",dry_van,paper products,29203,False,2026-10-17T06:00,2026-10-17T12:00,2026-10-18T13:00,2026-10-18T17:00,1077.5,2570.45,critical,tendered,0.035
LD02451,L376,L499,"Chicago, IL","Dallas, TX",dry_van,electronics,36691,False,2026-10-17T06:00,2026-10-17T14:00,2026-10-18T12:00,2026-10-18T20:00,932.9,2101.52,standard,accepted,0.021
LD03078,L352,L384,"Chicago, IL","Minneapolis, MN",dry_van,consumer goods,25844,False,2026-10-17T06:00,2026-10-17T10:00,2026-10-17T17:00,2026-10-18T01:00,425.9,1290.49,standard,accepted,0.071
LD03139,L092,L128,"Chicago, IL","Miami, FL",dry_van,beverages,18366,False,2026-10-17T06:00,2026-10-17T08:00,2026-10-19T05:00,2026-10-19T13:00,1402.2,3694.87,standard,accepted,0.012
LD03455,L166,L270,"Atlanta, GA","Detroit, MI",dry_van,consumer goods,25156,False,2026-10-17T06:00,2026-10-17T08:00,2026-10-18T08:00,2026-10-18T12:00,734.6,2060.48,standard,tendered,0.049
LD03595,L154,L328,"Laredo, TX","Austin, TX",dry_van,electronics,16197,False,2026-10-17T06:00,2026-10-17T14:00,2026-10-17T12:00,2026-10-18T12:00,240.9,902.73,high,accepted,0.082
LD03605,L368,L358,"Oklahoma City, OK","Newark, NJ",dry_van,auto parts,27385,False,2026-10-17T06:00,2026-10-17T08:00,2026-10-19T11:00,2026-10-19T17:00,1607.7,4021.16,standard,accepted,0.059
LD04531,L439,L295,"Oklahoma City, OK","New Orleans, LA",dry_van,paper products,25920,False,2026-10-17T06:00,2026-10-17T08:00,2026-10-18T07:00,2026-10-19T07:00,688.6,1723.91,standard,tentative,0.029
LD04700,L456,L399,"Memphis, TN","Minneapolis, MN",dry_van,consumer goods,37025,True,2026-10-17T06:00,2026-10-17T08:00,2026-10-18T11:00,2026-10-18T23:00,817.9,2252.92,standard,accepted,0.152
LD00555,L331,L119,"Little Rock, AR","New Orleans, LA",dry_van,beverages,30144,False,2026-10-17T06:15,2026-10-17T12:15,2026-10-17T16:15,2026-10-18T16:15,412.3,1263.06,standard,tendered,0.045
LD00812,L245,L156,"Nashville, TN","Charlotte, NC",reefer,dairy,41078,False,2026-10-17T06:15,2026-10-17T12:15,2026-10-17T16:15,2026-10-17T20:15,428.5,1466.46,standard,tentative,0.003
LD00972,L397,L458,"Laredo, TX","Houston, TX",reefer,pharmaceuticals,22366,False,2026-10-17T06:15,2026-10-17T08:15,2026-10-17T12:15,2026-10-17T18:15,289.1,1176.16,standard,tendered,0.095
LD01743,L166,L084,"Atlanta, GA","St. Louis, MO",reefer,produce,22743,False,2026-10-17T06:15,2026-10-17T08:15,2026-10-17T20:15,2026-10-18T00:15,587.3,1720.01,standard,accepted,0.035
LD02061,L157,L296,"Dallas, TX","Louisville, KY",flatbed,pipe,39358,False,2026-10-17T06:15,2026-10-17T08:15,2026-10-18T10:15,2026-10-18T22:15,859.2,2366.71,standard,tentative,0.094
LD03165,L414,L404,"Memphis, TN","Kansas City, MO",dry_van,retail,12090,False,2026-10-17T06:15,2026-10-17T12:15,2026-10-17T17:15,2026-10-17T23:15,453.8,1221.59,critical,tendered,0.061
LD03477,L075,L091,"Chicago, IL","Columbus, OH",dry_van,retail,32090,False,2026-10-17T06:15,2026-10-17T10:15,2026-10-17T14:15,2026-10-18T02:15,314.2,948.6,standard,tendered,0.07
LD04082,L274,L264,"St. Louis, MO","Birmingham, AL",dry_van,consumer goods,40806,False,2026-10-17T06:15,2026-10-17T08:15,2026-10-17T16:15,2026-10-17T22:15,447.4,1186.64,standard,tendered,0.128
LD04296,L245,L151,"Nashville, TN","Minneapolis, MN",dry_van,retail,16906,True,2026-10-17T06:15,2026-10-17T10:15,2026-10-18T09:15,2026-10-18T21:15,813.0,2255.04,high,tendered,0.017
LD04491,L424,L353,"Austin, TX","Atlanta, GA",reefer,meat,37861,False,2026-10-17T06:15,2026-10-17T08:15,2026-10-18T12:15,2026-10-19T00:15,1015.5,3133.22,high,accepted,0.007
LD00063,L476,L299,"Chicago, IL","Kansas City, MO",dry_van,paper products,23133,False,2026-10-17T06:30,2026-10-17T08:30,2026-10-17T18:30,2026-10-18T06:30,514.5,1318.1,standard,tendered,0.044
LD00320,L139,L404,"Jacksonville, FL","Kansas City, MO",dry_van,beverages,36940,False,2026-10-17T06:30,2026-10-17T14:30,2026-10-18T15:30,2026-10-19T15:30,1159.1,2974.66,standard,accepted,0.036
LD00569,L309,L392,"Phoenix, AZ","Detroit, MI",dry_van,beverages,16420,False,2026-10-17T06:30,2026-10-17T10:30,2026-10-20T04:30,2026-10-20T08:30,2030.9,5045.18,standard,tendered,0.021
LD00754,L098,L090,"Houston, TX","Chicago, IL",dry_van,auto parts,31526,False,2026-10-17T06:30,2026-10-17T10:30,2026-10-18T16:30,2026-10-19T00:30,1139.7,2794.81,standard,tentative,0.117
LD01599,L219,L463,"Nashville, TN","Indianapolis, IN",dry_van,paper products,24747,False,2026-10-17T06:30,2026-10-17T12:30,2026-10-17T14:30,2026-10-18T14:30,276.2,969.54,standard,accepted,0.046
LD01783,L168,L482,"Jacksonville, FL","Orlando, FL",dry_van,consumer goods,20223,False,2026-10-17T06:30,2026-10-17T08:30,2026-10-17T11:30,2026-10-17T17:30,159.0,685.63,standard,accepted,0.095
LD03235,L288,L287,"Miami, FL","Atlanta, GA",dry_van,paper products,20589,False,2026-10-17T06:30,2026-10-17T14:30,2026-10-18T08:30,2026-10-18T20:30,714.7,1906.02,standard,tendered,0.098
LD03548,L260,L186,"Los Angeles, CA","Chicago, IL",flatbed,building materials,28198,False,2026-10-17T06:30,2026-10-17T08:30,2026-10-20T04:30,2026-10-20T16:30,2083.6,5335.64,standard,tendered,0.012
LD03758,L378,L328,"Kansas City, MO","Austin, TX",dry_van,beverages,39500,False,2026-10-17T06:30,2026-10-17T10:30,2026-10-18T07:30,2026-10-19T07:30,775.9,1928.72,standard,tentative,0.058
LD04540,L073,L232,"Laredo, TX","San Antonio, TX",dry_van,auto parts,14710,False,2026-10-17T06:30,2026-10-17T12:30,2026-10-17T14:30,2026-10-17T18:30,243.7,768.53,standard,accepted,0.119
LD00224,L482,L481,"Orlando, FL","Little Rock, AR",dry_van,paper products,36558,True,2026-10-17T06:45,2026-10-17T08:45,2026-10-18T12:45,2026-10-18T18:45,924.0,2781.8,standard,tendered,0.019
LD00461,L244,L466,"Dallas, TX","Nashville, TN",dry_van,paper products,15202,False,2026-10-17T06:45,2026-10-17T14:45,2026-10-18T08:45,2026-10-18T16:45,750.3,2011.63,standard,tendered,0.04
LD00906,L396,L432,"Little Rock, AR","Miami, FL",dry_van,paper products,14263,False,2026-10-17T06:45,2026-10-17T10:45,2026-10-18T16:45,2026-10-19T16:45,1132.5,2575.14,high,accepted,0.095
LD01841,L097,L390,"Denver, CO","Houston, TX",dry_van,auto parts,24866,False,2026-10-17T06:45,2026-10-17T08:45,2026-10-18T14:45,2026-10-18T18:45,1061.4,2799.56,high,tentative,0.075
LD02329,L143,L339,"Chicago, IL","Denver, CO",reefer,pharmaceuticals,35155,False,2026-10-17T06:45,2026-10-17T12:45,2026-10-18T15:45,2026-10-18T21:45,1104.6,3452.02,standard,accepted,0.085
LD02480,L331,L348,"Little Rock, AR","Los Angeles, CA",dry_van,electronics,18078,True,2026-10-17T06:45,2026-10-17T08:45,2026-10-19T13:45,2026-10-19T21:45,1779.6,3784.9,standard,accepted,0.22
LD03062,L224,L044,"Columbus, OH","Dallas, TX",dry_van,paper products,23205,False,2026-10-17T06:45,2026-10-17T10:45,2026-10-18T15:45,2026-10-19T15:45,1102.4,2419.96,standard,tendered,0.034
LD03685,L225,L408,"Chicago, IL","Charlotte, NC",dry_van,beverages,17719,False,2026-10-17T06:45,2026-10-17T10:45,2026-10-18T07:45,2026-10-18T15:45,696.4,1916.01,standard,tendered,0.039
LD03714,L466,L303,"Nashville, TN","Oklahoma City, OK",dry_van,auto parts,37736,False,2026-10-17T06:45,2026-10-17T12:45,2026-10-18T08:45,2026-10-18T20:45,734.0,1726.23,standard,tendered,0.045
LD04101,L462,L471,"Indianapolis, IN","Charlotte, NC",flatbed,machinery,35582,False,2026-10-17T06:45,2026-10-17T08:45,2026-10-17T17:45,2026-10-18T05:45,492.3,1475.47,standard,accepted,0.034
LD04110,L294,L082,"Los Angeles, CA","Phoenix, AZ",reefer,meat,35898,False,2026-10-17T06:45,2026-10-17T10:45,2026-10-17T17:45,2026-10-17T23:45,433.4,1551.63,standard,tendered,0.002
LD04669,L332,L077,"Indianapolis, IN","Jacksonville, FL",dry_van,paper products,15236,False,2026-10-17T06:45,2026-10-17T08:45,2026-10-18T10:45,2026-10-18T16:45,829.9,1922.08,standard,tendered,0.028
LD04972,L075,L273,"Chicago, IL","Newark, NJ",flatbed,lumber,21912,False,2026-10-17T06:45,2026-10-17T10:45,2026-10-18T09:45,2026-10-18T17:45,837.1,2262.97,high,tendered,0.049
LD00027,L065,L340,"Miami, FL","Detroit, MI",flatbed,lumber,41516,True,2026-10-17T07:00,2026-10-17T15:00,2026-10-19T05:00,2026-10-19T17:00,1367.5,4573.09,critical,accepted,0.01
LD00113,L118,L144,"Houston, TX","San Antonio, TX",dry_van,beverages,27284,False,2026-10-17T07:00,2026-10-17T13:00,2026-10-17T14:00,2026-10-17T22:00,248.0,767.57,standard,tendered,0.148
LD00364,L092,L097,"Chicago, IL","Denver, CO",dry_van,consumer goods,37437,False,2026-10-17T07:00,2026-10-17T13:00,2026-10-18T15:00,2026-10-19T15:00,1095.7,2628.41,standard,accepted,0.017
LD00445,L049,L217,"Memphis, TN","Charlotte, NC",dry_van,paper products,36059,False,2026-10-17T07:00,2026-10-17T13:00,2026-10-18T07:00,2026-10-18T15:00,632.5,1765.29,standard,tendered,0.031
LD00523,L138,L419,"Little Rock, AR","Charlotte, NC",dry_van,beverages,35924,False,2026-10-17T07:00,2026-10-17T09:00,2026-10-18T10:00,2026-10-18T16:00,799.0,2114.86,standard,tendered,0.083
LD00607,L241,L351,"Indianapolis, IN","Chicago, IL",flatbed,lumber,24374,False,2026-10-17T07:00,2026-10-17T09:00,2026-10-17T15:00,2026-10-18T15:00,220.9,838.96,standard,tendered,0.034
LD00725,L307,L176,"Chicago, IL","Denver, CO",dry_van,retail,31733,False,2026-10-17T07:00,2026-10-17T09:00,2026-10-18T15:00,2026-10-19T15:00,1096.9,2385.02,high,accepted,0.001
LD02047,L232,L427,"San Antonio, TX","Atlanta, GA",reefer,meat,30841,False,2026-10-17T07:00,2026-10-17T11:00,2026-10-18T15:00,2026-10-19T03:00,1048.8,3290.83,high,accepted,0.026
LD02226,L141,L087,"Oklahoma City, OK","Jacksonville, FL",dry_van,paper products,33328,False,2026-10-17T07:00,2026-10-17T11:00,2026-10-18T18:00,2026-10-19T18:00,1192.2,2769.23,high,accepted,0.115
LD03166,L135,L486,"Dallas, TX","Louisville, KY",reefer,meat,25468,False,2026-10-17T07:00,2026-10-17T11:00,2026-10-18T11:00,2026-10-18T23:00,876.0,2437.49,standard,tendered,0.11
LD03569,L227,L432,"Charlotte, NC","Miami, FL",dry_van,beverages,20076,True,2026-10-17T07:00,2026-10-17T13:00,2026-10-18T11:00,2026-10-18T23:00,791.1,1870.55,standard,tendered,0.016
LD03616,L450,L192,"Indianapolis, IN","Chicago, IL",dry_van,electronics,31577,False,2026-10-17T07:00,2026-10-17T11:00,2026-10-17T14:00,2026-10-18T14:00,219.6,815.31,standard,accepted,0.006
LD03671,L412,L434,"Memphis, TN","Jacksonville, FL",dry_van,paper products,40445,False,2026-10-17T07:00,2026-10-17T09:00,2026-10-18T08:00,2026-10-18T16:00,726.4,2068.2,standard,tendered,0.119
LD04736,L078,L416,"Louisville, KY","Chicago, IL",flatbed,steel,30375,False,2026-10-17T07:00,2026-10-17T09:00,2026-10-17T15:00,2026-10-18T03:00,336.4,1227.36,standard,tendered,0.084
LD00613,L437,L114,"Laredo, TX","Dallas, TX",dry_van,electronics,28040,False,2026-10-17T07:15,2026-10-17T09:15,2026-10-17T19:15,2026-10-18T03:15,500.0,1297.35,standard,accepted,0.008
LD00642,L442,L163,"St. Louis, MO","San Antonio, TX",dry_van,consumer goods,36928,False,2026-10-17T07:15,2026-10-17T11:15,2026-10-18T13:15,2026-10-18T19:15,974.6,2591.72,standard,tendered,0.162
LD01117,L168,L492,"Jacksonville, FL","Charlotte, NC",dry_van,paper products,29720,False,2026-10-17T07:15,2026-10-17T09:15,2026-10-17T16:15,2026-10-17T20:15,399.7,1162.07,standard,tendered,0.021
LD02066,L241,L446,"Indianapolis, IN","Charlotte, NC",dry_van,retail,34254,False,2026-10-17T07:15,2026-10-17T11:15,2026-10-17T20:15,2026-10-18T20:15,506.7,1323.28,standard,tentative,0.056
LD02930,L104,L399,"Nashville, TN","Minneapolis, MN",dry_van,retail,35668,False,2026-10-17T07:15,2026-10-17T13:15,2026-10-18T11:15,2026-10-18T23:15,820.7,2119.39,standard,accepted,0.045
LD03442,L166,L228,"Atlanta, GA","Houston, TX",reefer,frozen food,28888,False,2026-10-17T07:15,2026-10-17T09:15,2026-10-18T12:15,2026-10-18T18:15,850.6,2326.98,standard,tendered,0.01
LD03482,L291,L186,"Houston, TX","Chicago, IL",dry_van,auto parts,38829,False,2026-10-17T07:15,2026-10-17T09:15,2026-10-18T15:15,2026-10-18T19:15,1153.0,2851.48,standard,accepted,0.025
LD03485,L143,L394,"Chicago, IL","Minneapolis, MN",reefer,pharmaceuticals,25817,False,2026-10-17T07:15,2026-10-17T15:15,2026-10-17T18:15,2026-10-18T00:15,442.7,1592.21,standard,tendered,0.007
LD03762,L166,L232,"Atlanta, GA","San Antonio, TX",dry_van,beverages,41242,False,2026-10-17T07:15,2026-10-17T09:15,2026-10-18T15:15,2026-10-19T03:15,1023.1,2524.65,standard,accepted,0.074
LD03894,L242,L449,"Little Rock, AR","Indianapolis, IN",reefer,produce,20607,False,2026-10-17T07:15,2026-10-17T13:15,2026-10-17T20:15,2026-10-18T08:15,573.2,1656.74,standard,tentative,0.047
LD03938,L092,L205,"Chicago, IL","Oklahoma City, OK",dry_van,consumer goods,38655,False,2026-10-17T07:15,2026-10-17T09:15,2026-10-18T10:15,2026-10-18T22:15,839.4,2103.99,standard,tendered,0.147
LD03961,L380,L128,"Birmingham, AL","Miami, FL",flatbed,building materials,38182,False,2026-10-17T07:15,2026-10-17T15:15,2026-10-18T11:15,2026-10-19T11:15,785.0,2257.92,standard,accepted,0.09
LD04374,L166,L169,"Atlanta, GA","Charlotte, NC",reefer,produce,38333,True,2026-10-17T07:15,2026-10-17T09:15,2026-10-17T16:15,2026-10-17T20:15,302.0,1209.88,standard,tendered,0.027
LD04824,L108,L383,"Houston, TX","Charlotte, NC",dry_van,paper products,30753,False,2026-10-17T07:15,2026-10-17T09:15,2026-10-18T16:15,2026-10-19T00:15,1108.9,2954.65,standard,tendered,0.043
LD00283,L346,L190,"Houston, TX","Oklahoma City, OK",dry_van,paper products,33239,False,2026-10-17T07:30,2026-10-17T15:30,2026-10-17T18:30,2026-10-17T22:30,519.3,1307.75,standard,accepted,0.013
LD00634,L118,L216,"Houston, TX","San Antonio, TX",reefer,pharmaceuticals,33389,False,2026-10-17T07:30,2026-10-17T09:30,2026-10-17T14:30,2026-10-17T20:30,228.3,842.59,standard,accepted,0.004
LD00709,L466,L096,"Nashville, TN","Chicago, IL",reefer,frozen food,33650,False,2026-10-17T07:30,2026-10-17T09:30,2026-10-17T19:30,2026-10-18T01:30,468.4,1410.8,standard,tendered,0.138
LD01280,L278,L351,"Newark, NJ","Chicago, IL",dry_van,retail,28689,False,2026-10-17T07:30,2026-10-17T11:30,2026-10-18T10:30,2026-10-18T18:30,816.6,1873.43,standard,tendered,0.013
LD01374,L355,L477,"Houston, TX","Miami, FL",dry_van,retail,38474,False,2026-10-17T07:30,2026-10-17T13:30,2026-10-18T16:30,2026-10-19T16:30,1138.3,2725.11,standard,tendered,0.091
LD01436,L086,L120,"Memphis, TN","Austin, TX",flatbed,building materials,30525,False,2026-10-17T07:30,2026-10-17T13:30,2026-10-18T07:30,2026-10-19T07:30,681.9,1874.74,standard,accepted,0.018
LD01477,L225,L340,"Chicago, IL","Detroit, MI",dry_van,beverages,24275,False,2026-10-17T07:30,2026-10-17T11:30,2026-10-17T14:30,2026-10-18T14:30,259.2,900.54,standard,tentative,0.149
LD01483,L211,L075,"Jacksonville, FL","Chicago, IL",reefer,produce,15288,False,2026-10-17T07:30,2026-10-17T13:30,2026-10-18T15:30,2026-10-19T03:30,1061.5,2953.1,high,accepted,0.02
LD01623,L293,L102,"Dallas, TX","Indianapolis, IN",reefer,dairy,30617,False,2026-10-17T07:30,2026-10-17T11:30,2026-10-18T12:30,2026-10-18T18:30,915.2,2567.79,standard,tendered,0.01
LD01851,L418,L055,"Jacksonville, FL","Louisville, KY",dry_van,paper products,22625,False,2026-10-17T07:30,2026-10-17T13:30,2026-10-18T08:30,2026-10-18T14:30,736.6,1752.26,standard,accepted,0.086
LD02457,L196,L480,"Indianapolis, IN","Birmingham, AL",reefer,frozen food,29533,False,2026-10-17T07:30,2026-10-17T11:30,2026-10-17T17:30,2026-10-17T21:30,487.3,1776.16,standard,tendered,0.028
LD02627,L396,L427,"Little Rock, AR","Atlanta, GA",dry_van,consumer goods,10705,False,2026-10-17T07:30,2026-10-17T15:30,2026-10-17T21:30,2026-10-18T21:30,577.9,1580.49,high,accepted,0.111
LD03181,L467,L287,"Miami, FL","Atlanta, GA",dry_van,electronics,31723,False,2026-10-17T07:30,2026-10-17T09:30,2026-10-18T08:30,2026-10-18T12:30,736.4,1974.3,standard,tendered,0.092
LD03424,L157,L091,"Dallas, TX","Columbus, OH",dry_van,auto parts,15093,False,2026-10-17T07:30,2026-10-17T09:30,2026-10-18T16:30,2026-10-18T22:30,1095.2,2449.6,standard,tendered,0.059
LD03680,L219,L170,"Nashville, TN","San Antonio, TX",flatbed,steel,39878,False,2026-10-17T07:30,2026-10-17T15:30,2026-10-18T14:30,2026-10-18T20:30,979.7,2746.82,standard,tendered,0.11
LD00127,L184,L189,"Newark, NJ","Harrisburg, PA",reefer,dairy,27542,False,2026-10-17T07:45,2026-10-17T11:45,2026-10-17T12:45,2026-10-18T12:45,155.3,703.71,high,tendered,0.058
LD00231,L466,L292,"Nashville, TN","Houston, TX",dry_van,auto parts,41584,False,2026-10-17T07:45,2026-10-17T15:45,2026-10-18T11:45,2026-10-19T11:45,817.1,2152.04,high,accepted,0.085
LD00875,L129,L217,"New Orleans, LA","Charlotte, NC",dry_van,retail,29873,False,2026-10-17T07:45,2026-10-17T13:45,2026-10-18T09:45,2026-10-18T15:45,779.8,1890.25,standard,tendered,0.011
LD01571,L319,L440,"Chicago, IL","Memphis, TN",dry_van,paper products,17700,False,2026-10-17T07:45,2026-10-17T09:45,2026-10-17T20:45,2026-10-18T00:45,585.5,1657.68,high,tendered,0.086
LD01590,L348,L182,"Los Angeles, CA","Denver, CO",dry_van,retail,13061,False,2026-10-17T07:45,2026-10-17T09:45,2026-10-18T13:45,2026-10-18T17:45,983.3,2387.68,standard,accepted,0.087
LD01644,L466,L347,"Nashville, TN","Dallas, TX",dry_van,beverages,30602,False,2026-10-17T07:45,2026-10-17T09:45,2026-10-18T10:45,2026-10-19T10:45,767.9,2057.61,standard,tendered,0.012
LD01769,L149,L056,"Jacksonville, FL","Minneapolis, MN",flatbed,machinery,28969,False,2026-10-17T07:45,2026-10-17T09:45,2026-10-19T07:45,2026-10-19T19:45,1431.4,3973.4,standard,tendered,0.11
LD01804,L136,L053,"San Antonio, TX","Dallas, TX",dry_van,retail,24880,False,2026-10-17T07:45,2026-10-17T09:45,2026-10-17T15:45,2026-10-17T19:45,315.5,962.25,standard,accepted,0.007
LD01879,L334,L479,"Chicago, IL","San Antonio, TX",reefer,produce,41164,False,2026-10-17T07:45,2026-10-17T15:45,2026-10-19T05:45,2026-10-20T05:45,1260.1,3195.44,standard,tendered,0.045
LD01884,L388,L349,"Louisville, KY","Charlotte, NC",dry_van,consumer goods,34122,False,2026-10-17T07:45,2026-10-17T09:45,2026-10-17T16:45,2026-10-17T22:45,424.9,1334.32,standard,accepted,0.08
LD02264,L269,L358,"Harrisburg, PA","Newark, NJ",dry_van,electronics,26704,False,2026-10-17T07:45,2026-10-17T09:45,2026-10-17T15:45,2026-10-17T23:45,179.8,661.59,standard,tendered,0.07
LD02317,L078,L148,"Louisville, KY","Houston, TX",dry_van,auto parts,38494,False,2026-10-17T07:45,2026-10-17T09:45,2026-10-18T13:45,2026-10-19T01:45,966.8,2480.38,standard,accepted,0.046
LD02573,L374,L270,"Newark, NJ","Detroit, MI",dry_van,beverages,36990,False,2026-10-17T07:45,2026-10-17T09:45,2026-10-17T20:45,2026-10-18T00:45,588.1,1462.43,standard,tendered,0.015
LD02654,L282,L231,"Little Rock, AR","El Paso, TX",reefer,dairy,37584,False,2026-10-17T07:45,2026-10-17T13:45,2026-10-18T15:45,2026-10-18T19:45,986.3,2536.82,standard,tendered,0.032
LD02797,L070,L424,"Little Rock, AR","Austin, TX",reefer,produce,36648,False,2026-10-17T07:45,2026-10-17T09:45,2026-10-17T19:45,2026-10-18T03:45,569.5,1626.16,standard,accepted,0.023
LD03099,L065,L363,"Miami, FL","Houston, TX",dry_van,consumer goods,10699,False,2026-10-17T07:45,2026-10-17T09:45,2026-10-18T16:45,2026-10-19T00:45,1190.3,3492.16,standard,tentative,0.065
LD03304,L149,L053,"Jacksonville, FL","Dallas, TX",dry_van,consumer goods,23002,False,2026-10-17T07:45,2026-10-17T09:45,2026-10-18T14:45,2026-10-19T14:45,1073.5,2784.24,standard,tendered,0.027
LD03764,L071,L365,"Dallas, TX","Birmingham, AL",dry_van,beverages,38600,False,2026-10-17T07:45,2026-10-17T15:45,2026-10-18T09:45,2026-10-18T17:45,712.4,1906.66,high,accepted,0.031
LD03784,L170,L377,"San Antonio, TX","Phoenix, AZ",reefer,frozen food,26100,False,2026-10-17T07:45,2026-10-17T15:45,2026-10-18T15:45,2026-10-18T23:45,1029.7,2860.81,standard,tendered,0.03
LD04176,L369,L124,"Columbus, OH","Detroit, MI",dry_van,electronics,32941,False,2026-10-17T07:45,2026-10-17T09:45,2026-10-17T14:45,2026-10-17T22:45,208.4,694.98,high,tendered,0.104
LD04223,L418,L226,"Jacksonville, FL","Columbus, OH",flatbed,machinery,24863,False,2026-10-17T07:45,2026-10-17T09:45,2026-10-18T10:45,2026-10-18T16:45,800.8,2038.51,critical,tendered,0.012
LD04281,L129,L473,"New Orleans, LA","Phoenix, AZ",dry_van,consumer goods,15887,False,2026-10-17T07:45,2026-10-17T15:45,2026-10-19T11:45,2026-10-19T23:45,1624.0,4158.03,standard,accepted,0.026
LD04874,L103,L182,"Chicago, IL","Denver, CO",dry_van,consumer goods,31385,False,2026-10-17T07:45,2026-10-17T13:45,2026-10-18T16:45,2026-10-18T20:45,1122.3,2915.79,standard,tendered,0.053
LD00020,L068,L097,"San Antonio, TX","Denver, CO",flatbed,pipe,35239,False,2026-10-17T08:00,2026-10-17T14:00,2026-10-18T14:00,2026-10-18T20:00,970.3,2521.95,high,tendered,0.104
LD00118,L291,L353,"Houston, TX","Atlanta, GA",dry_van,consumer goods,25290,False,2026-10-17T08:00,2026-10-17T10:00,2026-10-18T11:00,2026-10-18T19:00,880.5,2000.54,high,accepted,0.049
LD00285,L213,L494,"Jacksonville, FL","Dallas, TX",reefer,meat,30969,False,2026-10-17T08:00,2026-10-17T14:00,2026-10-18T16:00,2026-10-18T22:00,1086.3,3161.76,standard,tendered,0.028
LD00366,L115,L279,"Miami, FL","Columbus, OH",dry_van,paper products,15900,False,2026-10-17T08:00,2026-10-17T10:00,2026-10-19T04:00,2026-10-19T16:00,1214.8,3425.2,high,tendered,0.005
LD00396,L155,L130,"Los Angeles, CA","Memphis, TN",dry_van,paper products,18219,False,2026-10-17T08:00,2026-10-17T12:00,2026-10-20T03:00,2026-10-20T11:00,1906.7,3892.73,standard,accepted,0.008
LD00522,L336,L426,"Columbus, OH","St. Louis, MO",reefer,frozen food,22675,False,2026-10-17T08:00,2026-10-17T12:00,2026-10-17T19:00,2026-10-18T03:00,471.2,1645.87,standard,accepted,0.075
LD00677,L276,L410,"Charlotte, NC","Louisville, KY",reefer,dairy,34365,False,2026-10-17T08:00,2026-10-17T12:00,2026-10-17T18:00,2026-10-18T18:00,432.1,1375.52,standard,accepted,0.071
LD00869,L061,L412,"Charlotte, NC","Memphis, TN",dry_van,retail,13343,False,2026-10-17T08:00,2026-10-17T16:00,2026-10-18T08:00,2026-10-18T16:00,636.0,1687.94,standard,tentative,0.017
LD00889,L468,L150,"Newark, NJ","Columbus, OH",reefer,meat,40394,True,2026-10-17T08:00,2026-10-17T12:00,2026-10-17T20:00,2026-10-18T02:00,570.6,1963.45,standard,tendered,0.052
LD01409,L459,L110,"Houston, TX","Dallas, TX",dry_van,auto parts,25695,False,2026-10-17T08:00,2026-10-17T10:00,2026-10-17T16:00,2026-10-18T00:00,288.1,915.65,standard,accepted,0.13
LD01664,L123,L105,"Los Angeles, CA","Kansas City, MO",dry_van,paper products,40284,False,2026-10-17T08:00,2026-10-17T10:00,2026-10-19T12:00,2026-10-20T00:00,1645.0,4057.94,standard,tendered,0.179
LD01852,L152,L267,"Memphis, TN","Indianapolis, IN",reefer,frozen food,17366,False,2026-10-17T08:00,2026-10-17T14:00,2026-10-17T18:00,2026-10-17T22:00,448.7,1631.58,standard,tendered,0.094
LD02162,L412,L270,"Memphis, TN","Detroit, MI",reefer,dairy,25848,False,2026-10-17T08:00,2026-10-17T14:00,2026-10-18T09:00,2026-10-18T15:00,735.1,2292.4,standard,tendered,0.009
LD02188,L146,L145,"Detroit, MI","Newark, NJ",flatbed,machinery,28339,False,2026-10-17T08:00,2026-10-17T10:00,2026-10-18T09:00,2026-10-18T13:00,630.1,1989.12,standard,tendered,0.043
LD02220,L398,L161,"Jacksonville, FL","Nashville, TN",dry_van,beverages,30037,False,2026-10-17T08:00,2026-10-17T12:00,2026-10-18T08:00,2026-10-19T08:00,623.5,1561.89,standard,tentative,0.08
LD02242,L152,L347,"Memphis, TN","Dallas, TX",reefer,dairy,28600,False,2026-10-17T08:00,2026-10-17T16:00,2026-10-17T19:00,2026-10-18T07:00,528.4,1848.4,standard,tendered,0.119
LD02283,L255,L481,"Detroit, MI","Little Rock, AR",reefer,dairy,26517,False,2026-10-17T08:00,2026-10-17T12:00,2026-10-18T14:00,2026-10-19T02:00,887.2,2517.72,standard,tendered,0.124
LD02734,L380,L067,"Birmingham, AL","Houston, TX",dry_van,consumer goods,37714,False,2026-10-17T08:00,2026-10-17T14:00,2026-10-18T10:00,2026-10-18T16:00,656.8,1798.49,critical,accepted,0.05
LD02785,L150,L486,"Columbus, OH","Louisville, KY",dry_van,paper products,15017,False,2026-10-17T08:00,2026-10-17T14:00,2026-10-17T14:00,2026-10-18T02:00,214.2,831.52,high,tendered,0.034
LD02789,L276,L183,"Charlotte, NC","Louisville, KY",dry_van,electronics,38489,False,2026-10-17T08:00,2026-10-17T16:00,2026-10-17T18:00,2026-10-18T06:00,429.6,1308.48,standard,accepted,0.042
LD03014,L458,L114,"Houston, TX","Dallas, TX",dry_van,retail,16995,False,2026-10-17T08:00,2026-10-17T10:00,2026-10-17T15:00,2026-10-17T21:00,287.7,973.32,standard,tendered,0.029
LD03440,L391,L068,"Austin, TX","San Antonio, TX",dry_van,consumer goods,35043,False,2026-10-17T08:00,2026-10-17T10:00,2026-10-17T12:00,2026-10-17T20:00,72.6,391.85,standard,accepted,0.053
LD03866,L346,L295,"Houston, TX","New Orleans, LA",dry_van,retail,36769,False,2026-10-17T08:00,2026-10-17T12:00,2026-10-17T16:00,2026-10-17T20:00,390.0,1240.46,high,tendered,0.003
LD04162,L136,L294,"San Antonio, TX","Los Angeles, CA",reefer,produce,29567,False,2026-10-17T08:00,2026-10-17T10:00,2026-10-19T09:00,2026-10-20T09:00,1431.4,4195.85,standard,tendered,0.126
LD04259,L283,L124,"Newark, NJ","Detroit, MI",dry_van,beverages,27715,False,2026-10-17T08:00,2026-10-17T16:00,2026-10-17T21:00,2026-10-18T05:00,561.9,1438.61,standard,tendered,0.015
LD04521,L283,L286,"Newark, NJ","Detroit, MI",flatbed,pipe,46767,False,2026-10-17T08:00,2026-10-17T10:00,2026-10-17T21:00,2026-10-18T09:00,565.2,1579.46,standard,tendered,0.224
LD04537,L221,L271,"Atlanta, GA","Austin, TX",dry_van,electronics,29983,False,2026-10-17T08:00,2026-10-17T10:00,2026-10-18T15:00,2026-10-18T23:00,1015.8,2359.58,high,tendered,0.12
LD04569,L481,L134,"Little Rock, AR","Denver, CO",flatbed,building materials,33787,False,2026-10-17T08:00,2026-10-17T16:00,2026-10-18T16:00,2026-10-19T16:00,993.6,2499.05,standard,tendered,0.031
LD04909,L130,L421,"Memphis, TN","Louisville, KY",dry_van,auto parts,29320,False,2026-10-17T08:00,2026-10-17T10:00,2026-10-17T17:00,2026-10-18T01:00,375.2,1127.65,standard,tendered,0.103
LD04917,L279,L476,"Columbus, OH","Chicago, IL",dry_van,retail,33621,False,2026-10-17T08:00,2026-10-17T10:00,2026-10-17T16:00,2026-10-17T22:00,318.6,1045.33,standard,accepted,0.008
LD00141,L459,L477,"Houston, TX","Miami, FL",reefer,pharmaceuticals,34200,False,2026-10-17T08:15,2026-10-17T12:15,2026-10-18T17:15,2026-10-18T23:15,1127.2,3197.96,standard,tendered,0.001
LD00144,L235,L189,"Louisville, KY","Harrisburg, PA",dry_van,electronics,37127,False,2026-10-17T08:15,2026-10-17T12:15,2026-10-18T09:15,2026-10-19T09:15,622.2,1527.22,standard,tendered,0.074
LD00560,L232,L122,"San Antonio, TX","Chicago, IL",dry_van,electronics,34349,True,2026-10-17T08:15,2026-10-17T10:15,2026-10-19T06:15,2026-10-19T10:15,1253.0,2880.1,standard,tendered,0.076
LD00639,L292,L110,"Houston, TX","Dallas, TX",dry_van,beverages,35926,False,2026-10-17T08:15,2026-10-17T16:15,2026-10-17T17:15,2026-10-18T17:15,292.8,1021.66,standard,tendered,0.142
LD00714,L307,L061,"Chicago, IL","Charlotte, NC",reefer,meat,24417,False,2026-10-17T08:15,2026-10-17T12:15,2026-10-18T09:15,2026-10-18T17:15,710.0,2311.24,standard,accepted,0.031
LD01139,L425,L487,"Houston, TX","Dallas, TX",dry_van,beverages,13540,False,2026-10-17T08:15,2026-10-17T10:15,2026-10-17T16:15,2026-10-18T16:15,242.2,794.03,standard,tendered,0.075
LD01214,L490,L401,"Phoenix, AZ","Los Angeles, CA",reefer,produce,11851,False,2026-10-17T08:15,2026-10-17T12:15,2026-10-17T18:15,2026-10-18T18:15,445.6,1530.48,standard,accepted,0.075
LD01267,L162,L042,"Memphis, TN","Chicago, IL",dry_van,auto parts,29381,False,2026-10-17T08:15,2026-10-17T10:15,2026-10-17T21:15,2026-10-18T01:15,541.1,1559.27,standard,accepted,0.049
LD01269,L173,L053,"Atlanta, GA","Dallas, TX",dry_van,paper products,41947,False,2026-10-17T08:15,2026-10-17T12:15,2026-10-18T12:15,2026-10-19T00:15,857.2,1935.2,standard,accepted,0.081
LD01455,L127,L247,"Indianapolis, IN","Jacksonville, FL",flatbed,steel,34244,True,2026-10-17T08:15,2026-10-17T10:15,2026-10-18T12:15,2026-10-19T00:15,859.6,2446.84,standard,accepted,0.007
LD01658,L176,L311,"Denver, CO","Los Angeles, CA",dry_van,auto parts,28989,False,2026-10-17T08:15,2026-10-17T14:15,2026-10-18T16:15,2026-10-19T00:15,1026.2,2913.2,standard,accepted,0.016
LD01711,L179,L351,"Los Angeles, CA","Chicago, IL",flatbed,lumber,31137,False,2026-10-17T08:15,2026-10-17T16:15,2026-10-20T06:15,2026-10-20T18:15,2097.1,5760.18,critical,tendered,0.08
LD01817,L459,L341,"Houston, TX","Charlotte, NC",dry_van,beverages,30766,False,2026-10-17T08:15,2026-10-17T10:15,2026-10-18T17:15,2026-10-18T23:15,1102.3,2601.81,standard,accepted,0.022
LD02195,L061,L364,"Charlotte, NC","Kansas City, MO",flatbed,pipe,37770,False,2026-10-17T08:15,2026-10-17T14:15,2026-10-18T14:15,2026-10-19T14:15,991.8,2983.06,standard,tendered,0.023
LD02701,L274,L270,"St. Louis, MO","Detroit, MI",dry_van,consumer goods,30080,False,2026-10-17T08:15,2026-10-17T14:15,2026-10-17T20:15,2026-10-18T00:15,553.3,1665.52,standard,tendered,0.05
LD03109,L377,L052,"Phoenix, AZ","Atlanta, GA",dry_van,beverages,32838,False,2026-10-17T08:15,2026-10-17T10:15,2026-10-20T05:15,2026-10-20T09:15,1907.9,5063.9,standard,accepted,0.072
LD03732,L283,L351,"Newark, NJ","Chicago, IL",reefer,frozen food,35976,False,2026-10-17T08:15,2026-10-17T14:15,2026-10-18T12:15,2026-10-18T18:15,831.7,2508.57,standard,accepted,0.001
LD04545,L152,L110,"Memphis, TN","Dallas, TX",dry_van,beverages,37925,False,2026-10-17T08:15,2026-10-17T14:15,2026-10-17T19:15,2026-10-18T01:15,504.6,1487.08,standard,accepted,0.125
LD04595,L235,L100,"Louisville, KY","Charlotte, NC",dry_van,electronics,19245,False,2026-10-17T08:15,2026-10-17T10:15,2026-10-17T19:15,2026-10-18T19:15,415.6,1161.81,high,accepted,0.029
LD00248,L472,L466,"St. Louis, MO","Nashville, TN",dry_van,auto parts,21073,False,2026-10-17T08:30,2026-10-17T16:30,2026-10-17T17:30,2026-10-18T01:30,355.4,1035.81,high,accepted,0.114
LD00580,L412,L169,"Memphis, TN","Charlotte, NC",dry_van,retail,34321,False,2026-10-17T08:30,2026-10-17T12:30,2026-10-18T07:30,2026-10-18T13:30,632.6,1798.24,high,accepted,0.003
LD01128,L369,L419,"Columbus, OH","Charlotte, NC",dry_van,electronics,37258,False,2026-10-17T08:30,2026-10-17T16:30,2026-10-17T18:30,2026-10-18T02:30,409.2,1321.74,standard,tendered,0.015
LD01652,L414,L164,"Memphis, TN","San Antonio, TX",dry_van,retail,23196,False,2026-10-17T08:30,2026-10-17T10:30,2026-10-18T10:30,2026-10-18T22:30,744.4,2135.04,standard,accepted,0.094
LD02633,L453,L377,"Houston, TX","Phoenix, AZ",dry_van,beverages,28633,False,2026-10-17T08:30,2026-10-17T10:30,2026-10-19T04:30,2026-10-19T12:30,1243.4,2979.26,standard,accepted,0.003
LD03330,L166,L449,"Atlanta, GA","Indianapolis, IN",dry_van,auto parts,16105,False,2026-10-17T08:30,2026-10-17T12:30,2026-10-17T20:30,2026-10-18T00:30,500.8,1402.51,standard,tendered,0.089
LD03514,L362,L408,"Houston, TX","Charlotte, NC",dry_van,auto parts,35185,False,2026-10-17T08:30,2026-10-17T10:30,2026-10-18T16:30,2026-10-19T00:30,1125.7,2560.71,standard,accepted,0.037
LD03556,L158,L146,"Atlanta, GA","Detroit, MI",dry_van,electronics,29089,False,2026-10-17T08:30,2026-10-17T12:30,2026-10-18T10:30,2026-10-18T18:30,725.5,1691.03,standard,tentative,0.046
LD03593,L348,L134,"Los Angeles, CA","Denver, CO",dry_van,auto parts,37747,False,2026-10-17T08:30,2026-10-17T12:30,2026-10-18T15:30,2026-10-19T15:30,995.9,2267.2,standard,tendered,0.003
LD04003,L184,L083,"Newark, NJ","Indianapolis, IN",reefer,dairy,16437,False,2026-10-17T08:30,2026-10-17T10:30,2026-10-18T10:30,2026-10-18T18:30,753.3,2434.3,standard,tendered,0.215
LD04148,L324,L182,"Houston, TX","Denver, CO",dry_van,paper products,40500,False,2026-10-17T08:30,2026-10-17T10:30,2026-10-18T15:30,2026-10-19T03:30,1062.5,2536.56,standard,tendered,0.075
LD04503,L245,L481,"Nashville, TN","Little Rock, AR",flatbed,lumber,47058,False,2026-10-17T08:30,2026-10-17T16:30,2026-10-17T17:30,2026-10-18T17:30,357.8,1252.78,standard,accepted,0.126
LD04916,L167,L134,"Little Rock, AR","Denver, CO",flatbed,steel,36881,False,2026-10-17T08:30,2026-10-17T16:30,2026-10-18T14:30,2026-10-19T02:30,932.1,2778.97,standard,tendered,0.224
LD00036,L493,L121,"Orlando, FL","Dallas, TX",dry_van,retail,42793,False,2026-10-17T08:45,2026-10-17T10:45,2026-10-18T17:45,2026-10-18T23:45,1162.8,3199.52,standard,tendered,0.06
LD00187,L169,L491,"Charlotte, NC","Minneapolis, MN",dry_van,paper products,30334,False,2026-10-17T08:45,2026-10-17T14:45,2026-10-18T16:45,2026-10-18T20:45,1109.7,2571.01,standard,accepted,0.234
LD00684,L146,L201,"Detroit, MI","Dallas, TX",dry_van,paper products,27178,False,2026-10-17T08:45,2026-10-17T10:45,2026-10-18T18:45,2026-10-18T22:45,1145.9,2988.84,standard,tendered,0.051
LD00735,L355,L115,"Houston, TX","Miami, FL",dry_van,electronics,31300,False,2026-10-17T08:45,2026-10-17T10:45,2026-10-18T17:45,2026-10-18T21:45,1173.0,2987.93,standard,tendered,0.062
LD01028,L108,L309,"Houston, TX","Phoenix, AZ",dry_van,paper products,21541,False,2026-10-17T08:45,2026-10-17T14:45,2026-10-19T05:45,2026-10-19T11:45,1231.8,3015.75,standard,tendered,0.066
LD01093,L070,L189,"Little Rock, AR","Harrisburg, PA",dry_van,auto parts,31868,False,2026-10-17T08:45,2026-10-17T10:45,2026-10-18T16:45,2026-10-18T20:45,1126.1,2462.4,standard,tendered,0.108
LD01200,L419,L365,"Charlotte, NC","Birmingham, AL",dry_van,auto parts,19894,False,2026-10-17T08:45,2026-10-17T10:45,2026-10-17T20:45,2026-10-18T00:45,447.5,1216.66,standard,accepted,0.127
LD01238,L235,L068,"Louisville, KY","San Antonio, TX",dry_van,retail,27612,False,2026-10-17T08:45,2026-10-17T10:45,2026-10-18T18:45,2026-10-19T18:45,1115.2,2765.93,high,tendered,0.219
LD01490,L374,L354,"Newark, NJ","San Antonio, TX",flatbed,steel,9328,True,2026-10-17T08:45,2026-10-17T12:45,2026-10-20T03:45,2026-10-20T09:45,1917.2,4664.19,standard,accepted,0.042
LD01655,L454,L110,"Houston, TX","Dallas, TX",dry_van,electronics,14300,False,2026-10-17T08:45,2026-10-17T12:45,2026-10-17T15:45,2026-10-17T19:45,264.2,887.34,standard,tentative,0.115
LD02232,L166,L213,"Atlanta, GA","Jacksonville, FL",dry_van,paper products,32925,False,2026-10-17T08:45,2026-10-17T14:45,2026-10-17T17:45,2026-10-18T17:45,347.1,1114.04,standard,accepted,0.02
LD02241,L291,L408,"Houston, TX","Charlotte, NC",flatbed,lumber,22090,False,2026-10-17T08:45,2026-10-17T10:45,2026-10-18T16:45,2026-10-19T16:45,1157.4,2997.89,standard,tendered,0.003
LD02927,L172,L465,"New Orleans, LA","Kansas City, MO",dry_van,paper products,27295,False,2026-10-17T08:45,2026-10-17T10:45,2026-10-18T11:45,2026-10-18T17:45,817.3,2125.42,high,accepted,0.006
LD02935,L293,L090,"Dallas, TX","Chicago, IL",reefer,pharmaceuticals,26501,False,2026-10-17T08:45,2026-10-17T14:45,2026-10-18T13:45,2026-10-18T21:45,946.9,2718.45,standard,accepted,0.059
LD02988,L068,L129,"San Antonio, TX","New Orleans, LA",dry_van,retail,39572,False,2026-10-17T08:45,2026-10-17T12:45,2026-10-18T08:45,2026-10-18T16:45,623.0,1496.07,high,accepted,0.032
LD03197,L062,L218,"Laredo, TX","Oklahoma City, OK",dry_van,electronics,39721,False,2026-10-17T08:45,2026-10-17T16:45,2026-10-18T09:45,2026-10-18T21:45,657.8,1566.74,standard,tendered,0.076
LD03325,L146,L084,"Detroit, MI","St. Louis, MO",flatbed,pipe,41116,False,2026-10-17T08:45,2026-10-17T10:45,2026-10-17T20:45,2026-10-18T20:45,499.8,1690.45,standard,accepted,0.292
LD03394,L374,L439,"Newark, NJ","Oklahoma City, OK",reefer,produce,25473,False,2026-10-17T08:45,2026-10-17T16:45,2026-10-19T12:45,2026-10-20T00:45,1606.5,4137.81,standard,tentative,0.074
LD04074,L376,L205,"Chicago, IL","Oklahoma City, OK",dry_van,paper products,19063,False,2026-10-17T08:45,2026-10-17T10:45,2026-10-18T12:45,2026-10-18T16:45,815.6,2014.41,high,tendered,0.075
LD04092,L190,L298,"Oklahoma City, OK","Harrisburg, PA",dry_van,retail,18867,False,2026-10-17T08:45,2026-10-17T12:45,2026-10-19T09:45,2026-10-20T09:45,1450.2,3204.31,standard,accepted,0.011
LD04417,L068,L484,"San Antonio, TX","Indianapolis, IN",dry_van,beverages,26849,False,2026-10-17T08:45,2026-10-17T10:45,2026-10-18T18:45,2026-10-19T02:45,1186.7,3109.24,high,accepted,0.027
LD04451,L142,L412,"Atlanta, GA","Memphis, TN",dry_van,auto parts,37558,False,2026-10-17T08:45,2026-10-17T14:45,2026-10-17T19:45,2026-10-17T23:45,434.1,1314.87,standard,tendered,0.032
LD04644,L458,L263,"Houston, TX","Nashville, TN",dry_van,electronics,19503,False,2026-10-17T08:45,2026-10-17T10:45,2026-10-18T10:45,2026-10-18T16:45,810.6,2206.32,standard,accepted,0.01
LD04747,L062,L124,"Laredo, TX","Detroit, MI",dry_van,auto parts,27041,False,2026-10-17T08:45,2026-10-17T12:45,2026-10-19T13:45,2026-10-20T13:45,1640.7,4000.25,standard,tentative,0.03
LD04769,L051,L288,"Indianapolis, IN","Miami, FL",dry_van,electronics,36521,False,2026-10-17T08:45,2026-10-17T10:45,2026-10-18T19:45,2026-10-19T01:45,1208.9,2704.51,high,accepted,0.008
LD00808,L278,L288,"Newark, NJ","Miami, FL",dry_van,retail,41572,False,2026-10-17T09:00,2026-10-17T13:00,2026-10-19T07:00,2026-10-19T15:00,1296.7,3275.51,critical,tendered,0.046
LD00837,L300,L274,"Houston, TX","St. Louis, MO",dry_van,beverages,35577,False,2026-10-17T09:00,2026-10-17T11:00,2026-10-18T14:00,2026-10-19T14:00,819.8,2224.8,standard,tendered,0.05
LD01063,L074,L379,"Dallas, TX","Laredo, TX",dry_van,beverages,35586,False,2026-10-17T09:00,2026-10-17T11:00,2026-10-17T19:00,2026-10-18T19:00,433.7,1278.77,standard,tendered,0.04
LD01637,L391,L213,"Austin, TX","Jacksonville, FL",dry_van,consumer goods,35440,False,2026-10-17T09:00,2026-10-17T17:00,2026-10-18T20:00,2026-10-19T04:00,1183.3,3051.0,high,tendered,0.107
LD01870,L265,L359,"Harrisburg, PA","Orlando, FL",dry_van,auto parts,30285,False,2026-10-17T09:00,2026-10-17T15:00,2026-10-18T16:00,2026-10-19T16:00,1048.2,2751.25,standard,tentative,0.041
LD02112,L489,L434,"Atlanta, GA","Jacksonville, FL",dry_van,paper products,37221,True,2026-10-17T09:00,2026-10-17T17:00,2026-10-17T19:00,2026-10-17T23:00,348.3,995.69,standard,tendered,0.024
LD02465,L078,L402,"Louisville, KY","Miami, FL",dry_van,retail,34085,False,2026-10-17T09:00,2026-10-17T11:00,2026-10-18T18:00,2026-10-19T06:00,1121.8,2772.66,standard,tendered,0.106
LD02601,L136,L320,"San Antonio, TX","Atlanta, GA",flatbed,building materials,29029,False,2026-10-17T09:00,2026-10-17T17:00,2026-10-18T17:00,2026-10-19T05:00,1065.8,3119.61,standard,tendered,0.032
LD02640,L301,L081,"Denver, CO","Laredo, TX",flatbed,lumber,39429,False,2026-10-17T09:00,2026-10-17T17:00,2026-10-18T17:00,2026-10-18T23:00,1102.4,3562.62,standard,tendered,0.164
LD02689,L068,L252,"San Antonio, TX","Columbus, OH",dry_van,paper products,18823,False,2026-10-17T09:00,2026-10-17T13:00,2026-10-19T08:00,2026-10-19T14:00,1349.2,3175.54,high,accepted,0.09
LD02690,L458,L227,"Houston, TX","Charlotte, NC",flatbed,steel,36585,False,2026-10-17T09:00,2026-10-17T17:00,2026-10-18T17:00,2026-10-19T05:00,1121.0,3025.78,standard,accepted,0.082
LD03233,L273,L466,"Newark, NJ","Nashville, TN",dry_van,electronics,15613,True,2026-10-17T09:00,2026-10-17T13:00,2026-10-18T13:00,2026-10-18T19:00,882.0,2411.39,standard,accepted,0.057
LD03344,L259,L123,"Minneapolis, MN","Los Angeles, CA",reefer,dairy,37986,False,2026-10-17T09:00,2026-10-17T15:00,2026-10-20T02:00,2026-10-20T08:00,1831.9,4892.28,standard,tendered,0.048
LD03557,L083,L272,"Indianapolis, IN","Nashville, TN",flatbed,building materials,39036,False,2026-10-17T09:00,2026-10-17T17:00,2026-10-17T18:00,2026-10-18T06:00,318.5,1206.73,high,tendered,0.144
LD03810,L312,L487,"Los Angeles, CA","Dallas, TX",dry_van,consumer goods,33335,True,2026-10-17T09:00,2026-10-17T17:00,2026-10-19T12:00,2026-10-19T20:00,1491.1,3563.34,standard,tendered,0.107
LD04424,L459,L231,"Houston, TX","El Paso, TX",dry_van,beverages,30914,False,2026-10-17T09:00,2026-10-17T15:00,2026-10-18T13:00,2026-10-18T21:00,813.3,1856.43,standard,tendered,0.059
LD04429,L268,L267,"Orlando, FL","Indianapolis, IN",dry_van,retail,42218,False,2026-10-17T09:00,2026-10-17T13:00,2026-10-18T17:00,2026-10-19T01:00,984.8,2995.89,standard,accepted,0.011
LD04458,L472,L096,"St. Louis, MO","Chicago, IL",reefer,produce,15365,False,2026-10-17T09:00,2026-10-17T11:00,2026-10-17T17:00,2026-10-17T23:00,268.1,1033.82,standard,tendered,0.001
LD04527,L355,L308,"Houston, TX","Chicago, IL",reefer,pharmaceuticals,19495,False,2026-10-17T09:00,2026-10-17T11:00,2026-10-18T18:00,2026-10-18T22:00,1128.6,3494.33,standard,tendered,0.047
LD04641,L049,L140,"Memphis, TN","Kansas City, MO",reefer,pharmaceuticals,37630,False,2026-10-17T09:00,2026-10-17T13:00,2026-10-17T20:00,2026-10-18T04:00,458.4,1498.84,high,accepted,0.028
LD04707,L163,L041,"San Antonio, TX","Dallas, TX",dry_van,beverages,25033,False,2026-10-17T09:00,2026-10-17T11:00,2026-10-17T17:00,2026-10-18T01:00,275.2,857.03,critical,tendered,0.031
LD04883,L156,L457,"Charlotte, NC","Dallas, TX",dry_van,beverages,22970,False,2026-10-17T09:00,2026-10-17T11:00,2026-10-18T17:00,2026-10-18T23:00,1120.4,2752.63,standard,tendered,0.003
LD00079,L403,L237,"Atlanta, GA","Nashville, TN",reefer,dairy,41575,False,2026-10-17T09:15,2026-10-17T17:15,2026-10-17T15:15,2026-10-17T19:15,234.3,978.78,standard,tentative,0.117
LD00134,L065,L436,"Miami, FL","Minneapolis, MN",flatbed,lumber,23426,False,2026-10-17T09:15,2026-10-17T11:15,2026-10-19T15:15,2026-10-20T03:15,1796.5,5546.56,standard,tentative,0.033
LD00190,L334,L350,"Chicago, IL","Dallas, TX",dry_van,electronics,17633,False,2026-10-17T09:15,2026-10-17T15:15,2026-10-18T15:15,2026-10-18T19:15,940.6,2093.01,standard,tendered,0.008
LD00312,L246,L180,"Columbus, OH","New Orleans, LA",dry_van,auto parts,37906,False,2026-10-17T09:15,2026-10-17T13:15,2026-10-18T15:15,2026-10-18T21:15,967.9,2399.76,standard,accepted,0.049
LD00313,L211,L084,"Jacksonville, FL","St. Louis, MO",dry_van,consumer goods,33566,False,2026-10-17T09:15,2026-10-17T11:15,2026-10-18T15:15,2026-10-19T15:15,956.7,2551.23,standard,accepted,0.017
LD00378,L355,L114,"Houston, TX","Dallas, TX",flatbed,building materials,44361,False,2026-10-17T09:15,2026-10-17T13:15,2026-10-17T16:15,2026-10-17T22:15,277.1,1054.13,standard,tendered,0.013
LD00465,L074,L420,"Dallas, TX","Indianapolis, IN",dry_van,retail,25319,False,2026-10-17T09:15,2026-10-17T11:15,2026-10-18T14:15,2026-10-18T20:15,936.4,2551.63,standard,accepted,0.042
LD01470,L397,L152,"Laredo, TX","Memphis, TN",reefer,dairy,29274,False,2026-10-17T09:15,2026-10-17T15:15,2026-10-18T13:15,2026-10-18T21:15,898.5,2426.72,standard,tendered,0.062
LD01757,L162,L229,"Memphis, TN","Denver, CO",flatbed,lumber,36808,False,2026-10-17T09:15,2026-10-17T11:15,2026-10-18T16:15,2026-10-19T04:15,1002.6,3011.02,standard,accepted,0.267
LD02500,L326,L309,"Denver, CO","Phoenix, AZ",dry_van,beverages,37322,False,2026-10-17T09:15,2026-10-17T11:15,2026-10-18T10:15,2026-10-18T16:15,696.9,2265.66,standard,accepted,0.023
LD02558,L453,L130,"Houston, TX","Memphis, TN",dry_van,auto parts,30936,False,2026-10-17T09:15,2026-10-17T17:15,2026-10-17T21:15,2026-10-18T01:15,574.5,1423.48,high,tentative,0.033
LD02682,L074,L402,"Dallas, TX","Miami, FL",reefer,meat,27019,False,2026-10-17T09:15,2026-10-17T13:15,2026-10-19T07:15,2026-10-19T19:15,1333.8,3403.35,standard,tendered,0.041
LD02861,L334,L485,"Chicago, IL","Nashville, TN",dry_van,paper products,28691,False,2026-10-17T09:15,2026-10-17T11:15,2026-10-17T21:15,2026-10-18T09:15,477.9,1271.26,critical,accepted,0.015
LD02921,L235,L358,"Louisville, KY","Newark, NJ",dry_van,retail,32994,False,2026-10-17T09:15,2026-10-17T13:15,2026-10-18T13:15,2026-10-18T17:15,791.1,1844.31,standard,tendered,0.023
LD03254,L242,L411,"Little Rock, AR","Austin, TX",dry_van,consumer goods,26852,False,2026-10-17T09:15,2026-10-17T13:15,2026-10-17T20:15,2026-10-18T00:15,487.7,1388.68,standard,tendered,0.043
LD03656,L220,L136,"Chicago, IL","San Antonio, TX",dry_van,beverages,31538,False,2026-10-17T09:15,2026-10-17T13:15,2026-10-19T07:15,2026-10-19T15:15,1284.4,2758.47,standard,tendered,0.121
LD03987,L417,L410,"Nashville, TN","Louisville, KY",dry_van,beverages,34399,False,2026-10-17T09:15,2026-10-17T11:15,2026-10-17T16:15,2026-10-18T16:15,202.3,775.47,standard,tendered,0.13
LD04233,L459,L070,"Houston, TX","Little Rock, AR",dry_van,beverages,28679,False,2026-10-17T09:15,2026-10-17T13:15,2026-10-17T20:15,2026-10-18T00:15,462.6,1254.12,standard,tendered,0.101
LD04761,L306,L480,"Dallas, TX","Birmingham, AL",dry_van,beverages,22661,False,2026-10-17T09:15,2026-10-17T15:15,2026-10-18T11:15,2026-10-18T19:15,731.4,1949.42,standard,tendered,0.079
LD04921,L392,L413,"Detroit, MI","Kansas City, MO",reefer,dairy,40520,False,2026-10-17T09:15,2026-10-17T15:15,2026-10-18T11:15,2026-10-18T15:15,780.3,2402.14,standard,tendered,0.123
LD00802,L324,L233,"Houston, TX","Miami, FL",reefer,dairy,35698,False,2026-10-17T09:30,2026-10-17T11:30,2026-10-18T18:30,2026-10-19T00:30,1155.4,3378.4,standard,tendered,0.038
LD01363,L376,L063,"Chicago, IL","San Antonio, TX",dry_van,consumer goods,39809,True,2026-10-17T09:30,2026-10-17T11:30,2026-10-19T07:30,2026-10-20T07:30,1249.7,2713.59,high,accepted,0.037
LD01603,L258,L412,"Charlotte, NC","Memphis, TN",dry_van,retail,36395,False,2026-10-17T09:30,2026-10-17T17:30,2026-10-18T08:30,2026-10-19T08:30,621.0,1749.65,standard,tendered,0.032
LD01650,L406,L357,"Oklahoma City, OK","Indianapolis, IN",dry_van,consumer goods,17278,False,2026-10-17T09:30,2026-10-17T13:30,2026-10-18T12:30,2026-10-18T20:30,862.0,2348.59,critical,accepted,0.062
LD01677,L467,L096,"Miami, FL","Chicago, IL",dry_van,consumer goods,33464,False,2026-10-17T09:30,2026-10-17T11:30,2026-10-19T09:30,2026-10-19T13:30,1423.1,3659.29,standard,tendered,0.026
LD01850,L405,L133,"St. Louis, MO","Dallas, TX",dry_van,electronics,34348,False,2026-10-17T09:30,2026-10-17T11:30,2026-10-18T09:30,2026-10-19T09:30,655.5,1722.35,high,accepted,0.012
LD02564,L094,L352,"New Orleans, LA","Chicago, IL",dry_van,paper products,39983,False,2026-10-17T09:30,2026-10-17T13:30,2026-10-18T15:30,2026-10-18T21:30,975.9,2361.21,standard,accepted,0.158
LD02620,L489,L206,"Atlanta, GA","Oklahoma City, OK",dry_van,beverages,15457,False,2026-10-17T09:30,2026-10-17T11:30,2026-10-18T14:30,2026-10-18T18:30,864.2,2274.85,standard,tendered,0.002
LD02720,L112,L361,"Columbus, OH","Little Rock, AR",dry_van,beverages,29615,True,2026-10-17T09:30,2026-10-17T17:30,2026-10-18T11:30,2026-10-18T17:30,740.6,1813.96,standard,accepted,0.078
LD02795,L384,L367,"Minneapolis, MN","Atlanta, GA",dry_van,auto parts,30765,False,2026-10-17T09:30,2026-10-17T15:30,2026-10-18T17:30,2026-10-18T21:30,1082.1,2520.21,standard,tendered,0.025
LD02863,L334,L477,"Chicago, IL","Miami, FL",dry_van,consumer goods,38494,False,2026-10-17T09:30,2026-10-17T11:30,2026-10-19T10:30,2026-10-19T16:30,1427.5,3643.66,standard,tendered,0.054
LD02998,L387,L201,"Chicago, IL","Dallas, TX",dry_van,beverages,17644,True,2026-10-17T09:30,2026-10-17T13:30,2026-10-18T14:30,2026-10-19T02:30,942.6,2405.24,standard,tendered,0.115
LD03127,L291,L482,"Houston, TX","Orlando, FL",reefer,produce,27811,False,2026-10-17T09:30,2026-10-17T15:30,2026-10-18T16:30,2026-10-19T00:30,1074.5,3416.82,standard,tentative,0.02
LD03515,L085,L479,"Minneapolis, MN","San Antonio, TX",dry_van,auto parts,14870,False,2026-10-17T09:30,2026-10-17T15:30,2026-10-19T08:30,2026-10-19T12:30,1329.9,3237.88,standard,tentative,0.022
LD03599,L403,L351,"Atlanta, GA","Chicago, IL",dry_van,consumer goods,24538,False,2026-10-17T09:30,2026-10-17T15:30,2026-10-18T10:30,2026-10-18T14:30,721.2,1837.6,standard,accepted,0.058
LD03737,L108,L119,"Houston, TX","New Orleans, LA",dry_van,retail,36841,False,2026-10-17T09:30,2026-10-17T13:30,2026-10-17T18:30,2026-10-18T00:30,366.9,1213.78,standard,tendered,0.063
LD03905,L373,L256,"Atlanta, GA","Harrisburg, PA",dry_van,consumer goods,20600,False,2026-10-17T09:30,2026-10-17T17:30,2026-10-18T11:30,2026-10-19T11:30,726.3,2080.73,standard,accepted,0.086
LD04153,L300,L133,"Houston, TX","Dallas, TX",dry_van,paper products,41077,False,2026-10-17T09:30,2026-10-17T11:30,2026-10-17T18:30,2026-10-18T06:30,281.7,948.25,high,tendered,0.166
LD04352,L411,L056,"Austin, TX","Minneapolis, MN",dry_van,electronics,41635,False,2026-10-17T09:30,2026-10-17T11:30,2026-10-19T05:30,2026-10-19T17:30,1216.7,3029.11,standard,tendered,0.001
LD05000,L346,L177,"Houston, TX","Dallas, TX",flatbed,lumber,32936,False,2026-10-17T09:30,2026-10-17T17:30,2026-10-17T15:30,2026-10-18T15:30,287.3,1016.9,standard,tendered,0.118
LD00452,L467,L390,"Miami, FL","Houston, TX",dry_van,beverages,38255,False,2026-10-17T09:45,2026-10-17T11:45,2026-10-18T19:45,2026-10-18T23:45,1178.8,3317.44,standard,tendered,0.005
LD00554,L369,L190,"Columbus, OH","Oklahoma City, OK",dry_van,paper products,37495,False,2026-10-17T09:45,2026-10-17T15:45,2026-10-18T17:45,2026-10-18T21:45,1016.1,2298.9,high,accepted,0.052
LD01254,L255,L245,"Detroit, MI","Nashville, TN",dry_van,beverages,26854,False,2026-10-17T09:45,2026-10-17T17:45,2026-10-17T23:45,2026-10-18T23:45,586.7,1457.18,standard,tendered,0.074
LD01545,L208,L379,"Oklahoma City, OK","Laredo, TX",dry_van,consumer goods,31298,False,2026-10-17T09:45,2026-10-17T11:45,2026-10-18T09:45,2026-10-18T17:45,638.9,1875.27,high,accepted,0.088
LD01901,L475,L082,"Indianapolis, IN","Phoenix, AZ",dry_van,consumer goods,22855,False,2026-10-17T09:45,2026-10-17T13:45,2026-10-19T15:45,2026-10-19T23:45,1759.5,4481.33,standard,tendered,0.114
LD02008,L098,L319,"Houston, TX","Chicago, IL",dry_van,retail,9138,False,2026-10-17T09:45,2026-10-17T11:45,2026-10-18T19:45,2026-10-18T23:45,1155.4,3016.73,standard,tendered,0.099
LD02730,L166,L319,"Atlanta, GA","Chicago, IL",reefer,frozen food,30163,False,2026-10-17T09:45,2026-10-17T13:45,2026-10-18T11:45,2026-10-18T19:45,715.8,2330.6,high,accepted,0.012
LD03069,L074,L097,"Dallas, TX","Denver, CO",dry_van,electronics,36435,False,2026-10-17T09:45,2026-10-17T15:45,2026-10-18T12:45,2026-10-18T20:45,822.6,1892.24,standard,accepted,0.008
LD03126,L373,L322,"Atlanta, GA","Kansas City, MO",dry_van,electronics,21172,True,2026-10-17T09:45,2026-10-17T11:45,2026-10-18T12:45,2026-10-19T12:45,829.6,1979.6,high,tendered,0.011
LD03231,L498,L099,"Louisville, KY","Dallas, TX",dry_van,auto parts,28536,False,2026-10-17T09:45,2026-10-17T15:45,2026-10-18T14:45,2026-10-18T18:45,879.2,2187.8,standard,tendered,0.03
LD03403,L115,L183,"Miami, FL","Louisville, KY",dry_van,electronics,39369,False,2026-10-17T09:45,2026-10-17T15:45,2026-10-18T18:45,2026-10-18T22:45,1149.2,3093.61,standard,tendered,0.076
LD04498,L302,L340,"Phoenix, AZ","Detroit, MI",reefer,frozen food,22817,False,2026-10-17T09:45,2026-10-17T17:45,2026-10-20T06:45,2026-10-20T14:45,2035.5,5791.75,standard,tendered,0.04
LD04753,L069,L216,"Los Angeles, CA","San Antonio, TX",dry_van,beverages,21673,False,2026-10-17T09:45,2026-10-17T11:45,2026-10-19T11:45,2026-10-19T19:45,1457.6,3610.34,standard,tentative,0.027
LD04940,L104,L188,"Nashville, TN","Phoenix, AZ",dry_van,paper products,29682,True,2026-10-17T09:45,2026-10-17T13:45,2026-10-19T15:45,2026-10-19T23:45,1687.1,4084.02,standard,tendered,0.029
LD00114,L314,L058,"Charlotte, NC","Orlando, FL",dry_van,auto parts,25904,False,2026-10-17T10:00,2026-10-17T16:00,2026-10-17T22:00,2026-10-18T22:00,530.5,1509.03,critical,tendered,0.157
LD00157,L217,L315,"Charlotte, NC","Harrisburg, PA",flatbed,steel,30952,False,2026-10-17T10:00,2026-10-17T12:00,2026-10-17T22:00,2026-10-18T04:00,473.9,1483.95,standard,accepted,0.033
LD00392,L292,L194,"Houston, TX","Los Angeles, CA",dry_van,auto parts,18020,False,2026-10-17T10:00,2026-10-17T12:00,2026-10-19T16:00,2026-10-20T00:00,1684.6,4152.48,standard,accepted,0.041
LD00813,L479,L128,"San Antonio, TX","Miami, FL",dry_van,electronics,31886,False,2026-10-17T10:00,2026-10-17T16:00,2026-10-19T09:00,2026-10-19T13:00,1344.4,2844.91,standard,tendered,0.079
LD00840,L260,L459,"Los Angeles, CA","Houston, TX",dry_van,auto parts,29649,False,2026-10-17T10:00,2026-10-17T14:00,2026-10-19T15:00,2026-10-19T21:00,1646.5,4169.67,critical,accepted,0.029
LD01903,L060,L246,"Dallas, TX","Columbus, OH",dry_van,consumer goods,30429,False,2026-10-17T10:00,2026-10-17T16:00,2026-10-18T18:00,2026-10-19T06:00,1119.8,2963.23,high,tendered,0.057
LD03269,L060,L420,"Dallas, TX","Indianapolis, IN",dry_van,retail,44085,False,2026-10-17T10:00,2026-10-17T16:00,2026-10-18T15:00,2026-10-19T15:00,948.0,2454.98,standard,tendered,0.024
LD03303,L085,L126,"Minneapolis, MN","Miami, FL",dry_van,retail,28440,False,2026-10-17T10:00,2026-10-17T12:00,2026-10-20T04:00,2026-10-21T04:00,1842.0,3792.87,standard,accepted,0.045
LD03829,L291,L334,"Houston, TX","Chicago, IL",flatbed,steel,36996,False,2026-10-17T10:00,2026-10-17T14:00,2026-10-18T18:00,2026-10-19T00:00,1164.2,2918.59,standard,accepted,0.109
LD04291,L314,L373,"Charlotte, NC","Atlanta, GA",reefer,frozen food,17553,True,2026-10-17T10:00,2026-10-17T12:00,2026-10-17T16:00,2026-10-18T16:00,235.4,869.89,high,accepted,0.023
LD04774,L296,L427,"Louisville, KY","Atlanta, GA",reefer,meat,33265,False,2026-10-17T10:00,2026-10-17T12:00,2026-10-17T19:00,2026-10-17T23:00,389.5,1381.77,standard,accepted,0.042
LD00016,L481,L130,"Little Rock, AR","Memphis, TN",dry_van,auto parts,35048,False,2026-10-17T10:15,2026-10-17T14:15,2026-10-17T17:15,2026-10-18T17:15,149.6,605.52,standard,accepted,0.034
LD00119,L116,L457,"Charlotte, NC","Dallas, TX",dry_van,beverages,40872,False,2026-10-17T10:15,2026-10-17T14:15,2026-10-18T19:15,2026-10-19T03:15,1107.0,2551.49,standard,tendered,0.011
LD00146,L376,L041,"Chicago, IL","Dallas, TX",flatbed,building materials,36869,False,2026-10-17T10:15,2026-10-17T18:15,2026-10-18T17:15,2026-10-19T01:15,976.0,2472.03,standard,tendered,0.068
LD00831,L173,L322,"Atlanta, GA","Kansas City, MO",dry_van,consumer goods,40850,False,2026-10-17T10:15,2026-10-17T16:15,2026-10-18T13:15,2026-10-18T19:15,815.1,2265.76,standard,accepted,0.056
LD00877,L190,L361,"Oklahoma City, OK","Little Rock, AR",dry_van,paper products,36966,False,2026-10-17T10:15,2026-10-17T12:15,2026-10-17T20:15,2026-10-18T00:15,386.5,1239.19,standard,tendered,0.053
LD01021,L290,L192,"New Orleans, LA","Chicago, IL",reefer,meat,30704,False,2026-10-17T10:15,2026-10-17T18:15,2026-10-18T17:15,2026-10-19T05:15,1026.3,2938.32,standard,accepted,0.056
LD01204,L085,L134,"Minneapolis, MN","Denver, CO",reefer,pharmaceuticals,37529,False,2026-10-17T10:15,2026-10-17T16:15,2026-10-18T13:15,2026-10-18T21:15,818.6,2394.39,standard,accepted,0.039
LD01225,L276,L056,"Charlotte, NC","Minneapolis, MN",dry_van,auto parts,32586,False,2026-10-17T10:15,2026-10-17T18:15,2026-10-18T19:15,2026-10-18T23:15,1137.9,3065.21,critical,accepted,0.02
LD01701,L317,L238,"Little Rock, AR","Los Angeles, CA",dry_van,paper products,12219,False,2026-10-17T10:15,2026-10-17T14:15,2026-10-19T17:15,2026-10-19T23:15,1773.6,4311.32,standard,accepted,0.091
LD02014,L291,L119,"Houston, TX","New Orleans, LA",dry_van,beverages,37242,False,2026-10-17T10:15,2026-10-17T14:15,2026-10-17T18:15,2026-10-18T00:15,393.6,1084.87,standard,accepted,0.099
LD02051,L146,L215,"Detroit, MI","Oklahoma City, OK",dry_van,paper products,27593,False,2026-10-17T10:15,2026-10-17T18:15,2026-10-18T18:15,2026-10-19T02:15,1050.7,2345.87,standard,accepted,0.036
LD02455,L291,L122,"Houston, TX","Chicago, IL",dry_van,paper products,35008,False,2026-10-17T10:15,2026-10-17T16:15,2026-10-18T19:15,2026-10-19T07:15,1187.3,2568.67,standard,tendered,0.009
LD02461,L360,L359,"Columbus, OH","Orlando, FL",dry_van,retail,29744,False,2026-10-17T10:15,2026-10-17T18:15,2026-10-18T17:15,2026-10-19T17:15,960.6,2551.79,standard,tendered,0.074
LD02536,L319,L499,"Chicago, IL","Dallas, TX",dry_van,consumer goods,27711,False,2026-10-17T10:15,2026-10-17T14:15,2026-10-18T15:15,2026-10-19T03:15,951.3,2241.45,standard,tendered,0.174
LD02538,L092,L386,"Chicago, IL","Oklahoma City, OK",dry_van,electronics,38397,False,2026-10-17T10:15,2026-10-17T14:15,2026-10-18T12:15,2026-10-19T12:15,796.6,1829.47,high,accepted,0.18
LD02968,L245,L371,"Nashville, TN","Chicago, IL",dry_van,auto parts,18510,False,2026-10-17T10:15,2026-10-17T14:15,2026-10-17T21:15,2026-10-18T01:15,471.9,1473.81,standard,tendered,0.075
LD03362,L062,L339,"Laredo, TX","Denver, CO",dry_van,electronics,27206,False,2026-10-17T10:15,2026-10-17T12:15,2026-10-18T19:15,2026-10-19T03:15,1068.4,2626.08,standard,tendered,0.131
LD03487,L076,L284,"Harrisburg, PA","Atlanta, GA",dry_van,paper products,25529,False,2026-10-17T10:15,2026-10-17T18:15,2026-10-18T12:15,2026-10-18T20:15,709.5,1796.05,high,accepted,0.015
LD03493,L355,L420,"Houston, TX","Indianapolis, IN",dry_van,auto parts,29292,False,2026-10-17T10:15,2026-10-17T14:15,2026-10-18T17:15,2026-10-19T05:15,1039.3,2629.17,standard,accepted,0.014
LD03669,L143,L338,"Chicago, IL","Dallas, TX",dry_van,paper products,33048,False,2026-10-17T10:15,2026-10-17T12:15,2026-10-18T16:15,2026-10-18T22:15,955.6,2645.3,standard,tentative,0.012
LD03850,L458,L295,"Houston, TX","New Orleans, LA",flatbed,pipe,32387,False,2026-10-17T10:15,2026-10-17T12:15,2026-10-17T19:15,2026-10-18T01:15,419.1,1309.08,standard,accepted,0.233
LD04125,L380,L160,"Birmingham, AL","San Antonio, TX",dry_van,beverages,35761,False,2026-10-17T10:15,2026-10-17T16:15,2026-10-18T15:15,2026-10-18T21:15,875.1,2196.9,standard,tendered,0.08
LD04443,L397,L187,"Laredo, TX","Oklahoma City, OK",dry_van,paper products,41942,False,2026-10-17T10:15,2026-10-17T18:15,2026-10-18T09:15,2026-10-19T09:15,649.5,1807.91,standard,tendered,0.022
LD04620,L292,L147,"Houston, TX","Columbus, OH",dry_van,beverages,25270,False,2026-10-17T10:15,2026-10-17T12:15,2026-10-18T21:15,2026-10-19T09:15,1191.5,3070.83,standard,tendered,0.002
LD04655,L060,L229,"Dallas, TX","Denver, CO",dry_van,retail,18542,False,2026-10-17T10:15,2026-10-17T14:15,2026-10-18T12:15,2026-10-19T12:15,761.9,2097.09,standard,tendered,0.004
LD04985,L280,L341,"Kansas City, MO","Charlotte, NC",dry_van,electronics,24448,False,2026-10-17T10:15,2026-10-17T16:15,2026-10-18T17:15,2026-10-19T17:15,961.3,2344.25,standard,tendered,0.008
LD00044,L146,L256,"Detroit, MI","Harrisburg, PA",dry_van,beverages,36055,False,2026-10-17T10:30,2026-10-17T18:30,2026-10-17T21:30,2026-10-18T21:30,451.2,1247.56,standard,tendered,0.028
LD00112,L053,L403,"Dallas, TX","Atlanta, GA",dry_van,beverages,35876,False,2026-10-17T10:30,2026-10-17T16:30,2026-10-18T14:30,2026-10-18T18:30,834.1,2102.84,standard,tentative,0.055
LD00197,L396,L090,"Little Rock, AR","Chicago, IL",dry_van,paper products,33639,False,2026-10-17T10:30,2026-10-17T14:30,2026-10-18T11:30,2026-10-18T15:30,672.6,1822.57,standard,tendered,0.066
LD00594,L296,L129,"Louisville, KY","New Orleans, LA",dry_van,electronics,40404,False,2026-10-17T10:30,2026-10-17T14:30,2026-10-18T12:30,2026-10-18T16:30,751.5,2131.95,standard,accepted,0.109
LD01336,L153,L140,"El Paso, TX","Kansas City, MO",flatbed,building materials,33543,False,2026-10-17T10:30,2026-10-17T14:30,2026-10-18T16:30,2026-10-19T16:30,1003.7,2996.18,standard,tendered,0.034
LD01341,L235,L169,"Louisville, KY","Charlotte, NC",dry_van,auto parts,29439,False,2026-10-17T10:30,2026-10-17T12:30,2026-10-17T21:30,2026-10-18T21:30,412.3,1320.21,critical,tendered,0.085
LD01939,L106,L368,"Chicago, IL","Oklahoma City, OK",dry_van,beverages,30337,False,2026-10-17T10:30,2026-10-17T18:30,2026-10-18T14:30,2026-10-18T18:30,865.4,2386.57,critical,accepted,0.073
LD02198,L296,L271,"Louisville, KY","Austin, TX",reefer,pharmaceuticals,27576,False,2026-10-17T10:30,2026-10-17T18:30,2026-10-18T17:30,2026-10-19T17:30,1055.1,3033.06,standard,tendered,0.082
LD02343,L293,L266,"Dallas, TX","Columbus, OH",dry_van,paper products,37057,False,2026-10-17T10:30,2026-10-17T18:30,2026-10-18T18:30,2026-10-19T02:30,1095.9,2505.74,standard,accepted,0.004
LD02749,L387,L139,"Chicago, IL","Jacksonville, FL",reefer,pharmaceuticals,31189,False,2026-10-17T10:30,2026-10-17T14:30,2026-10-18T18:30,2026-10-19T06:30,1073.7,2748.16,standard,accepted,0.012
LD02751,L375,L356,"Columbus, OH","New Orleans, LA",reefer,frozen food,35321,True,2026-10-17T10:30,2026-10-17T12:30,2026-10-18T15:30,2026-10-18T19:30,974.0,3018.03,standard,tendered,0.019
LD02833,L292,L254,"Houston, TX","Chicago, IL",dry_van,paper products,31587,False,2026-10-17T10:30,2026-10-17T18:30,2026-10-18T20:30,2026-10-19T20:30,1166.9,2686.38,standard,tendered,0.044
LD03074,L273,L472,"Newark, NJ","St. Louis, MO",reefer,dairy,35146,False,2026-10-17T10:30,2026-10-17T16:30,2026-10-18T17:30,2026-10-19T17:30,1034.8,2744.33,standard,accepted,0.008
LD03162,L475,L143,"Indianapolis, IN","Chicago, IL",dry_van,electronics,21116,False,2026-10-17T10:30,2026-10-17T12:30,2026-10-17T15:30,2026-10-17T23:30,162.7,597.37,standard,tendered,0.144
LD03174,L136,L078,"San Antonio, TX","Louisville, KY",dry_van,beverages,35999,False,2026-10-17T10:30,2026-10-17T14:30,2026-10-18T20:30,2026-10-19T04:30,1161.6,3059.01,standard,tendered,0.042
LD04030,L403,L484,"Atlanta, GA","Indianapolis, IN",reefer,dairy,31576,False,2026-10-17T10:30,2026-10-17T18:30,2026-10-17T21:30,2026-10-18T05:30,502.8,1490.8,standard,accepted,0.083
LD04198,L378,L499,"Kansas City, MO","Dallas, TX",dry_van,retail,37566,False,2026-10-17T10:30,2026-10-17T16:30,2026-10-17T21:30,2026-10-18T01:30,518.6,1381.44,critical,tendered,0.192
LD04989,L166,L146,"Atlanta, GA","Detroit, MI",dry_van,paper products,23111,False,2026-10-17T10:30,2026-10-17T14:30,2026-10-18T12:30,2026-10-18T18:30,712.8,1873.21,standard,tendered,0.064
LD00111,L294,L377,"Los Angeles, CA","Phoenix, AZ",dry_van,paper products,39121,False,2026-10-17T10:45,2026-10-17T16:45,2026-10-17T20:45,2026-10-18T02:45,419.0,1298.68,standard,accepted,0.095
LD00131,L070,L142,"Little Rock, AR","Atlanta, GA",reefer,frozen food,16127,False,2026-10-17T10:45,2026-10-17T12:45,2026-10-17T22:45,2026-10-18T04:45,575.1,1701.85,high,accepted,0.142
LD00273,L165,L441,"Newark, NJ","Columbus, OH",dry_van,consumer goods,37352,False,2026-10-17T10:45,2026-10-17T14:45,2026-10-17T23:45,2026-10-18T23:45,574.4,1556.42,standard,accepted,0.065
LD00402,L397,L315,"Laredo, TX","Harrisburg, PA",dry_van,electronics,25062,False,2026-10-17T10:45,2026-10-17T12:45,2026-10-20T02:45,2026-10-20T14:45,1821.4,4112.98,standard,accepted,0.051
LD00533,L462,L249,"Indianapolis, IN","Little Rock, AR",dry_van,beverages,27959,False,2026-10-17T10:45,2026-10-17T18:45,2026-10-17T22:45,2026-10-18T22:45,566.3,1691.29,standard,tentative,0.094
LD00844,L452,L087,"Chicago, IL","Jacksonville, FL",flatbed,pipe,36511,False,2026-10-17T10:45,2026-10-17T12:45,2026-10-18T16:45,2026-10-19T16:45,1025.7,2657.7,standard,accepted,0.124
LD00845,L309,L100,"Phoenix, AZ","Charlotte, NC",dry_van,consumer goods,38796,False,2026-10-17T10:45,2026-10-17T12:45,2026-10-20T10:45,2026-10-20T18:45,2125.0,5807.11,standard,tendered,0.133
LD01062,L291,L299,"Houston, TX","Kansas City, MO",dry_van,consumer goods,30999,False,2026-10-17T10:45,2026-10-17T12:45,2026-10-18T12:45,2026-10-18T16:45,812.5,1975.96,standard,tendered,0.024
LD01228,L112,L472,"Columbus, OH","St. Louis, MO",dry_van,paper products,36335,False,2026-10-17T10:45,2026-10-17T16:45,2026-10-17T21:45,2026-10-18T05:45,482.8,1365.53,critical,accepted,0.003
LD01588,L183,L140,"Louisville, KY","Kansas City, MO",reefer,meat,40490,False,2026-10-17T10:45,2026-10-17T12:45,2026-10-17T23:45,2026-10-18T07:45,585.2,1905.01,critical,accepted,0.048
LD02005,L163,L114,"San Antonio, TX","Dallas, TX",flatbed,building materials,27230,False,2026-10-17T10:45,2026-10-17T14:45,2026-10-17T19:45,2026-10-18T03:45,314.9,998.14,standard,tentative,0.041
LD02048,L055,L383,"Louisville, KY","Charlotte, NC",dry_van,paper products,35306,False,2026-10-17T10:45,2026-10-17T12:45,2026-10-17T21:45,2026-10-18T09:45,458.4,1229.5,standard,tendered,0.116
LD02359,L166,L227,"Atlanta, GA","Charlotte, NC",dry_van,consumer goods,9980,False,2026-10-17T10:45,2026-10-17T16:45,2026-10-17T18:45,2026-10-18T18:45,263.0,811.9,standard,accepted,0.002
LD02868,L348,L485,"Los Angeles, CA","Nashville, TN",dry_van,paper products,32573,False,2026-10-17T10:45,2026-10-17T12:45,2026-10-20T09:45,2026-10-21T09:45,2133.9,5132.62,standard,accepted,0.073
LD03149,L472,L144,"St. Louis, MO","San Antonio, TX",flatbed,machinery,30168,False,2026-10-17T10:45,2026-10-17T14:45,2026-10-18T17:45,2026-10-19T01:45,1000.9,2638.36,standard,tendered,0.025
LD03457,L104,L269,"Nashville, TN","Harrisburg, PA",reefer,pharmaceuticals,38184,False,2026-10-17T10:45,2026-10-17T12:45,2026-10-18T13:45,2026-10-18T21:45,753.0,2260.16,standard,accepted,0.031
LD03513,L130,L423,"Memphis, TN","St. Louis, MO",reefer,pharmaceuticals,24361,True,2026-10-17T10:45,2026-10-17T16:45,2026-10-17T18:45,2026-10-17T22:45,290.9,1058.26,standard,accepted,0.221
LD04485,L463,L198,"Indianapolis, IN","Minneapolis, MN",dry_van,consumer goods,27596,False,2026-10-17T10:45,2026-10-17T12:45,2026-10-18T10:45,2026-10-18T22:45,619.1,1785.39,standard,accepted,0.027
LD04931,L411,L325,"Austin, TX","Indianapolis, IN",dry_van,auto parts,37615,False,2026-10-17T10:45,2026-10-17T12:45,2026-10-18T18:45,2026-10-19T18:45,1090.8,2438.72,standard,tendered,0.038
LD00432,L448,L313,"St. Louis, MO","Miami, FL",dry_van,retail,36881,False,2026-10-17T11:00,2026-10-17T19:00,2026-10-19T08:00,2026-10-19T14:00,1291.2,2892.45,critical,accepted,0.052
LD00549,L319,L217,"Chicago, IL","Charlotte, NC",flatbed,lumber,32133,False,2026-10-17T11:00,2026-10-17T13:00,2026-10-18T12:00,2026-10-19T00:00,715.4,1919.98,high,tendered,0.013
LD00717,L306,L472,"Dallas, TX","St. Louis, MO",dry_van,auto parts,20535,False,2026-10-17T11:00,2026-10-17T15:00,2026-10-18T12:00,2026-10-18T20:00,658.6,1755.63,standard,tendered,0.027
LD00769,L103,L119,"Chicago, IL","New Orleans, LA",reefer,frozen food,14262,False,2026-10-17T11:00,2026-10-17T13:00,2026-10-18T18:00,2026-10-19T00:00,1033.1,2726.0,standard,tendered,0.109
LD00827,L412,L056,"Memphis, TN","Minneapolis, MN",dry_van,paper products,36287,False,2026-10-17T11:00,2026-10-17T13:00,2026-10-18T13:00,2026-10-19T01:00,819.9,2125.21,standard,tentative,0.003
LD01105,L260,L231,"Los Angeles, CA","El Paso, TX",reefer,pharmaceuticals,35375,False,2026-10-17T11:00,2026-10-17T13:00,2026-10-18T15:00,2026-10-18T21:00,835.4,2279.92,high,tendered,0.275
LD01573,L273,L202,"Newark, NJ","Atlanta, GA",dry_van,beverages,33838,False,2026-10-17T11:00,2026-10-17T13:00,2026-10-18T15:00,2026-10-18T21:00,871.1,2090.85,standard,tendered,0.031
LD01589,L149,L482,"Jacksonville, FL","Orlando, FL",dry_van,consumer goods,37134,False,2026-10-17T11:00,2026-10-17T15:00,2026-10-17T15:00,2026-10-17T19:00,146.9,579.24,standard,tendered,0.049
LD01935,L064,L158,"Harrisburg, PA","Atlanta, GA",dry_van,auto parts,30592,False,2026-10-17T11:00,2026-10-17T17:00,2026-10-18T13:00,2026-10-18T21:00,787.6,1851.66,standard,tendered,0.043
LD02532,L449,L284,"Indianapolis, IN","Atlanta, GA",dry_van,beverages,23744,False,2026-10-17T11:00,2026-10-17T13:00,2026-10-17T22:00,2026-10-18T06:00,505.5,1311.76,standard,accepted,0.062
LD02706,L334,L061,"Chicago, IL","Charlotte, NC",reefer,meat,29628,False,2026-10-17T11:00,2026-10-17T13:00,2026-10-18T13:00,2026-10-18T19:00,721.7,2025.46,standard,tentative,0.022
LD02772,L075,L436,"Chicago, IL","Minneapolis, MN",dry_van,beverages,25443,False,2026-10-17T11:00,2026-10-17T15:00,2026-10-17T21:00,2026-10-18T21:00,408.8,1179.5,high,tendered,0.019
LD02788,L406,L310,"Oklahoma City, OK","El Paso, TX",flatbed,steel,24011,False,2026-10-17T11:00,2026-10-17T17:00,2026-10-18T11:00,2026-10-18T15:00,671.5,2103.18,standard,tendered,0.03
LD02823,L396,L486,"Little Rock, AR","Louisville, KY",dry_van,consumer goods,37740,False,2026-10-17T11:00,2026-10-17T13:00,2026-10-18T00:00,2026-10-18T04:00,559.9,1622.32,standard,tendered,0.014
LD03007,L140,L144,"Kansas City, MO","San Antonio, TX",dry_van,retail,9732,False,2026-10-17T11:00,2026-10-17T15:00,2026-10-18T14:00,2026-10-19T02:00,897.4,2377.84,standard,accepted,0.004
LD03650,L278,L158,"Newark, NJ","Atlanta, GA",dry_van,paper products,28624,False,2026-10-17T11:00,2026-10-17T15:00,2026-10-18T15:00,2026-10-19T03:00,887.9,2202.18,standard,tendered,0.083
LD03770,L483,L187,"St. Louis, MO","Oklahoma City, OK",reefer,pharmaceuticals,30595,False,2026-10-17T11:00,2026-10-17T17:00,2026-10-17T22:00,2026-10-18T22:00,526.0,1759.69,standard,tendered,0.126
LD04301,L319,L134,"Chicago, IL","Denver, CO",flatbed,machinery,22035,False,2026-10-17T11:00,2026-10-17T13:00,2026-10-18T19:00,2026-10-19T19:00,1110.7,2972.08,standard,accepted,0.077
LD04673,L419,L202,"Charlotte, NC","Atlanta, GA",dry_van,beverages,38414,False,2026-10-17T11:00,2026-10-17T13:00,2026-10-17T19:00,2026-10-18T19:00,271.6,901.86,high,tendered,0.049
LD04744,L296,L089,"Louisville, KY","New Orleans, LA",dry_van,beverages,16185,False,2026-10-17T11:00,2026-10-17T15:00,2026-10-18T12:00,2026-10-18T18:00,728.7,1794.53,high,accepted,0.017
LD00581,L335,L099,"Los Angeles, CA","Dallas, TX",dry_van,paper products,38341,False,2026-10-17T11:15,2026-10-17T13:15,2026-10-19T13:15,2026-10-19T17:15,1497.2,3444.92,standard,tendered,0.039
LD00732,L219,L352,"Nashville, TN","Chicago, IL",dry_van,beverages,39607,True,2026-10-17T11:15,2026-10-17T13:15,2026-10-17T22:15,2026-10-18T04:15,446.1,1187.61,high,accepted,0.135
LD00850,L251,L347,"Chicago, IL","Dallas, TX",dry_van,consumer goods,31930,False,2026-10-17T11:15,2026-10-17T15:15,2026-10-18T16:15,2026-10-19T04:15,953.8,2591.02,high,accepted,0.069
LD00949,L439,L213,"Oklahoma City, OK","Jacksonville, FL",dry_van,auto parts,33702,False,2026-10-17T11:15,2026-10-17T15:15,2026-10-18T21:15,2026-10-19T03:15,1187.9,2687.82,standard,tendered,0.161
LD01167,L437,L075,"Laredo, TX","Chicago, IL",dry_van,electronics,17276,False,2026-10-17T11:15,2026-10-17T17:15,2026-10-19T12:15,2026-10-19T20:15,1435.2,3014.9,standard,tendered,0.0
LD01554,L098,L359,"Houston, TX","Orlando, FL",dry_van,paper products,27579,False,2026-10-17T11:15,2026-10-17T13:15,2026-10-18T19:15,2026-10-19T19:15,1013.7,2266.09,standard,accepted,0.089
LD01560,L362,L487,"Houston, TX","Dallas, TX",dry_van,auto parts,33131,False,2026-10-17T11:15,2026-10-17T13:15,2026-10-17T17:15,2026-10-17T23:15,248.0,833.47,standard,tendered,0.008
LD01653,L196,L370,"Indianapolis, IN","Orlando, FL",dry_van,paper products,18286,False,2026-10-17T11:15,2026-10-17T13:15,2026-10-18T16:15,2026-10-19T00:15,984.7,2640.05,standard,tentative,0.034
LD02059,L196,L354,"Indianapolis, IN","San Antonio, TX",dry_van,consumer goods,39505,False,2026-10-17T11:15,2026-10-17T13:15,2026-10-18T20:15,2026-10-19T20:15,1198.8,2687.48,critical,accepted,0.006
LD02248,L461,L466,"Indianapolis, IN","Nashville, TN",dry_van,retail,32117,False,2026-10-17T11:15,2026-10-17T15:15,2026-10-17T18:15,2026-10-18T00:15,303.4,1063.18,standard,tendered,0.129
LD02336,L403,L308,"Atlanta, GA","Chicago, IL",dry_van,consumer goods,33896,False,2026-10-17T11:15,2026-10-17T15:15,2026-10-18T12:15,2026-10-19T00:15,703.2,1687.2,standard,tendered,0.02
LD02361,L366,L336,"Newark, NJ","Columbus, OH",reefer,produce,26814,False,2026-10-17T11:15,2026-10-17T13:15,2026-10-18T00:15,2026-10-18T12:15,575.3,1653.59,standard,tendered,0.054
LD02366,L200,L361,"Miami, FL","Little Rock, AR",dry_van,retail,39541,False,2026-10-17T11:15,2026-10-17T17:15,2026-10-18T20:15,2026-10-19T00:15,1145.4,3476.18,standard,tentative,0.079
LD02411,L245,L499,"Nashville, TN","Dallas, TX",reefer,pharmaceuticals,26881,False,2026-10-17T11:15,2026-10-17T19:15,2026-10-18T12:15,2026-10-18T20:15,716.9,2060.02,standard,tendered,0.001
LD02446,L086,L370,"Memphis, TN","Orlando, FL",dry_van,auto parts,31350,False,2026-10-17T11:15,2026-10-17T17:15,2026-10-18T14:15,2026-10-18T18:15,836.4,2293.74,standard,tendered,0.064
LD02511,L355,L222,"Houston, TX","Dallas, TX",dry_van,retail,34483,False,2026-10-17T11:15,2026-10-17T13:15,2026-10-17T18:15,2026-10-18T06:15,267.6,809.78,standard,tendered,0.245
LD02722,L242,L432,"Little Rock, AR","Miami, FL",dry_van,auto parts,14066,False,2026-10-17T11:15,2026-10-17T17:15,2026-10-18T20:15,2026-10-19T02:15,1147.3,2537.54,standard,tendered,0.116
LD02948,L397,L110,"Laredo, TX","Dallas, TX",dry_van,beverages,37263,False,2026-10-17T11:15,2026-10-17T19:15,2026-10-17T21:15,2026-10-18T21:15,468.0,1362.82,standard,tendered,0.103
LD03187,L190,L441,"Oklahoma City, OK","Columbus, OH",dry_van,electronics,18180,False,2026-10-17T11:15,2026-10-17T15:15,2026-10-18T19:15,2026-10-19T01:15,1036.3,2386.49,standard,accepted,0.027
LD03273,L168,L487,"Jacksonville, FL","Dallas, TX",reefer,pharmaceuticals,39555,False,2026-10-17T11:15,2026-10-17T15:15,2026-10-18T19:15,2026-10-19T01:15,1086.1,3049.55,high,tendered,0.052
LD03510,L478,L075,"Little Rock, AR","Chicago, IL",dry_van,electronics,35694,False,2026-10-17T11:15,2026-10-17T13:15,2026-10-18T11:15,2026-10-18T23:15,666.8,1663.59,standard,tendered,0.056
LD03555,L075,L067,"Chicago, IL","Houston, TX",reefer,pharmaceuticals,26550,False,2026-10-17T11:15,2026-10-17T13:15,2026-10-18T19:15,2026-10-19T01:15,1098.6,3402.0,standard,tendered,0.074
LD03920,L074,L117,"Dallas, TX","Chicago, IL",reefer,produce,28332,False,2026-10-17T11:15,2026-10-17T17:15,2026-10-18T17:15,2026-10-19T05:15,999.6,2817.88,standard,accepted,0.014
LD04016,L369,L412,"Columbus, OH","Memphis, TN",dry_van,consumer goods,38472,False,2026-10-17T11:15,2026-10-17T19:15,2026-10-18T00:15,2026-10-19T00:15,575.2,1674.95,standard,accepted,0.058
LD04566,L479,L318,"San Antonio, TX","Memphis, TN",dry_van,paper products,29496,False,2026-10-17T11:15,2026-10-17T19:15,2026-10-18T14:15,2026-10-18T22:15,752.5,1898.27,standard,accepted,0.019
LD04757,L469,L257,"Miami, FL","Columbus, OH",dry_van,paper products,38961,False,2026-10-17T11:15,2026-10-17T13:15,2026-10-18T22:15,2026-10-19T06:15,1186.7,3579.97,standard,tendered,0.078
LD04773,L155,L229,"Los Angeles, CA","Denver, CO",dry_van,paper products,36355,True,2026-10-17T11:15,2026-10-17T13:15,2026-10-18T17:15,2026-10-19T01:15,991.3,2246.97,standard,tentative,0.043
LD04817,L324,L339,"Houston, TX","Denver, CO",dry_van,paper products,35316,False,2026-10-17T11:15,2026-10-17T13:15,2026-10-18T18:15,2026-10-19T00:15,1040.2,2707.54,standard,accepted,0.09
LD00085,L442,L419,"St. Louis, MO","Charlotte, NC",dry_van,consumer goods,39114,False,2026-10-17T11:30,2026-10-17T15:30,2026-10-18T12:30,2026-10-18T20:30,671.5,1878.4,standard,accepted,0.052
LD00110,L291,L471,"Houston, TX","Charlotte, NC",flatbed,lumber,17498,False,2026-10-17T11:30,2026-10-17T19:30,2026-10-18T19:30,2026-10-19T01:30,1147.4,3400.8,high,accepted,0.115
LD00416,L491,L052,"Minneapolis, MN","Atlanta, GA",reefer,produce,20080,False,2026-10-17T11:30,2026-10-17T13:30,2026-10-18T18:30,2026-10-19T02:30,1079.8,3145.94,standard,accepted,0.063
LD00597,L306,L486,"Dallas, TX","Louisville, KY",dry_van,beverages,38787,False,2026-10-17T11:30,2026-10-17T13:30,2026-10-18T16:30,2026-10-18T22:30,891.1,2076.08,high,accepted,0.005
LD00671,L291,L481,"Houston, TX","Little Rock, AR",dry_van,electronics,16496,False,2026-10-17T11:30,2026-10-17T13:30,2026-10-17T21:30,2026-10-18T03:30,506.5,1563.06,standard,tendered,0.099
LD00800,L280,L115,"Kansas City, MO","Miami, FL",dry_van,paper products,40148,False,2026-10-17T11:30,2026-10-17T19:30,2026-10-19T14:30,2026-10-20T02:30,1512.9,3334.93,standard,tendered,0.179
LD00911,L255,L463,"Detroit, MI","Indianapolis, IN",dry_van,paper products,28328,False,2026-10-17T11:30,2026-10-17T13:30,2026-10-17T21:30,2026-10-18T03:30,330.6,946.94,standard,tendered,0.048
LD00931,L346,L109,"Houston, TX","Dallas, TX",dry_van,paper products,22737,False,2026-10-17T11:30,2026-10-17T19:30,2026-10-17T17:30,2026-10-18T17:30,288.9,1023.45,standard,accepted,0.129
LD01003,L425,L109,"Houston, TX","Dallas, TX",dry_van,electronics,41078,False,2026-10-17T11:30,2026-10-17T17:30,2026-10-17T19:30,2026-10-18T03:30,268.2,920.21,standard,tendered,0.079
LD01120,L453,L046,"Houston, TX","Louisville, KY",dry_van,paper products,24373,False,2026-10-17T11:30,2026-10-17T13:30,2026-10-18T16:30,2026-10-19T00:30,953.6,2487.21,standard,accepted,0.025
LD01220,L382,L347,"Memphis, TN","Dallas, TX",dry_van,auto parts,28588,False,2026-10-17T11:30,2026-10-17T13:30,2026-10-17T23:30,2026-10-18T05:30,533.6,1444.31,standard,tendered,0.089
LD01276,L489,L365,"Atlanta, GA","Birmingham, AL",dry_van,consumer goods,34544,False,2026-10-17T11:30,2026-10-17T17:30,2026-10-17T17:30,2026-10-18T17:30,143.5,608.4,critical,tendered,0.127
LD01386,L093,L479,"Houston, TX","San Antonio, TX",dry_van,auto parts,31929,False,2026-10-17T11:30,2026-10-17T13:30,2026-10-17T18:30,2026-10-18T06:30,199.7,756.98,standard,tendered,0.062
LD01408,L396,L409,"Little Rock, AR","Columbus, OH",reefer,dairy,25837,False,2026-10-17T11:30,2026-10-17T17:30,2026-10-18T14:30,2026-10-19T02:30,778.0,2100.95,standard,tendered,0.003
LD01815,L482,L352,"Orlando, FL","Chicago, IL",dry_van,electronics,15788,False,2026-10-17T11:30,2026-10-17T17:30,2026-10-18T21:30,2026-10-19T05:30,1170.4,3326.96,standard,accepted,0.07
LD02027,L213,L472,"Jacksonville, FL","St. Louis, MO",dry_van,retail,35677,False,2026-10-17T11:30,2026-10-17T15:30,2026-10-18T16:30,2026-10-19T04:30,930.5,2230.81,standard,tentative,0.013
LD02302,L472,L284,"St. Louis, MO","Atlanta, GA",dry_van,retail,41993,False,2026-10-17T11:30,2026-10-17T19:30,2026-10-18T01:30,2026-10-18T09:30,596.6,1656.49,standard,tendered,0.005
LD02327,L072,L266,"Atlanta, GA","Columbus, OH",reefer,pharmaceuticals,16829,False,2026-10-17T11:30,2026-10-17T17:30,2026-10-18T00:30,2026-10-18T06:30,542.0,1788.79,standard,accepted,0.097
LD02841,L169,L263,"Charlotte, NC","Nashville, TN",dry_van,consumer goods,42894,False,2026-10-17T11:30,2026-10-17T15:30,2026-10-17T20:30,2026-10-18T00:30,398.6,1243.03,standard,tendered,0.014
LD03060,L092,L180,"Chicago, IL","New Orleans, LA",dry_van,consumer goods,19257,False,2026-10-17T11:30,2026-10-17T17:30,2026-10-18T17:30,2026-10-19T01:30,1003.9,2286.58,critical,accepted,0.157
LD03103,L444,L229,"Phoenix, AZ","Denver, CO",flatbed,machinery,44607,False,2026-10-17T11:30,2026-10-17T17:30,2026-10-18T12:30,2026-10-18T20:30,701.7,2229.21,standard,accepted,0.015
LD03766,L462,L283,"Indianapolis, IN","Newark, NJ",dry_van,paper products,15025,False,2026-10-17T11:30,2026-10-17T19:30,2026-10-18T13:30,2026-10-18T19:30,761.2,1895.05,standard,accepted,0.001
LD03928,L173,L370,"Atlanta, GA","Orlando, FL",dry_van,electronics,24404,False,2026-10-17T11:30,2026-10-17T19:30,2026-10-17T22:30,2026-10-18T22:30,494.1,1411.18,standard,accepted,0.054
LD03942,L324,L205,"Houston, TX","Oklahoma City, OK",dry_van,electronics,27683,False,2026-10-17T11:30,2026-10-17T15:30,2026-10-17T21:30,2026-10-18T09:30,476.9,1331.91,standard,tendered,0.041
LD00026,L076,L465,"Harrisburg, PA","Kansas City, MO",dry_van,paper products,24828,False,2026-10-17T11:45,2026-10-17T15:45,2026-10-18T20:45,2026-10-19T00:45,1116.5,2739.7,high,tendered,0.04
LD00165,L258,L409,"Charlotte, NC","Columbus, OH",reefer,meat,38509,False,2026-10-17T11:45,2026-10-17T13:45,2026-10-17T21:45,2026-10-18T05:45,439.1,1523.0,standard,accepted,0.05
LD00195,L053,L084,"Dallas, TX","St. Louis, MO",dry_van,auto parts,34466,False,2026-10-17T11:45,2026-10-17T15:45,2026-10-18T12:45,2026-10-19T00:45,676.8,1926.49,high,tendered,0.024
LD00332,L441,L449,"Columbus, OH","Indianapolis, IN",dry_van,electronics,25264,False,2026-10-17T11:45,2026-10-17T17:45,2026-10-17T17:45,2026-10-18T05:45,220.1,728.4,standard,accepted,0.134
LD00548,L140,L114,"Kansas City, MO","Dallas, TX",reefer,dairy,37845,False,2026-10-17T11:45,2026-10-17T15:45,2026-10-17T22:45,2026-10-18T04:45,540.7,1903.13,high,tendered,0.08
LD00617,L388,L202,"Louisville, KY","Atlanta, GA",dry_van,auto parts,27604,False,2026-10-17T11:45,2026-10-17T13:45,2026-10-17T19:45,2026-10-18T07:45,382.9,1186.83,high,tendered,0.011
LD00909,L306,L215,"Dallas, TX","Oklahoma City, OK",dry_van,electronics,27893,False,2026-10-17T11:45,2026-10-17T15:45,2026-10-17T18:45,2026-10-18T02:45,204.2,795.92,standard,tendered,0.049
LD00970,L149,L313,"Jacksonville, FL","Miami, FL",dry_van,consumer goods,30561,False,2026-10-17T11:45,2026-10-17T15:45,2026-10-17T20:45,2026-10-18T00:45,403.9,1192.21,high,tendered,0.0
LD01096,L152,L055,"Memphis, TN","Louisville, KY",dry_van,retail,38442,False,2026-10-17T11:45,2026-10-17T17:45,2026-10-17T20:45,2026-10-18T20:45,391.6,1174.14,high,tendered,0.056
LD01158,L307,L222,"Chicago, IL","Dallas, TX",dry_van,electronics,25823,False,2026-10-17T11:45,2026-10-17T19:45,2026-10-18T17:45,2026-10-19T01:45,968.9,2555.55,standard,tendered,0.063
LD01348,L273,L334,"Newark, NJ","Chicago, IL",dry_van,auto parts,36059,False,2026-10-17T11:45,2026-10-17T17:45,2026-10-18T14:45,2026-10-19T02:45,840.9,2141.53,standard,accepted,0.016
LD01381,L103,L182,"Chicago, IL","Denver, CO",dry_van,electronics,18600,False,2026-10-17T11:45,2026-10-17T15:45,2026-10-18T20:45,2026-10-19T02:45,1122.3,2989.76,standard,tendered,0.004
LD01601,L070,L380,"Little Rock, AR","Birmingham, AL",reefer,dairy,13040,False,2026-10-17T11:45,2026-10-17T13:45,2026-10-17T20:45,2026-10-18T00:45,392.3,1371.64,high,tendered,0.061
LD01684,L467,L097,"Miami, FL","Denver, CO",dry_van,electronics,38927,False,2026-10-17T11:45,2026-10-17T13:45,2026-10-20T09:45,2026-10-21T09:45,2084.3,5484.4,standard,accepted,0.015
LD01767,L219,L083,"Nashville, TN","Indianapolis, IN",reefer,pharmaceuticals,38934,False,2026-10-17T11:45,2026-10-17T19:45,2026-10-17T19:45,2026-10-18T07:45,301.7,1225.11,standard,accepted,0.003
LD01797,L437,L134,"Laredo, TX","Denver, CO",dry_van,beverages,39229,False,2026-10-17T11:45,2026-10-17T15:45,2026-10-18T22:45,2026-10-19T22:45,1167.9,2883.71,standard,tendered,0.034
LD01923,L232,L239,"San Antonio, TX","Houston, TX",dry_van,retail,21003,False,2026-10-17T11:45,2026-10-17T17:45,2026-10-17T18:45,2026-10-18T06:45,223.3,790.2,standard,tendered,0.029
LD02070,L426,L292,"St. Louis, MO","Houston, TX",dry_van,beverages,35776,False,2026-10-17T11:45,2026-10-17T17:45,2026-10-18T16:45,2026-10-18T22:45,844.0,2232.74,high,tendered,0.026
LD02203,L244,L249,"Dallas, TX","Little Rock, AR",dry_van,electronics,22472,False,2026-10-17T11:45,2026-10-17T15:45,2026-10-17T20:45,2026-10-18T08:45,350.1,974.03,high,tendered,0.05
LD03056,L271,L416,"Austin, TX","Chicago, IL",dry_van,consumer goods,38654,False,2026-10-17T11:45,2026-10-17T13:45,2026-10-19T08:45,2026-10-19T16:45,1211.7,2807.44,standard,accepted,0.063
LD03611,L352,L160,"Chicago, IL","San Antonio, TX",dry_van,consumer goods,15432,False,2026-10-17T11:45,2026-10-17T19:45,2026-10-19T08:45,2026-10-19T14:45,1227.8,2921.03,critical,tentative,0.018
LD03889,L246,L423,"Columbus, OH","St. Louis, MO",dry_van,auto parts,37853,False,2026-10-17T11:45,2026-10-17T13:45,2026-10-17T22:45,2026-10-18T04:45,476.7,1252.37,standard,tendered,0.075
LD03943,L131,L126,"Indianapolis, IN","Miami, FL",flatbed,steel,36186,False,2026-10-17T11:45,2026-10-17T13:45,2026-10-19T08:45,2026-10-19T14:45,1232.4,3550.96,standard,accepted,0.008
LD03992,L424,L075,"Austin, TX","Chicago, IL",reefer,dairy,36865,False,2026-10-17T11:45,2026-10-17T19:45,2026-10-19T07:45,2026-10-19T15:45,1213.5,3389.64,standard,tentative,0.063
LD04169,L453,L150,"Houston, TX","Columbus, OH",dry_van,consumer goods,18871,False,2026-10-17T11:45,2026-10-17T13:45,2026-10-18T20:45,2026-10-19T02:45,1176.9,2534.89,standard,tendered,0.037
LD04372,L205,L237,"Oklahoma City, OK","Nashville, TN",dry_van,paper products,27043,False,2026-10-17T11:45,2026-10-17T15:45,2026-10-18T12:45,2026-10-18T18:45,715.8,1836.0,standard,tendered,0.042
LD04436,L481,L150,"Little Rock, AR","Columbus, OH",dry_van,retail,34888,False,2026-10-17T11:45,2026-10-17T13:45,2026-10-18T14:45,2026-10-18T22:45,736.3,2094.56,high,accepted,0.052
LD00095,L296,L236,"Louisville, KY","New Orleans, LA",dry_van,paper products,20580,False,2026-10-17T12:00,2026-10-17T18:00,2026-10-18T13:00,2026-10-19T13:00,742.3,1990.7,high,tendered,0.026
LD00174,L271,L063,"Austin, TX","San Antonio, TX",dry_van,paper products,33381,False,2026-10-17T12:00,2026-10-17T14:00,2026-10-17T17:00,2026-10-18T01:00,81.8,436.34,high,tentative,0.08
LD00734,L223,L303,"Kansas City, MO","Oklahoma City, OK",dry_van,paper products,11042,False,2026-10-17T12:00,2026-10-17T16:00,2026-10-17T20:00,2026-10-18T04:00,357.0,1007.65,standard,tendered,0.056
LD00921,L104,L061,"Nashville, TN","Charlotte, NC",reefer,frozen food,33271,False,2026-10-17T12:00,2026-10-17T18:00,2026-10-17T23:00,2026-10-18T07:00,435.0,1434.04,standard,accepted,0.025
LD01209,L445,L056,"Los Angeles, CA","Minneapolis, MN",reefer,frozen food,31266,False,2026-10-17T12:00,2026-10-17T16:00,2026-10-20T05:00,2026-10-20T17:00,1830.4,5248.38,standard,accepted,0.087
LD01233,L198,L237,"Minneapolis, MN","Nashville, TN",dry_van,beverages,35156,False,2026-10-17T12:00,2026-10-17T18:00,2026-10-18T17:00,2026-10-19T05:00,860.0,2390.87,standard,tendered,0.004
LD01385,L447,L433,"Miami, FL","Charlotte, NC",dry_van,beverages,18786,True,2026-10-17T12:00,2026-10-17T14:00,2026-10-18T15:00,2026-10-19T15:00,770.9,2434.31,standard,tendered,0.308
LD01593,L101,L449,"Birmingham, AL","Indianapolis, IN",dry_van,electronics,39616,False,2026-10-17T12:00,2026-10-17T16:00,2026-10-17T23:00,2026-10-18T11:00,471.9,1438.93,standard,accepted,0.12
LD02076,L217,L485,"Charlotte, NC","Nashville, TN",dry_van,consumer goods,40108,False,2026-10-17T12:00,2026-10-17T14:00,2026-10-17T23:00,2026-10-18T07:00,416.6,1137.2,high,accepted,0.022
LD02591,L051,L046,"Indianapolis, IN","Louisville, KY",dry_van,electronics,32692,False,2026-10-17T12:00,2026-10-17T20:00,2026-10-17T17:00,2026-10-17T23:00,110.7,531.85,critical,tendered,0.209
LD02616,L217,L394,"Charlotte, NC","Minneapolis, MN",reefer,meat,27650,False,2026-10-17T12:00,2026-10-17T20:00,2026-10-18T22:00,2026-10-19T04:00,1130.4,3465.47,standard,tendered,0.017
LD02770,L309,L316,"Phoenix, AZ","New Orleans, LA",reefer,meat,33267,False,2026-10-17T12:00,2026-10-17T18:00,2026-10-19T16:00,2026-10-20T04:00,1579.2,4870.07,high,tendered,0.089
LD02963,L122,L499,"Chicago, IL","Dallas, TX",dry_van,retail,19573,False,2026-10-17T12:00,2026-10-17T14:00,2026-10-18T18:00,2026-10-19T18:00,973.6,2290.53,high,accepted,0.035
LD03035,L362,L311,"Houston, TX","Los Angeles, CA",reefer,pharmaceuticals,28673,False,2026-10-17T12:00,2026-10-17T14:00,2026-10-19T16:00,2026-10-20T00:00,1657.0,4717.59,standard,tendered,0.093
LD03115,L153,L133,"El Paso, TX","Dallas, TX",dry_van,electronics,32937,False,2026-10-17T12:00,2026-10-17T20:00,2026-10-18T12:00,2026-10-18T16:00,709.3,1743.3,standard,accepted,0.017
LD03318,L167,L068,"Little Rock, AR","San Antonio, TX",dry_van,consumer goods,31073,False,2026-10-17T12:00,2026-10-17T16:00,2026-10-18T02:00,2026-10-19T02:00,600.0,1794.02,standard,tentative,0.008
LD03382,L217,L096,"Charlotte, NC","Chicago, IL",dry_van,auto parts,27882,False,2026-10-17T12:00,2026-10-17T16:00,2026-10-18T14:00,2026-10-19T14:00,697.2,1852.07,high,accepted,0.012
LD03408,L163,L423,"San Antonio, TX","St. Louis, MO",reefer,meat,36345,False,2026-10-17T12:00,2026-10-17T16:00,2026-10-18T18:00,2026-10-19T18:00,949.6,2832.76,standard,accepted,0.063
LD03842,L360,L177,"Columbus, OH","Dallas, TX",dry_van,consumer goods,21913,False,2026-10-17T12:00,2026-10-17T14:00,2026-10-18T21:00,2026-10-19T21:00,1082.0,2703.89,standard,accepted,0.035
LD04197,L137,L476,"Jacksonville, FL","Chicago, IL",dry_van,auto parts,30336,False,2026-10-17T12:00,2026-10-17T16:00,2026-10-18T19:00,2026-10-19T03:00,1037.4,2795.23,standard,tendered,0.029
LD04615,L211,L319,"Jacksonville, FL","Chicago, IL",flatbed,machinery,22728,False,2026-10-17T12:00,2026-10-17T16:00,2026-10-18T20:00,2026-10-19T04:00,1067.5,2829.82,standard,tendered,0.139
LD04678,L291,L319,"Houston, TX","Chicago, IL",dry_van,auto parts,29344,False,2026-10-17T12:00,2026-10-17T16:00,2026-10-18T20:00,2026-10-19T02:00,1166.3,2660.92,standard,tendered,0.054
LD04719,L463,L185,"Indianapolis, IN","Newark, NJ",dry_van,retail,30046,False,2026-10-17T12:00,2026-10-17T20:00,2026-10-18T15:00,2026-10-19T03:00,775.8,2104.15,standard,accepted,0.025
LD00037,L344,L275,"Laredo, TX","Atlanta, GA",dry_van,consumer goods,24500,False,2026-10-17T12:15,2026-10-17T16:15,2026-10-18T22:15,2026-10-19T22:15,1192.7,3068.03,standard,tentative,0.03
LD00453,L344,L159,"Laredo, TX","Houston, TX",dry_van,auto parts,36798,False,2026-10-17T12:15,2026-10-17T14:15,2026-10-17T21:15,2026-10-18T01:15,349.8,1038.65,standard,tendered,0.123
LD00574,L213,L342,"Jacksonville, FL","Chicago, IL",dry_van,electronics,27146,False,2026-10-17T12:15,2026-10-17T20:15,2026-10-18T19:15,2026-10-18T23:15,1034.9,2301.46,standard,tendered,0.019
LD00743,L153,L130,"El Paso, TX","Memphis, TN",dry_van,paper products,31999,False,2026-10-17T12:15,2026-10-17T16:15,2026-10-18T21:15,2026-10-19T21:15,1184.9,3127.71,high,tendered,0.009
LD01116,L319,L069,"Chicago, IL","Los Angeles, CA",dry_van,beverages,41590,False,2026-10-17T12:15,2026-10-17T14:15,2026-10-20T10:15,2026-10-20T14:15,2111.9,4473.58,high,tendered,0.023
LD01150,L323,L066,"Detroit, MI","Chicago, IL",dry_van,consumer goods,35064,False,2026-10-17T12:15,2026-10-17T14:15,2026-10-17T20:15,2026-10-18T08:15,285.4,914.27,standard,tendered,0.08
LD01718,L262,L084,"Minneapolis, MN","St. Louis, MO",reefer,frozen food,33919,False,2026-10-17T12:15,2026-10-17T14:15,2026-10-17T23:15,2026-10-18T07:15,528.7,1528.71,standard,accepted,0.037
LD02013,L070,L359,"Little Rock, AR","Orlando, FL",flatbed,lumber,37827,False,2026-10-17T12:15,2026-10-17T20:15,2026-10-18T17:15,2026-10-19T17:15,922.4,2570.43,standard,accepted,0.055
LD02221,L337,L390,"Laredo, TX","Houston, TX",dry_van,consumer goods,29638,False,2026-10-17T12:15,2026-10-17T18:15,2026-10-17T23:15,2026-10-18T03:15,355.8,1152.59,standard,accepted,0.031
LD02363,L282,L441,"Little Rock, AR","Columbus, OH",dry_van,beverages,19984,False,2026-10-17T12:15,2026-10-17T18:15,2026-10-18T16:15,2026-10-18T22:15,770.5,2161.5,standard,tendered,0.052
LD02395,L167,L494,"Little Rock, AR","Dallas, TX",dry_van,retail,37765,False,2026-10-17T12:15,2026-10-17T14:15,2026-10-17T20:15,2026-10-18T04:15,311.8,955.92,high,tendered,0.026
LD02490,L219,L439,"Nashville, TN","Oklahoma City, OK",dry_van,retail,38233,False,2026-10-17T12:15,2026-10-17T14:15,2026-10-18T14:15,2026-10-19T02:15,720.1,1914.79,standard,accepted,0.005
LD02580,L097,L443,"Denver, CO","Minneapolis, MN",dry_van,consumer goods,38633,False,2026-10-17T12:15,2026-10-17T14:15,2026-10-18T16:15,2026-10-18T20:15,820.4,2456.3,standard,accepted,0.015
LD02605,L481,L233,"Little Rock, AR","Miami, FL",reefer,produce,31814,False,2026-10-17T12:15,2026-10-17T16:15,2026-10-18T22:15,2026-10-19T22:15,1125.4,3371.94,standard,tendered,0.027
LD02729,L208,L337,"Oklahoma City, OK","Laredo, TX",dry_van,paper products,29791,False,2026-10-17T12:15,2026-10-17T18:15,2026-10-18T12:15,2026-10-19T00:15,665.9,1689.01,standard,accepted,0.056
LD03160,L327,L169,"Atlanta, GA","Charlotte, NC",dry_van,electronics,29655,False,2026-10-17T12:15,2026-10-17T16:15,2026-10-17T19:15,2026-10-17T23:15,277.4,902.08,standard,accepted,0.014
LD03476,L152,L338,"Memphis, TN","Dallas, TX",dry_van,beverages,17568,False,2026-10-17T12:15,2026-10-17T20:15,2026-10-17T23:15,2026-10-18T11:15,522.4,1577.48,high,tentative,0.001
LD03642,L452,L134,"Chicago, IL","Denver, CO",reefer,dairy,31188,False,2026-10-17T12:15,2026-10-17T20:15,2026-10-18T21:15,2026-10-19T01:15,1153.8,3465.14,standard,tendered,0.061
LD03841,L346,L181,"Houston, TX","Harrisburg, PA",dry_van,retail,42729,False,2026-10-17T12:15,2026-10-17T14:15,2026-10-19T13:15,2026-10-20T01:15,1511.1,3907.78,standard,tendered,0.065
LD03915,L161,L205,"Nashville, TN","Oklahoma City, OK",dry_van,electronics,25262,False,2026-10-17T12:15,2026-10-17T14:15,2026-10-18T13:15,2026-10-18T17:15,720.3,1729.9,standard,accepted,0.049
LD03993,L391,L473,"Austin, TX","Phoenix, AZ",reefer,frozen food,32403,False,2026-10-17T12:15,2026-10-17T18:15,2026-10-18T20:15,2026-10-19T20:15,1024.6,2648.97,standard,tendered,0.038
LD04078,L244,L392,"Dallas, TX","Detroit, MI",dry_van,electronics,22699,False,2026-10-17T12:15,2026-10-17T18:15,2026-10-18T22:15,2026-10-19T04:15,1194.4,3130.34,standard,tendered,0.054
LD04321,L265,L192,"Harrisburg, PA","Chicago, IL",dry_van,paper products,28889,False,2026-10-17T12:15,2026-10-17T14:15,2026-10-18T13:15,2026-10-19T01:15,711.9,1773.84,standard,tendered,0.037
LD04623,L412,L070,"Memphis, TN","Little Rock, AR",flatbed,pipe,39022,False,2026-10-17T12:15,2026-10-17T14:15,2026-10-17T17:15,2026-10-17T23:15,162.3,663.65,standard,tendered,0.133
LD00284,L392,L206,"Detroit, MI","Oklahoma City, OK",dry_van,auto parts,39191,False,2026-10-17T12:30,2026-10-17T14:30,2026-10-18T20:30,2026-10-19T04:30,1086.8,2684.31,standard,tendered,0.095
LD00340,L324,L139,"Houston, TX","Jacksonville, FL",dry_van,beverages,20037,False,2026-10-17T12:30,2026-10-17T16:30,2026-10-18T17:30,2026-10-18T21:30,967.3,2258.69,standard,accepted,0.055
LD00367,L483,L119,"St. Louis, MO","New Orleans, LA",reefer,produce,30692,False,2026-10-17T12:30,2026-10-17T20:30,2026-10-18T13:30,2026-10-19T01:30,718.1,2066.73,standard,accepted,0.004
LD00606,L417,L187,"Nashville, TN","Oklahoma City, OK",dry_van,auto parts,35001,True,2026-10-17T12:30,2026-10-17T14:30,2026-10-18T15:30,2026-10-18T19:30,742.7,1777.17,critical,tendered,0.031
LD01136,L108,L152,"Houston, TX","Memphis, TN",flatbed,lumber,34960,False,2026-10-17T12:30,2026-10-17T18:30,2026-10-18T02:30,2026-10-19T02:30,602.5,1934.51,standard,accepted,0.05
LD01176,L255,L144,"Detroit, MI","San Antonio, TX",dry_van,electronics,21755,False,2026-10-17T12:30,2026-10-17T16:30,2026-10-19T16:30,2026-10-19T22:30,1552.5,3502.74,standard,accepted,0.043
LD01600,L362,L052,"Houston, TX","Atlanta, GA",dry_van,beverages,17138,False,2026-10-17T12:30,2026-10-17T14:30,2026-10-18T15:30,2026-10-18T19:30,858.5,2250.42,high,tendered,0.06
LD01714,L443,L359,"Minneapolis, MN","Orlando, FL",flatbed,building materials,37567,False,2026-10-17T12:30,2026-10-17T14:30,2026-10-19T17:30,2026-10-19T21:30,1579.8,4553.85,standard,accepted,0.026
LD01739,L152,L051,"Memphis, TN","Indianapolis, IN",dry_van,auto parts,36730,False,2026-10-17T12:30,2026-10-17T16:30,2026-10-17T21:30,2026-10-18T01:30,429.8,1207.49,standard,accepted,0.022
LD01956,L074,L404,"Dallas, TX","Kansas City, MO",reefer,meat,13315,False,2026-10-17T12:30,2026-10-17T18:30,2026-10-18T00:30,2026-10-18T04:30,566.4,1840.99,standard,tendered,0.029
LD01969,L389,L349,"Newark, NJ","Charlotte, NC",dry_van,electronics,26378,False,2026-10-17T12:30,2026-10-17T16:30,2026-10-18T11:30,2026-10-19T11:30,624.6,1827.48,standard,accepted,0.054
LD01988,L100,L485,"Charlotte, NC","Nashville, TN",flatbed,lumber,22784,False,2026-10-17T12:30,2026-10-17T14:30,2026-10-17T21:30,2026-10-18T09:30,394.5,1164.91,standard,tentative,0.093
LD02092,L051,L465,"Indianapolis, IN","Kansas City, MO",dry_van,retail,27856,False,2026-10-17T12:30,2026-10-17T14:30,2026-10-18T01:30,2026-10-19T01:30,534.9,1375.6,standard,tendered,0.018
LD02393,L403,L313,"Atlanta, GA","Miami, FL",dry_van,retail,27933,False,2026-10-17T12:30,2026-10-17T14:30,2026-10-18T13:30,2026-10-19T01:30,743.9,2005.35,standard,accepted,0.031
LD02865,L358,L287,"Newark, NJ","Atlanta, GA",dry_van,consumer goods,32142,False,2026-10-17T12:30,2026-10-17T14:30,2026-10-18T17:30,2026-10-19T05:30,907.4,2127.99,critical,tendered,0.08
LD02934,L424,L202,"Austin, TX","Atlanta, GA",dry_van,retail,38615,False,2026-10-17T12:30,2026-10-17T16:30,2026-10-18T19:30,2026-10-19T03:30,1020.0,2279.85,standard,tendered,0.03
LD02986,L290,L401,"New Orleans, LA","Los Angeles, CA",dry_van,beverages,36375,False,2026-10-17T12:30,2026-10-17T14:30,2026-10-20T09:30,2026-10-21T09:30,2044.5,4876.78,standard,accepted,0.038
LD03463,L265,L295,"Harrisburg, PA","New Orleans, LA",dry_van,electronics,21588,False,2026-10-17T12:30,2026-10-17T14:30,2026-10-19T08:30,2026-10-20T08:30,1247.2,3088.74,standard,accepted,0.091
LD03590,L279,L430,"Columbus, OH","Minneapolis, MN",dry_van,paper products,19021,False,2026-10-17T12:30,2026-10-17T20:30,2026-10-18T15:30,2026-10-19T15:30,783.7,1914.12,standard,tendered,0.13
LD04035,L391,L053,"Austin, TX","Dallas, TX",dry_van,beverages,34005,False,2026-10-17T12:30,2026-10-17T18:30,2026-10-17T19:30,2026-10-18T01:30,214.3,699.93,standard,tendered,0.035
LD04438,L235,L160,"Louisville, KY","San Antonio, TX",dry_van,consumer goods,39405,False,2026-10-17T12:30,2026-10-17T16:30,2026-10-18T22:30,2026-10-19T22:30,1106.9,2413.51,high,accepted,0.018
LD04535,L092,L471,"Chicago, IL","Charlotte, NC",dry_van,auto parts,35435,False,2026-10-17T12:30,2026-10-17T20:30,2026-10-18T12:30,2026-10-18T18:30,683.1,1855.41,high,accepted,0.008
LD04701,L376,L131,"Chicago, IL","Indianapolis, IN",dry_van,auto parts,35737,False,2026-10-17T12:30,2026-10-17T18:30,2026-10-17T19:30,2026-10-18T01:30,216.8,791.39,standard,accepted,0.024
LD04808,L324,L285,"Houston, TX","Indianapolis, IN",dry_van,consumer goods,30343,False,2026-10-17T12:30,2026-10-17T18:30,2026-10-18T19:30,2026-10-19T19:30,1049.2,2626.82,standard,tendered,0.035
LD04924,L441,L388,"Columbus, OH","Louisville, KY",dry_van,electronics,32484,False,2026-10-17T12:30,2026-10-17T14:30,2026-10-17T17:30,2026-10-17T23:30,209.3,728.12,standard,tentative,0.135
LD00436,L099,L463,"Dallas, TX","Indianapolis, IN",dry_van,paper products,27336,True,2026-10-17T12:45,2026-10-17T14:45,2026-10-18T16:45,2026-10-19T16:45,895.2,2094.49,high,tentative,0.07
LD00610,L281,L275,"Dallas, TX","Atlanta, GA",dry_van,beverages,40831,False,2026-10-17T12:45,2026-10-17T14:45,2026-10-18T15:45,2026-10-18T19:45,869.8,2244.68,standard,accepted,0.03
LD01172,L215,L234,"Oklahoma City, OK","Phoenix, AZ",dry_van,retail,33919,False,2026-10-17T12:45,2026-10-17T14:45,2026-10-18T20:45,2026-10-19T04:45,1009.2,2545.57,standard,tendered,0.028
LD01222,L278,L388,"Newark, NJ","Louisville, KY",dry_van,auto parts,30047,False,2026-10-17T12:45,2026-10-17T14:45,2026-10-18T13:45,2026-10-19T01:45,726.5,1691.38,standard,accepted,0.025
LD01443,L161,L443,"Nashville, TN","Minneapolis, MN",flatbed,building materials,16319,True,2026-10-17T12:45,2026-10-17T16:45,2026-10-18T16:45,2026-10-19T16:45,851.9,2578.16,standard,tendered,0.003
LD01608,L392,L386,"Detroit, MI","Oklahoma City, OK",dry_van,beverages,31921,False,2026-10-17T12:45,2026-10-17T14:45,2026-10-18T19:45,2026-10-19T19:45,1056.1,2824.58,standard,tendered,0.05
LD01734,L498,L288,"Louisville, KY","Miami, FL",reefer,pharmaceuticals,25760,False,2026-10-17T12:45,2026-10-17T20:45,2026-10-18T20:45,2026-10-19T00:45,1089.2,3378.73,standard,tendered,0.034
LD02328,L179,L350,"Los Angeles, CA","Dallas, TX",dry_van,beverages,26251,False,2026-10-17T12:45,2026-10-17T20:45,2026-10-19T13:45,2026-10-20T01:45,1501.1,3302.77,high,tendered,0.082
LD02485,L362,L095,"Houston, TX","Newark, NJ",reefer,frozen food,36595,False,2026-10-17T12:45,2026-10-17T14:45,2026-10-19T17:45,2026-10-19T23:45,1692.4,4263.84,critical,tendered,0.028
LD02572,L130,L336,"Memphis, TN","Columbus, OH",dry_van,auto parts,14790,False,2026-10-17T12:45,2026-10-17T18:45,2026-10-18T01:45,2026-10-19T01:45,596.2,1622.81,standard,tendered,0.158
LD02724,L074,L473,"Dallas, TX","Phoenix, AZ",reefer,produce,11088,False,2026-10-17T12:45,2026-10-17T20:45,2026-10-18T20:45,2026-10-19T02:45,1092.7,3479.92,standard,tendered,0.004
LD02805,L205,L421,"Oklahoma City, OK","Louisville, KY",reefer,produce,35618,False,2026-10-17T12:45,2026-10-17T20:45,2026-10-18T15:45,2026-10-18T23:45,806.3,2204.36,standard,accepted,0.005
LD02959,L361,L246,"Little Rock, AR","Columbus, OH",flatbed,lumber,38591,False,2026-10-17T12:45,2026-10-17T14:45,2026-10-18T14:45,2026-10-18T20:45,749.7,2104.37,standard,tendered,0.072
LD04182,L278,L399,"Newark, NJ","Minneapolis, MN",dry_van,beverages,11090,False,2026-10-17T12:45,2026-10-17T14:45,2026-10-18T22:45,2026-10-19T02:45,1191.7,2966.27,standard,tentative,0.017
LD04191,L498,L234,"Louisville, KY","Phoenix, AZ",dry_van,auto parts,36797,False,2026-10-17T12:45,2026-10-17T18:45,2026-10-20T06:45,2026-10-20T14:45,1825.7,3791.02,critical,tentative,0.094
LD04275,L481,L455,"Little Rock, AR","Los Angeles, CA",reefer,dairy,20028,False,2026-10-17T12:45,2026-10-17T16:45,2026-10-19T20:45,2026-10-20T00:45,1787.8,5399.72,standard,tendered,0.103
LD04914,L062,L249,"Laredo, TX","Little Rock, AR",dry_van,auto parts,16921,False,2026-10-17T12:45,2026-10-17T14:45,2026-10-18T16:45,2026-10-19T04:45,780.0,2039.26,standard,tendered,0.061
LD04971,L070,L352,"Little Rock, AR","Chicago, IL",dry_van,auto parts,30578,False,2026-10-17T12:45,2026-10-17T14:45,2026-10-18T12:45,2026-10-18T16:45,646.5,1635.62,standard,tendered,0.036
LD00160,L343,L342,"Louisville, KY","Chicago, IL",dry_van,paper products,37784,False,2026-10-17T13:00,2026-10-17T15:00,2026-10-17T22:00,2026-10-18T22:00,287.3,1022.78,standard,accepted,0.046
LD00282,L220,L236,"Chicago, IL","New Orleans, LA",dry_van,retail,36323,False,2026-10-17T13:00,2026-10-17T19:00,2026-10-18T20:00,2026-10-19T02:00,1009.3,2681.0,standard,tendered,0.007
LD00376,L198,L411,"Minneapolis, MN","Austin, TX",dry_van,electronics,31242,False,2026-10-17T13:00,2026-10-17T19:00,2026-10-19T11:00,2026-10-19T15:00,1228.3,2769.38,standard,accepted,0.006
LD00577,L100,L108,"Charlotte, NC","Houston, TX",reefer,produce,33152,False,2026-10-17T13:00,2026-10-17T19:00,2026-10-18T21:00,2026-10-19T03:00,1089.5,2764.36,standard,tendered,0.227
LD00751,L141,L133,"Oklahoma City, OK","Dallas, TX",flatbed,pipe,40349,False,2026-10-17T13:00,2026-10-17T21:00,2026-10-17T21:00,2026-10-18T01:00,276.3,959.7,standard,accepted,0.015
LD00842,L245,L232,"Nashville, TN","San Antonio, TX",reefer,meat,18998,False,2026-10-17T13:00,2026-10-17T21:00,2026-10-18T18:00,2026-10-19T06:00,948.4,2691.2,standard,tendered,0.029
LD01918,L280,L269,"Kansas City, MO","Harrisburg, PA",reefer,pharmaceuticals,25882,False,2026-10-17T13:00,2026-10-17T21:00,2026-10-18T23:00,2026-10-19T23:00,1125.2,3217.97,standard,accepted,0.093
LD01981,L282,L201,"Little Rock, AR","Dallas, TX",dry_van,paper products,36603,False,2026-10-17T13:00,2026-10-17T15:00,2026-10-17T22:00,2026-10-18T02:00,307.2,943.97,standard,accepted,0.153
LD02108,L403,L339,"Atlanta, GA","Denver, CO",reefer,frozen food,18199,False,2026-10-17T13:00,2026-10-17T19:00,2026-10-19T13:00,2026-10-20T01:00,1429.9,3975.68,standard,tendered,0.028
LD02518,L417,L288,"Nashville, TN","Miami, FL",dry_van,beverages,38958,False,2026-10-17T13:00,2026-10-17T19:00,2026-10-18T20:00,2026-10-19T00:00,965.3,2622.27,standard,tendered,0.054
LD02537,L221,L141,"Atlanta, GA","Oklahoma City, OK",dry_van,consumer goods,31248,False,2026-10-17T13:00,2026-10-17T19:00,2026-10-18T18:00,2026-10-19T02:00,931.2,2511.01,standard,accepted,0.028
LD02864,L051,L409,"Indianapolis, IN","Columbus, OH",dry_van,beverages,39574,False,2026-10-17T13:00,2026-10-17T15:00,2026-10-17T20:00,2026-10-18T20:00,211.1,756.87,standard,tentative,0.096
LD03042,L123,L466,"Los Angeles, CA","Nashville, TN",dry_van,beverages,25472,False,2026-10-17T13:00,2026-10-17T15:00,2026-10-20T12:00,2026-10-20T16:00,2176.6,4996.29,high,tendered,0.091
LD03837,L183,L198,"Louisville, KY","Minneapolis, MN",dry_van,beverages,19286,False,2026-10-17T13:00,2026-10-17T15:00,2026-10-18T14:00,2026-10-18T20:00,712.8,1735.93,standard,tentative,0.011
LD04257,L491,L338,"Minneapolis, MN","Dallas, TX",dry_van,paper products,25063,False,2026-10-17T13:00,2026-10-17T17:00,2026-10-18T19:00,2026-10-19T19:00,1040.8,2546.26,standard,accepted,0.007
LD04661,L271,L499,"Austin, TX","Dallas, TX",dry_van,auto parts,34419,False,2026-10-17T13:00,2026-10-17T21:00,2026-10-17T21:00,2026-10-18T03:00,256.2,798.69,high,accepted,0.188
LD04791,L269,L419,"Harrisburg, PA","Charlotte, NC",dry_van,paper products,13928,False,2026-10-17T13:00,2026-10-17T19:00,2026-10-18T02:00,2026-10-19T02:00,497.9,1495.54,high,tendered,0.025
LD00096,L391,L192,"Austin, TX","Chicago, IL",dry_van,retail,23338,False,2026-10-17T13:15,2026-10-17T21:15,2026-10-18T23:15,2026-10-19T05:15,1176.7,2791.49,standard,tendered,0.095
LD00535,L053,L061,"Dallas, TX","Charlotte, NC",dry_van,auto parts,38142,False,2026-10-17T13:15,2026-10-17T15:15,2026-10-18T22:15,2026-10-19T04:15,1121.4,2427.49,critical,accepted,0.027
LD00630,L269,L351,"Harrisburg, PA","Chicago, IL",dry_van,electronics,31011,False,2026-10-17T13:15,2026-10-17T21:15,2026-10-18T16:15,2026-10-19T00:15,677.0,1920.41,standard,accepted,0.045
LD00822,L140,L394,"Kansas City, MO","Minneapolis, MN",flatbed,machinery,24895,False,2026-10-17T13:15,2026-10-17T17:15,2026-10-17T23:15,2026-10-18T05:15,470.1,1377.06,standard,tendered,0.034
LD00968,L453,L434,"Houston, TX","Jacksonville, FL",dry_van,beverages,24367,False,2026-10-17T13:15,2026-10-17T17:15,2026-10-18T18:15,2026-10-18T22:15,963.7,2548.6,standard,accepted,0.028
LD01107,L143,L083,"Chicago, IL","Indianapolis, IN",dry_van,retail,29088,False,2026-10-17T13:15,2026-10-17T17:15,2026-10-17T19:15,2026-10-18T03:15,170.9,659.19,standard,tendered,0.043
LD01316,L150,L161,"Columbus, OH","Nashville, TN",flatbed,pipe,25081,False,2026-10-17T13:15,2026-10-17T19:15,2026-10-17T23:15,2026-10-18T03:15,404.1,1443.0,standard,tendered,0.06
LD01488,L132,L168,"Miami, FL","Jacksonville, FL",flatbed,machinery,17452,False,2026-10-17T13:15,2026-10-17T19:15,2026-10-17T23:15,2026-10-18T11:15,425.6,1711.42,high,accepted,0.043
LD01558,L437,L084,"Laredo, TX","St. Louis, MO",dry_van,beverages,38126,False,2026-10-17T13:15,2026-10-17T15:15,2026-10-18T23:15,2026-10-19T05:15,1141.4,3087.86,standard,accepted,0.028
LD01633,L223,L164,"Kansas City, MO","San Antonio, TX",dry_van,electronics,30792,False,2026-10-17T13:15,2026-10-17T21:15,2026-10-18T16:15,2026-10-19T00:15,820.0,1891.55,standard,tendered,0.055
LD01639,L437,L350,"Laredo, TX","Dallas, TX",dry_van,retail,26471,False,2026-10-17T13:15,2026-10-17T15:15,2026-10-18T02:15,2026-10-18T10:15,508.5,1469.95,standard,tendered,0.018
LD01974,L143,L067,"Chicago, IL","Houston, TX",dry_van,paper products,30522,False,2026-10-17T13:15,2026-10-17T15:15,2026-10-18T22:15,2026-10-19T04:15,1086.6,2846.25,standard,accepted,0.105
LD02392,L262,L407,"Minneapolis, MN","Los Angeles, CA",reefer,meat,19427,False,2026-10-17T13:15,2026-10-17T19:15,2026-10-20T06:15,2026-10-21T06:15,1817.7,4805.05,standard,tendered,0.053
LD03030,L173,L339,"Atlanta, GA","Denver, CO",reefer,dairy,33447,False,2026-10-17T13:15,2026-10-17T19:15,2026-10-19T13:15,2026-10-19T19:15,1444.5,3585.57,high,tendered,0.038
LD04012,L145,L342,"Newark, NJ","Chicago, IL",reefer,produce,34256,True,2026-10-17T13:15,2026-10-17T21:15,2026-10-18T17:15,2026-10-18T23:15,872.5,2797.38,standard,accepted,0.014
LD04047,L045,L481,"Oklahoma City, OK","Little Rock, AR",dry_van,retail,35001,False,2026-10-17T13:15,2026-10-17T17:15,2026-10-18T00:15,2026-10-18T12:15,381.8,1087.0,standard,tentative,0.061
LD04205,L472,L190,"St. Louis, MO","Oklahoma City, OK",dry_van,retail,19898,False,2026-10-17T13:15,2026-10-17T15:15,2026-10-18T02:15,2026-10-18T06:15,563.7,1694.32,standard,accepted,0.078
LD04278,L093,L168,"Houston, TX","Jacksonville, FL",flatbed,building materials,31619,False,2026-10-17T13:15,2026-10-17T21:15,2026-10-18T21:15,2026-10-19T21:15,1012.7,2646.45,standard,tendered,0.015
LD04585,L188,L386,"Phoenix, AZ","Oklahoma City, OK",reefer,frozen food,40336,False,2026-10-17T13:15,2026-10-17T15:15,2026-10-18T19:15,2026-10-18T23:15,1000.4,3260.09,standard,tentative,0.038
LD04684,L075,L263,"Chicago, IL","Nashville, TN",dry_van,electronics,28250,False,2026-10-17T13:15,2026-10-17T15:15,2026-10-18T01:15,2026-10-18T13:15,521.4,1417.77,standard,tendered,0.012
LD04957,L423,L234,"St. Louis, MO","Phoenix, AZ",dry_van,auto parts,23847,False,2026-10-17T13:15,2026-10-17T15:15,2026-10-19T15:15,2026-10-19T19:15,1530.9,3899.01,high,tendered,0.101
LD00068,L403,L308,"Atlanta, GA","Chicago, IL",dry_van,beverages,18327,False,2026-10-17T13:30,2026-10-17T21:30,2026-10-18T14:30,2026-10-19T14:30,703.2,1871.65,high,tendered,0.15
LD00267,L085,L177,"Minneapolis, MN","Dallas, TX",dry_van,consumer goods,32488,True,2026-10-17T13:30,2026-10-17T21:30,2026-10-18T20:30,2026-10-19T08:30,1028.3,2698.52,standard,tentative,0.073
LD00713,L205,L257,"Oklahoma City, OK","Columbus, OH",dry_van,consumer goods,31534,False,2026-10-17T13:30,2026-10-17T19:30,2026-10-18T19:30,2026-10-19T01:30,1019.7,2779.71,standard,tendered,0.106
LD01023,L481,L205,"Little Rock, AR","Oklahoma City, OK",dry_van,auto parts,37470,False,2026-10-17T13:30,2026-10-17T19:30,2026-10-18T00:30,2026-10-18T08:30,381.5,1204.53,standard,tendered,0.013
LD02170,L307,L482,"Chicago, IL","Orlando, FL",dry_van,auto parts,31686,True,2026-10-17T13:30,2026-10-17T21:30,2026-10-18T23:30,2026-10-19T11:30,1181.7,3107.12,standard,accepted,0.041
LD02487,L059,L458,"Austin, TX","Houston, TX",dry_van,consumer goods,41876,False,2026-10-17T13:30,2026-10-17T15:30,2026-10-17T18:30,2026-10-18T02:30,160.0,613.09,standard,tendered,0.011
LD02709,L157,L195,"Dallas, TX","Little Rock, AR",dry_van,auto parts,20505,False,2026-10-17T13:30,2026-10-17T17:30,2026-10-17T22:30,2026-10-18T06:30,344.2,1117.83,standard,tendered,0.019
LD02802,L293,L363,"Dallas, TX","Houston, TX",dry_van,retail,24529,False,2026-10-17T13:30,2026-10-17T19:30,2026-10-17T20:30,2026-10-18T02:30,264.9,908.12,standard,accepted,0.073
LD03029,L373,L466,"Atlanta, GA","Nashville, TN",reefer,meat,27816,False,2026-10-17T13:30,2026-10-17T21:30,2026-10-17T20:30,2026-10-18T02:30,240.0,891.81,standard,tentative,0.052
LD03113,L115,L350,"Miami, FL","Dallas, TX",dry_van,electronics,20251,False,2026-10-17T13:30,2026-10-17T15:30,2026-10-19T12:30,2026-10-20T12:30,1343.7,3641.87,standard,tendered,0.106
LD03527,L388,L271,"Louisville, KY","Austin, TX",dry_van,consumer goods,12642,False,2026-10-17T13:30,2026-10-17T17:30,2026-10-18T20:30,2026-10-19T04:30,1087.3,2711.07,standard,accepted,0.028
LD03551,L277,L367,"Kansas City, MO","Atlanta, GA",dry_van,consumer goods,25849,False,2026-10-17T13:30,2026-10-17T15:30,2026-10-18T16:30,2026-10-18T20:30,814.5,1901.59,standard,accepted,0.077
LD03786,L070,L233,"Little Rock, AR","Miami, FL",dry_van,beverages,28563,False,2026-10-17T13:30,2026-10-17T17:30,2026-10-18T22:30,2026-10-19T02:30,1149.0,3091.32,standard,tendered,0.092
LD03912,L217,L266,"Charlotte, NC","Columbus, OH",dry_van,auto parts,29007,False,2026-10-17T13:30,2026-10-17T21:30,2026-10-18T00:30,2026-10-18T08:30,424.3,1155.12,high,tendered,0.219
LD04228,L165,L117,"Newark, NJ","Chicago, IL",reefer,meat,36146,False,2026-10-17T13:30,2026-10-17T21:30,2026-10-18T17:30,2026-10-19T01:30,849.5,2482.19,critical,tendered,0.097
LD04310,L129,L096,"New Orleans, LA","Chicago, IL",dry_van,paper products,28331,False,2026-10-17T13:30,2026-10-17T19:30,2026-10-18T19:30,2026-10-19T03:30,991.6,2540.84,standard,tendered,0.034
LD04467,L217,L394,"Charlotte, NC","Minneapolis, MN",dry_van,electronics,37003,False,2026-10-17T13:30,2026-10-17T19:30,2026-10-18T23:30,2026-10-19T23:30,1130.4,2984.68,standard,accepted,0.051
LD04694,L426,L183,"St. Louis, MO","Louisville, KY",dry_van,beverages,33419,False,2026-10-17T13:30,2026-10-17T15:30,2026-10-17T22:30,2026-10-18T06:30,309.4,941.84,standard,accepted,0.057
LD00292,L106,L350,"Chicago, IL","Dallas, TX",reefer,produce,33101,False,2026-10-17T13:45,2026-10-17T17:45,2026-10-18T18:45,2026-10-19T00:45,957.0,2763.89,standard,tentative,0.145
LD01020,L054,L108,"Austin, TX","Houston, TX",flatbed,steel,32799,False,2026-10-17T13:45,2026-10-17T15:45,2026-10-17T17:45,2026-10-17T21:45,162.2,712.84,standard,accepted,0.007
LD02072,L302,L226,"Phoenix, AZ","Columbus, OH",dry_van,electronics,22480,False,2026-10-17T13:45,2026-10-17T15:45,2026-10-20T10:45,2026-10-20T18:45,2016.6,5187.89,standard,accepted,0.216
LD02301,L156,L047,"Charlotte, NC","El Paso, TX",dry_van,electronics,31579,False,2026-10-17T13:45,2026-10-17T17:45,2026-10-19T19:45,2026-10-20T19:45,1795.8,4424.86,critical,tendered,0.001
LD02502,L397,L411,"Laredo, TX","Austin, TX",dry_van,auto parts,34840,False,2026-10-17T13:45,2026-10-17T15:45,2026-10-17T19:45,2026-10-18T01:45,268.2,924.62,high,tendered,0.064
LD02889,L262,L465,"Minneapolis, MN","Kansas City, MO",reefer,frozen food,27274,False,2026-10-17T13:45,2026-10-17T17:45,2026-10-18T00:45,2026-10-18T08:45,482.3,1695.74,standard,tendered,0.041
LD02932,L445,L322,"Los Angeles, CA","Kansas City, MO",reefer,produce,41003,False,2026-10-17T13:45,2026-10-17T15:45,2026-10-19T16:45,2026-10-20T00:45,1627.7,4195.28,standard,tendered,0.002
LD02983,L327,L328,"Atlanta, GA","Austin, TX",dry_van,auto parts,39629,False,2026-10-17T13:45,2026-10-17T15:45,2026-10-18T19:45,2026-10-18T23:45,1015.6,2277.99,high,tendered,0.099
LD03208,L108,L286,"Houston, TX","Detroit, MI",dry_van,beverages,31826,False,2026-10-17T13:45,2026-10-17T15:45,2026-10-19T12:45,2026-10-19T16:45,1336.2,3062.51,standard,tendered,0.181
LD03546,L413,L114,"Kansas City, MO","Dallas, TX",dry_van,consumer goods,30643,False,2026-10-17T13:45,2026-10-17T19:45,2026-10-18T01:45,2026-10-18T09:45,536.0,1640.91,high,accepted,0.006
LD03645,L070,L298,"Little Rock, AR","Harrisburg, PA",dry_van,electronics,34801,False,2026-10-17T13:45,2026-10-17T15:45,2026-10-18T22:45,2026-10-19T02:45,1137.1,2974.24,standard,tendered,0.03
LD03652,L463,L119,"Indianapolis, IN","New Orleans, LA",dry_van,paper products,19391,False,2026-10-17T13:45,2026-10-17T21:45,2026-10-18T17:45,2026-10-19T01:45,839.4,2196.69,standard,accepted,0.021
LD03724,L130,L338,"Memphis, TN","Dallas, TX",reefer,meat,38267,False,2026-10-17T13:45,2026-10-17T19:45,2026-10-18T01:45,2026-10-18T05:45,520.9,1617.21,standard,tendered,0.008
LD03733,L075,L156,"Chicago, IL","Charlotte, NC",dry_van,auto parts,42885,False,2026-10-17T13:45,2026-10-17T15:45,2026-10-18T14:45,2026-10-19T14:45,703.6,1675.16,standard,accepted,0.012
LD03853,L217,L479,"Charlotte, NC","San Antonio, TX",dry_van,consumer goods,9854,False,2026-10-17T13:45,2026-10-17T21:45,2026-10-19T13:45,2026-10-20T13:45,1322.3,3033.78,standard,accepted,0.168
LD03886,L205,L419,"Oklahoma City, OK","Charlotte, NC",dry_van,electronics,27322,False,2026-10-17T13:45,2026-10-17T15:45,2026-10-18T22:45,2026-10-19T02:45,1136.3,2700.9,standard,tendered,0.019
LD04128,L369,L393,"Columbus, OH","El Paso, TX",dry_van,auto parts,36787,False,2026-10-17T13:45,2026-10-17T21:45,2026-10-19T19:45,2026-10-19T23:45,1707.4,4288.06,standard,tendered,0.016
LD04298,L143,L303,"Chicago, IL","Oklahoma City, OK",reefer,meat,32508,False,2026-10-17T13:45,2026-10-17T15:45,2026-10-18T17:45,2026-10-19T01:45,810.9,2219.05,standard,accepted,0.01
LD04506,L269,L288,"Harrisburg, PA","Miami, FL",dry_van,paper products,19017,False,2026-10-17T13:45,2026-10-17T15:45,2026-10-19T12:45,2026-10-19T16:45,1244.2,2896.03,high,tendered,0.046
LD04754,L422,L296,"Phoenix, AZ","Louisville, KY",dry_van,auto parts,36882,False,2026-10-17T13:45,2026-10-17T17:45,2026-10-19T19:45,2026-10-20T07:45,1798.4,4434.69,standard,tentative,0.018
LD00866,L175,L213,"Dallas, TX","Jacksonville, FL",dry_van,beverages,26120,False,2026-10-17T14:00,2026-10-17T20:00,2026-10-18T22:00,2026-10-19T22:00,1095.8,2782.16,standard,accepted,0.045
LD00923,L220,L237,"Chicago, IL","Nashville, TN",dry_van,consumer goods,22378,False,2026-10-17T14:00,2026-10-17T16:00,2026-10-18T02:00,2026-10-18T06:00,499.6,1385.14,standard,accepted,0.14
LD03348,L459,L146,"Houston, TX","Detroit, MI",dry_van,consumer goods,32080,False,2026-10-17T14:00,2026-10-17T16:00,2026-10-19T12:00,2026-10-19T16:00,1290.2,3291.66,standard,accepted,0.004
LD03659,L173,L409,"Atlanta, GA","Columbus, OH",dry_van,electronics,23051,False,2026-10-17T14:00,2026-10-17T16:00,2026-10-18T02:00,2026-10-18T14:00,539.3,1366.02,critical,accepted,0.094
LD03979,L061,L439,"Charlotte, NC","Oklahoma City, OK",dry_van,consumer goods,40272,False,2026-10-17T14:00,2026-10-17T22:00,2026-10-18T23:00,2026-10-19T07:00,1144.1,2709.58,standard,accepted,0.025
LD04096,L463,L190,"Indianapolis, IN","Oklahoma City, OK",dry_van,beverages,24065,False,2026-10-17T14:00,2026-10-17T16:00,2026-10-18T18:00,2026-10-18T22:00,831.0,1897.04,standard,tendered,0.008
LD04283,L127,L176,"Indianapolis, IN","Denver, CO",dry_van,beverages,21038,False,2026-10-17T14:00,2026-10-17T20:00,2026-10-18T23:00,2026-10-19T07:00,1163.6,3016.96,critical,tendered,0.083
LD00030,L293,L226,"Dallas, TX","Columbus, OH",dry_van,beverages,38515,False,2026-10-17T14:15,2026-10-17T18:15,2026-10-18T22:15,2026-10-19T22:15,1098.4,2732.93,standard,tendered,0.05
LD00255,L145,L334,"Newark, NJ","Chicago, IL",dry_van,beverages,18088,False,2026-10-17T14:15,2026-10-17T18:15,2026-10-18T18:15,2026-10-19T00:15,875.3,2022.06,standard,tentative,0.1
LD00467,L311,L096,"Los Angeles, CA","Chicago, IL",flatbed,pipe,37149,False,2026-10-17T14:15,2026-10-17T20:15,2026-10-20T12:15,2026-10-21T12:15,2091.9,5758.97,standard,tentative,0.054
LD01188,L491,L295,"Minneapolis, MN","New Orleans, LA",dry_van,retail,17572,False,2026-10-17T14:15,2026-10-17T18:15,2026-10-19T10:15,2026-10-20T10:15,1256.4,2922.36,standard,tendered,0.138
LD01377,L196,L296,"Indianapolis, IN","Louisville, KY",dry_van,paper products,40496,False,2026-10-17T14:15,2026-10-17T16:15,2026-10-17T18:15,2026-10-18T18:15,127.0,541.94,standard,tendered,0.025
LD01539,L062,L160,"Laredo, TX","San Antonio, TX",dry_van,auto parts,38328,False,2026-10-17T14:15,2026-10-17T18:15,2026-10-17T21:15,2026-10-18T03:15,182.2,732.46,standard,tendered,0.001
LD01787,L281,L349,"Dallas, TX","Charlotte, NC",reefer,dairy,18447,False,2026-10-17T14:15,2026-10-17T16:15,2026-10-18T22:15,2026-10-19T06:15,1131.0,3182.16,standard,accepted,0.039
LD02553,L127,L411,"Indianapolis, IN","Austin, TX",dry_van,consumer goods,12828,False,2026-10-17T14:15,2026-10-17T22:15,2026-10-18T22:15,2026-10-19T10:15,1084.2,2849.31,high,tendered,0.052
LD02621,L307,L249,"Chicago, IL","Little Rock, AR",dry_van,beverages,41513,False,2026-10-17T14:15,2026-10-17T22:15,2026-10-18T14:15,2026-10-18T20:15,664.6,1676.93,standard,accepted,0.124
LD02799,L055,L361,"Louisville, KY","Little Rock, AR",dry_van,consumer goods,28658,False,2026-10-17T14:15,2026-10-17T18:15,2026-10-18T02:15,2026-10-18T10:15,532.3,1552.8,standard,accepted,0.097
LD03429,L489,L091,"Atlanta, GA","Columbus, OH",reefer,meat,38836,False,2026-10-17T14:15,2026-10-17T20:15,2026-10-18T04:15,2026-10-19T04:15,562.7,1819.49,standard,tendered,0.119
LD04027,L463,L226,"Indianapolis, IN","Columbus, OH",dry_van,consumer goods,32523,False,2026-10-17T14:15,2026-10-17T20:15,2026-10-17T21:15,2026-10-18T21:15,217.3,710.09,standard,tendered,0.119
LD04515,L310,L162,"El Paso, TX","Memphis, TN",dry_van,paper products,26797,False,2026-10-17T14:15,2026-10-17T22:15,2026-10-18T23:15,2026-10-19T23:15,1145.5,2765.74,standard,tendered,0.013
LD00216,L152,L306,"Memphis, TN","Dallas, TX",dry_van,consumer goods,26481,False,2026-10-17T14:30,2026-10-17T16:30,2026-10-18T01:30,2026-10-18T07:30,525.2,1554.09,standard,tendered,0.005
LD00685,L388,L424,"Louisville, KY","Austin, TX",dry_van,retail,35138,False,2026-10-17T14:30,2026-10-17T22:30,2026-10-18T21:30,2026-10-19T03:30,1108.6,2626.09,standard,accepted,0.066
LD00879,L315,L426,"Harrisburg, PA","St. Louis, MO",dry_van,consumer goods,30626,False,2026-10-17T14:30,2026-10-17T16:30,2026-10-18T18:30,2026-10-19T00:30,849.0,2020.85,standard,tendered,0.184
LD02011,L406,L440,"Oklahoma City, OK","Memphis, TN",dry_van,beverages,15394,False,2026-10-17T14:30,2026-10-17T20:30,2026-10-18T01:30,2026-10-18T05:30,501.0,1282.95,high,accepted,0.085
LD02018,L075,L210,"Chicago, IL","Detroit, MI",dry_van,auto parts,32016,False,2026-10-17T14:30,2026-10-17T16:30,2026-10-17T22:30,2026-10-18T06:30,290.6,1009.49,critical,tendered,0.034
LD02569,L148,L354,"Houston, TX","San Antonio, TX",dry_van,retail,24674,False,2026-10-17T14:30,2026-10-17T16:30,2026-10-17T21:30,2026-10-18T05:30,228.8,832.4,critical,tendered,0.055
LD03108,L099,L168,"Dallas, TX","Jacksonville, FL",dry_van,auto parts,29016,False,2026-10-17T14:30,2026-10-17T16:30,2026-10-18T22:30,2026-10-19T06:30,1094.7,2434.93,high,accepted,0.175
LD03472,L444,L176,"Phoenix, AZ","Denver, CO",dry_van,paper products,13824,False,2026-10-17T14:30,2026-10-17T20:30,2026-10-18T15:30,2026-10-18T23:30,691.3,2126.38,standard,tendered,0.038
LD03499,L319,L368,"Chicago, IL","Oklahoma City, OK",dry_van,auto parts,37064,False,2026-10-17T14:30,2026-10-17T16:30,2026-10-18T17:30,2026-10-19T05:30,847.2,2024.97,high,tendered,0.096
LD03561,L406,L351,"Oklahoma City, OK","Chicago, IL",dry_van,consumer goods,37960,False,2026-10-17T14:30,2026-10-17T22:30,2026-10-18T18:30,2026-10-19T06:30,865.4,2311.44,standard,tendered,0.002
LD03790,L176,L267,"Denver, CO","Indianapolis, IN",dry_van,paper products,37569,False,2026-10-17T14:30,2026-10-17T20:30,2026-10-19T01:30,2026-10-19T13:30,1186.5,3292.94,standard,tendered,0.131
LD03862,L441,L466,"Columbus, OH","Nashville, TN",dry_van,consumer goods,43335,False,2026-10-17T14:30,2026-10-17T16:30,2026-10-17T23:30,2026-10-18T07:30,400.3,1112.7,standard,tendered,0.046
LD04602,L101,L423,"Birmingham, AL","St. Louis, MO",dry_van,electronics,39948,False,2026-10-17T14:30,2026-10-17T22:30,2026-10-18T01:30,2026-10-18T05:30,457.6,1385.89,standard,accepted,0.092
LD04686,L292,L361,"Houston, TX","Little Rock, AR",dry_van,consumer goods,29180,False,2026-10-17T14:30,2026-10-17T20:30,2026-10-18T02:30,2026-10-18T06:30,480.1,1421.36,standard,accepted,0.029
LD04970,L055,L256,"Louisville, KY","Harrisburg, PA",dry_van,retail,16259,False,2026-10-17T14:30,2026-10-17T20:30,2026-10-18T03:30,2026-10-18T15:30,588.8,1488.69,standard,tentative,0.171
LD00182,L162,L285,"Memphis, TN","Indianapolis, IN",reefer,meat,38841,False,2026-10-17T14:45,2026-10-17T22:45,2026-10-18T02:45,2026-10-18T06:45,503.2,1625.38,standard,tendered,0.099
LD01029,L355,L413,"Houston, TX","Kansas City, MO",dry_van,beverages,35729,False,2026-10-17T14:45,2026-10-17T18:45,2026-10-18T16:45,2026-10-19T00:45,775.8,2207.36,standard,accepted,0.037
LD01081,L205,L339,"Oklahoma City, OK","Denver, CO",dry_van,auto parts,34541,False,2026-10-17T14:45,2026-10-17T22:45,2026-10-18T03:45,2026-10-18T11:45,600.9,1536.42,standard,tendered,0.017
LD01299,L269,L161,"Harrisburg, PA","Nashville, TN",dry_van,paper products,25406,False,2026-10-17T14:45,2026-10-17T22:45,2026-10-18T18:45,2026-10-19T06:45,744.1,2075.29,high,accepted,0.071
LD02127,L149,L107,"Jacksonville, FL","Chicago, IL",dry_van,beverages,33854,False,2026-10-17T14:45,2026-10-17T16:45,2026-10-18T20:45,2026-10-19T00:45,1024.7,2327.46,standard,tendered,0.134
LD02227,L176,L160,"Denver, CO","San Antonio, TX",dry_van,auto parts,20974,False,2026-10-17T14:45,2026-10-17T16:45,2026-10-18T20:45,2026-10-19T20:45,946.8,2403.97,standard,tendered,0.046
LD02300,L369,L308,"Columbus, OH","Chicago, IL",dry_van,retail,38261,False,2026-10-17T14:45,2026-10-17T22:45,2026-10-17T23:45,2026-10-18T05:45,309.2,1056.75,standard,accepted,0.116
LD02891,L449,L043,"Indianapolis, IN","Chicago, IL",dry_van,retail,32339,False,2026-10-17T14:45,2026-10-17T16:45,2026-10-17T20:45,2026-10-18T20:45,210.0,760.58,standard,tendered,0.165
LD03104,L173,L063,"Atlanta, GA","San Antonio, TX",dry_van,auto parts,28976,False,2026-10-17T14:45,2026-10-17T18:45,2026-10-18T22:45,2026-10-19T10:45,1073.5,2517.81,standard,accepted,0.046
LD03252,L297,L162,"Jacksonville, FL","Memphis, TN",dry_van,electronics,17472,False,2026-10-17T14:45,2026-10-17T20:45,2026-10-18T16:45,2026-10-19T00:45,725.6,1923.23,standard,accepted,0.024
LD03488,L372,L194,"Dallas, TX","Los Angeles, CA",reefer,dairy,36062,False,2026-10-17T14:45,2026-10-17T16:45,2026-10-19T16:45,2026-10-19T22:45,1542.1,4655.68,standard,tendered,0.076
LD03663,L452,L295,"Chicago, IL","New Orleans, LA",reefer,meat,32828,False,2026-10-17T14:45,2026-10-17T22:45,2026-10-18T20:45,2026-10-19T00:45,1002.2,2913.58,standard,accepted,0.013
LD04317,L162,L288,"Memphis, TN","Miami, FL",reefer,produce,39968,False,2026-10-17T14:45,2026-10-17T18:45,2026-10-18T22:45,2026-10-19T04:45,1052.5,3108.23,high,tentative,0.075
LD04439,L441,L404,"Columbus, OH","Kansas City, MO",dry_van,paper products,21162,False,2026-10-17T14:45,2026-10-17T18:45,2026-10-18T15:45,2026-10-19T03:45,749.7,2029.91,standard,accepted,0.045
LD00293,L274,L089,"St. Louis, MO","New Orleans, LA",dry_van,auto parts,39881,False,2026-10-17T15:00,2026-10-17T23:00,2026-10-18T16:00,2026-10-18T22:00,676.9,1595.06,high,accepted,0.009
LD00468,L406,L046,"Oklahoma City, OK","Louisville, KY",dry_van,beverages,37331,False,2026-10-17T15:00,2026-10-17T17:00,2026-10-18T18:00,2026-10-19T00:00,822.6,2251.81,standard,accepted,0.056
LD01472,L176,L484,"Denver, CO","Indianapolis, IN",flatbed,building materials,40576,False,2026-10-17T15:00,2026-10-17T17:00,2026-10-19T02:00,2026-10-19T08:00,1196.1,3300.65,standard,tendered,0.034
LD01578,L315,L356,"Harrisburg, PA","New Orleans, LA",dry_van,retail,8686,False,2026-10-17T15:00,2026-10-17T23:00,2026-10-19T12:00,2026-10-20T00:00,1223.5,2937.23,standard,tendered,0.08
LD01833,L134,L201,"Denver, CO","Dallas, TX",reefer,meat,31825,False,2026-10-17T15:00,2026-10-17T23:00,2026-10-18T20:00,2026-10-19T00:00,862.7,2741.89,standard,accepted,0.011
LD01862,L317,L128,"Little Rock, AR","Miami, FL",dry_van,consumer goods,24826,False,2026-10-17T15:00,2026-10-17T19:00,2026-10-19T00:00,2026-10-19T08:00,1120.9,2926.72,standard,tendered,0.117
LD02267,L122,L499,"Chicago, IL","Dallas, TX",dry_van,paper products,30547,False,2026-10-17T15:00,2026-10-17T19:00,2026-10-18T21:00,2026-10-19T21:00,973.6,2634.55,standard,tendered,0.033
LD02859,L426,L207,"St. Louis, MO","Birmingham, AL",dry_van,retail,39425,False,2026-10-17T15:00,2026-10-17T17:00,2026-10-18T04:00,2026-10-18T08:00,504.9,1536.72,standard,accepted,0.175
LD03444,L262,L342,"Minneapolis, MN","Chicago, IL",reefer,dairy,30272,False,2026-10-17T15:00,2026-10-17T17:00,2026-10-18T01:00,2026-10-18T05:00,435.4,1468.37,standard,tendered,0.05
LD04695,L043,L187,"Chicago, IL","Oklahoma City, OK",reefer,meat,26879,False,2026-10-17T15:00,2026-10-17T17:00,2026-10-18T19:00,2026-10-19T01:00,836.8,2592.45,standard,accepted,0.061
LD00013,L324,L404,"Houston, TX","Kansas City, MO",reefer,produce,25378,False,2026-10-17T15:15,2026-10-17T17:15,2026-10-18T16:15,2026-10-18T22:15,755.3,2332.79,standard,tendered,0.012
LD00488,L463,L403,"Indianapolis, IN","Atlanta, GA",dry_van,paper products,32636,False,2026-10-17T15:15,2026-10-17T17:15,2026-10-18T03:15,2026-10-19T03:15,503.1,1529.97,standard,tendered,0.081
LD01261,L419,L184,"Charlotte, NC","Newark, NJ",flatbed,building materials,30719,False,2026-10-17T15:15,2026-10-17T19:15,2026-10-18T16:15,2026-10-19T16:15,618.8,1665.34,standard,tendered,0.064
LD02169,L141,L091,"Oklahoma City, OK","Columbus, OH",reefer,produce,27219,False,2026-10-17T15:15,2026-10-17T23:15,2026-10-18T22:15,2026-10-19T06:15,1006.8,3164.69,high,accepted,0.016
LD02731,L459,L434,"Houston, TX","Jacksonville, FL",flatbed,lumber,36466,False,2026-10-17T15:15,2026-10-17T17:15,2026-10-18T22:15,2026-10-19T04:15,976.9,2692.52,standard,tendered,0.081
LD03214,L062,L216,"Laredo, TX","San Antonio, TX",dry_van,retail,29580,False,2026-10-17T15:15,2026-10-17T21:15,2026-10-17T21:15,2026-10-18T21:15,151.9,613.1,standard,tentative,0.006
LD04454,L265,L339,"Harrisburg, PA","Denver, CO",dry_van,retail,23217,False,2026-10-17T15:15,2026-10-17T19:15,2026-10-19T21:15,2026-10-20T09:15,1789.3,3848.18,standard,accepted,0.019
LD04455,L141,L096,"Oklahoma City, OK","Chicago, IL",dry_van,electronics,36293,False,2026-10-17T15:15,2026-10-17T19:15,2026-10-18T18:15,2026-10-19T02:15,784.3,2223.04,standard,tendered,0.005
LD04711,L449,L217,"Indianapolis, IN","Charlotte, NC",dry_van,auto parts,37699,False,2026-10-17T15:15,2026-10-17T19:15,2026-10-18T02:15,2026-10-19T02:15,516.0,1338.42,critical,accepted,0.063
LD04922,L352,L176,"Chicago, IL","Denver, CO",reefer,produce,20722,True,2026-10-17T15:15,2026-10-17T17:15,2026-10-19T00:15,2026-10-20T00:15,1086.5,3307.46,standard,accepted,0.022
LD00287,L463,L466,"Indianapolis, IN","Nashville, TN",dry_van,beverages,30262,False,2026-10-17T15:30,2026-10-17T17:30,2026-10-18T00:30,2026-10-18T12:30,300.9,1040.87,standard,accepted,0.072
LD01519,L419,L125,"Charlotte, NC","Dallas, TX",reefer,frozen food,32228,False,2026-10-17T15:30,2026-10-17T21:30,2026-10-19T01:30,2026-10-19T13:30,1117.7,2980.58,standard,accepted,0.092
LD02111,L496,L432,"Jacksonville, FL","Miami, FL",dry_van,paper products,37812,False,2026-10-17T15:30,2026-10-17T17:30,2026-10-18T00:30,2026-10-18T06:30,423.8,1325.67,critical,tendered,0.062
LD02172,L055,L439,"Louisville, KY","Oklahoma City, OK",dry_van,consumer goods,26058,False,2026-10-17T15:30,2026-10-17T17:30,2026-10-18T18:30,2026-10-19T00:30,821.5,2168.07,standard,accepted,0.024
LD02338,L317,L095,"Little Rock, AR","Newark, NJ",flatbed,steel,41141,False,2026-10-17T15:30,2026-10-17T17:30,2026-10-19T13:30,2026-10-19T17:30,1277.3,3138.04,standard,accepted,0.01
LD02743,L413,L156,"Kansas City, MO","Charlotte, NC",dry_van,auto parts,35254,False,2026-10-17T15:30,2026-10-17T23:30,2026-10-18T21:30,2026-10-19T01:30,977.0,2386.7,standard,tendered,0.013
LD02775,L112,L184,"Columbus, OH","Newark, NJ",dry_van,paper products,44639,False,2026-10-17T15:30,2026-10-17T17:30,2026-10-18T04:30,2026-10-18T16:30,555.6,1390.59,standard,accepted,0.179
LD02824,L083,L424,"Indianapolis, IN","Austin, TX",dry_van,auto parts,18077,False,2026-10-17T15:30,2026-10-17T21:30,2026-10-19T01:30,2026-10-19T07:30,1158.6,2721.45,high,tendered,0.003
LD03241,L043,L298,"Chicago, IL","Harrisburg, PA",dry_van,auto parts,26925,False,2026-10-17T15:30,2026-10-17T19:30,2026-10-18T17:30,2026-10-19T17:30,719.2,1682.33,high,accepted,0.035
LD03628,L062,L122,"Laredo, TX","Chicago, IL",dry_van,electronics,26162,False,2026-10-17T15:30,2026-10-17T23:30,2026-10-19T17:30,2026-10-20T05:30,1449.1,3241.12,standard,tendered,0.037
LD03688,L453,L105,"Houston, TX","Kansas City, MO",dry_van,consumer goods,28214,False,2026-10-17T15:30,2026-10-17T17:30,2026-10-18T16:30,2026-10-18T22:30,763.7,2111.87,standard,tendered,0.016
LD04002,L454,L409,"Houston, TX","Columbus, OH",dry_van,paper products,18832,False,2026-10-17T15:30,2026-10-17T23:30,2026-10-19T01:30,2026-10-19T07:30,1204.6,2718.52,standard,tendered,0.013
LD04344,L459,L125,"Houston, TX","Dallas, TX",dry_van,beverages,30397,False,2026-10-17T15:30,2026-10-17T19:30,2026-10-18T00:30,2026-10-18T06:30,307.1,973.85,standard,tendered,0.06
LD04459,L281,L399,"Dallas, TX","Minneapolis, MN",dry_van,electronics,37833,False,2026-10-17T15:30,2026-10-17T17:30,2026-10-18T21:30,2026-10-19T21:30,1026.2,2300.26,standard,tendered,0.005
LD04639,L478,L121,"Little Rock, AR","Dallas, TX",dry_van,paper products,38231,False,2026-10-17T15:30,2026-10-17T23:30,2026-10-17T23:30,2026-10-18T03:30,333.6,1112.58,standard,tendered,0.008
LD01185,L339,L440,"Denver, CO","Memphis, TN",dry_van,electronics,32025,False,2026-10-17T15:45,2026-10-17T17:45,2026-10-18T23:45,2026-10-19T07:45,1048.7,3262.92,standard,tendered,0.012
LD01961,L485,L436,"Nashville, TN","Minneapolis, MN",dry_van,auto parts,29237,False,2026-10-17T15:45,2026-10-17T17:45,2026-10-18T19:45,2026-10-19T03:45,807.4,1962.62,standard,tendered,0.218
LD02114,L453,L152,"Houston, TX","Memphis, TN",dry_van,retail,42817,False,2026-10-17T15:45,2026-10-17T21:45,2026-10-18T03:45,2026-10-18T09:45,580.0,1656.24,standard,tendered,0.004
LD02326,L397,L164,"Laredo, TX","San Antonio, TX",dry_van,auto parts,43198,False,2026-10-17T15:45,2026-10-17T21:45,2026-10-17T20:45,2026-10-18T02:45,185.4,640.64,high,tendered,0.019
LD02843,L374,L167,"Newark, NJ","Little Rock, AR",dry_van,consumer goods,35140,False,2026-10-17T15:45,2026-10-17T21:45,2026-10-19T13:45,2026-10-20T13:45,1325.4,3439.44,standard,tendered,0.289
LD03980,L409,L078,"Columbus, OH","Louisville, KY",dry_van,auto parts,32135,False,2026-10-17T15:45,2026-10-17T17:45,2026-10-17T21:45,2026-10-18T03:45,234.0,895.63,standard,tentative,0.047
LD04304,L250,L318,"Chicago, IL","Memphis, TN",dry_van,electronics,29496,False,2026-10-17T15:45,2026-10-17T17:45,2026-10-18T04:45,2026-10-19T04:45,595.3,1770.36,standard,accepted,0.014
LD00369,L093,L308,"Houston, TX","Chicago, IL",dry_van,retail,24974,False,2026-10-17T16:00,2026-10-18T00:00,2026-10-19T03:00,2026-10-19T11:00,1203.9,3138.73,standard,tendered,0.087
LD00543,L274,L206,"St. Louis, MO","Oklahoma City, OK",dry_van,consumer goods,39779,False,2026-10-17T16:00,2026-10-18T00:00,2026-10-18T04:00,2026-10-18T12:00,537.2,1388.17,standard,tendered,0.106
LD00641,L397,L370,"Laredo, TX","Orlando, FL",dry_van,consumer goods,26506,False,2026-10-17T16:00,2026-10-17T18:00,2026-10-19T13:00,2026-10-19T19:00,1305.2,3075.95,standard,accepted,0.038
LD01842,L311,L310,"Los Angeles, CA","El Paso, TX",dry_van,electronics,30079,False,2026-10-17T16:00,2026-10-18T00:00,2026-10-18T20:00,2026-10-19T04:00,867.4,2311.22,high,accepted,0.027
LD01917,L265,L354,"Harrisburg, PA","San Antonio, TX",dry_van,beverages,35154,False,2026-10-17T16:00,2026-10-17T18:00,2026-10-19T21:00,2026-10-20T01:00,1746.1,3782.69,standard,tendered,0.039
LD02548,L200,L480,"Miami, FL","Birmingham, AL",reefer,dairy,38003,False,2026-10-17T16:00,2026-10-17T18:00,2026-10-18T19:00,2026-10-18T23:00,816.1,2809.45,standard,tentative,0.031
LD02919,L426,L371,"St. Louis, MO","Chicago, IL",dry_van,beverages,38297,False,2026-10-17T16:00,2026-10-17T18:00,2026-10-18T01:00,2026-10-18T13:00,310.2,969.59,standard,tendered,0.093
LD02960,L101,L147,"Birmingham, AL","Columbus, OH",dry_van,retail,31551,False,2026-10-17T16:00,2026-10-18T00:00,2026-10-18T05:00,2026-10-18T17:00,543.3,1602.4,standard,tendered,0.079
LD03122,L355,L124,"Houston, TX","Detroit, MI",dry_van,retail,38925,False,2026-10-17T16:00,2026-10-17T22:00,2026-10-19T14:00,2026-10-20T14:00,1312.7,3335.77,standard,accepted,0.021
LD04524,L262,L140,"Minneapolis, MN","Kansas City, MO",dry_van,beverages,37401,False,2026-10-17T16:00,2026-10-17T22:00,2026-10-18T03:00,2026-10-19T03:00,476.5,1462.35,standard,tendered,0.057
LD04682,L213,L273,"Jacksonville, FL","Newark, NJ",dry_van,auto parts,30644,False,2026-10-17T16:00,2026-10-18T00:00,2026-10-18T22:00,2026-10-19T02:00,995.3,2262.95,standard,accepted,0.078
LD04764,L062,L247,"Laredo, TX","Jacksonville, FL",dry_van,paper products,38954,False,2026-10-17T16:00,2026-10-18T00:00,2026-10-19T15:00,2026-10-19T19:00,1294.0,2967.24,standard,tendered,0.124
LD00006,L224,L044,"Columbus, OH","Dallas, TX",dry_van,electronics,22183,False,2026-10-17T16:15,2026-10-18T00:15,2026-10-19T01:15,2026-10-19T13:15,1102.4,2431.13,standard,tentative,0.082
LD00443,L175,L424,"Dallas, TX","Austin, TX",dry_van,beverages,35197,False,2026-10-17T16:15,2026-10-17T22:15,2026-10-17T23:15,2026-10-18T07:15,258.6,829.75,standard,tendered,0.03
LD01517,L116,L279,"Charlotte, NC","Columbus, OH",dry_van,auto parts,37038,False,2026-10-17T16:15,2026-10-17T18:15,2026-10-18T02:15,2026-10-19T02:15,387.3,1256.65,standard,tendered,0.01
LD01586,L137,L284,"Jacksonville, FL","Atlanta, GA",dry_van,electronics,34620,False,2026-10-17T16:15,2026-10-17T22:15,2026-10-18T00:15,2026-10-18T06:15,348.7,1113.99,standard,accepted,0.042
LD02274,L352,L431,"Chicago, IL","Laredo, TX",dry_van,retail,19311,False,2026-10-17T16:15,2026-10-17T18:15,2026-10-19T17:15,2026-10-20T05:15,1411.9,2987.63,standard,tendered,0.056
LD02554,L154,L134,"Laredo, TX","Denver, CO",dry_van,electronics,32535,False,2026-10-17T16:15,2026-10-18T00:15,2026-10-19T00:15,2026-10-19T12:15,1125.8,2544.11,standard,tendered,0.074
LD02964,L045,L339,"Oklahoma City, OK","Denver, CO",dry_van,auto parts,36700,True,2026-10-17T16:15,2026-10-17T18:15,2026-10-18T07:15,2026-10-18T11:15,599.4,1682.1,high,tendered,0.028
LD04280,L055,L286,"Louisville, KY","Detroit, MI",reefer,frozen food,37049,False,2026-10-17T16:15,2026-10-17T18:15,2026-10-18T01:15,2026-10-18T13:15,351.1,1160.44,standard,tendered,0.077
LD04434,L387,L046,"Chicago, IL","Louisville, KY",dry_van,electronics,26617,False,2026-10-17T16:15,2026-10-17T18:15,2026-10-18T00:15,2026-10-18T06:15,350.7,1039.53,standard,tendered,0.133
LD04642,L141,L248,"Oklahoma City, OK","Laredo, TX",dry_van,consumer goods,40740,False,2026-10-17T16:15,2026-10-17T20:15,2026-10-18T18:15,2026-10-18T22:15,705.1,1756.93,standard,tentative,0.017
LD04789,L388,L144,"Louisville, KY","San Antonio, TX",dry_van,auto parts,19475,False,2026-10-17T16:15,2026-10-17T18:15,2026-10-19T01:15,2026-10-19T13:15,1193.5,3032.68,critical,accepted,0.024
LD00159,L496,L240,"Jacksonville, FL","Harrisburg, PA",dry_van,retail,38728,False,2026-10-17T16:30,2026-10-17T20:30,2026-10-18T19:30,2026-10-19T01:30,849.9,2343.29,standard,tendered,0.058
LD00670,L067,L303,"Houston, TX","Oklahoma City, OK",dry_van,beverages,32797,False,2026-10-17T16:30,2026-10-17T18:30,2026-10-18T04:30,2026-10-18T10:30,478.9,1499.6,high,accepted,0.07
LD00796,L183,L361,"Louisville, KY","Little Rock, AR",dry_van,beverages,21610,False,2026-10-17T16:30,2026-10-17T18:30,2026-10-18T04:30,2026-10-18T16:30,544.4,1569.0,high,tendered,0.179
LD01302,L352,L084,"Chicago, IL","St. Louis, MO",dry_van,auto parts,24203,False,2026-10-17T16:30,2026-10-17T18:30,2026-10-18T00:30,2026-10-18T12:30,279.2,951.86,high,tentative,0.043
LD01512,L292,L043,"Houston, TX","Chicago, IL",dry_van,auto parts,32474,False,2026-10-17T16:30,2026-10-17T20:30,2026-10-19T02:30,2026-10-19T08:30,1143.1,2784.11,critical,accepted,0.101
LD01646,L480,L180,"Birmingham, AL","New Orleans, LA",dry_van,consumer goods,31691,False,2026-10-17T16:30,2026-10-18T00:30,2026-10-18T01:30,2026-10-19T01:30,414.5,1147.83,standard,accepted,0.07
LD02282,L086,L206,"Memphis, TN","Oklahoma City, OK",dry_van,retail,38555,False,2026-10-17T16:30,2026-10-17T20:30,2026-10-18T02:30,2026-10-18T08:30,475.5,1461.38,standard,tendered,0.008
LD02299,L242,L252,"Little Rock, AR","Columbus, OH",dry_van,auto parts,39757,False,2026-10-17T16:30,2026-10-17T20:30,2026-10-18T18:30,2026-10-19T06:30,764.1,2149.79,standard,tendered,0.008
LD02910,L141,L105,"Oklahoma City, OK","Kansas City, MO",reefer,produce,22239,False,2026-10-17T16:30,2026-10-17T22:30,2026-10-18T01:30,2026-10-18T13:30,321.7,1055.72,standard,accepted,0.03
LD03148,L150,L181,"Columbus, OH","Harrisburg, PA",dry_van,auto parts,28452,False,2026-10-17T16:30,2026-10-17T22:30,2026-10-18T01:30,2026-10-19T01:30,372.9,1174.85,standard,tendered,0.05
LD03400,L145,L052,"Newark, NJ","Atlanta, GA",dry_van,electronics,20765,False,2026-10-17T16:30,2026-10-17T22:30,2026-10-18T20:30,2026-10-19T00:30,889.2,2017.66,standard,tendered,0.016
LD03437,L172,L477,"New Orleans, LA","Miami, FL",dry_van,beverages,35259,False,2026-10-17T16:30,2026-10-17T18:30,2026-10-18T19:30,2026-10-19T01:30,778.6,1973.98,standard,accepted,0.014
LD03506,L397,L176,"Laredo, TX","Denver, CO",reefer,dairy,16435,False,2026-10-17T16:30,2026-10-17T20:30,2026-10-18T23:30,2026-10-19T23:30,1067.4,3178.83,standard,accepted,0.043
LD04174,L388,L491,"Louisville, KY","Minneapolis, MN",dry_van,retail,16657,False,2026-10-17T16:30,2026-10-17T20:30,2026-10-18T16:30,2026-10-18T20:30,724.2,1986.53,standard,tendered,0.053
LD04325,L154,L237,"Laredo, TX","Nashville, TN",dry_van,electronics,24533,False,2026-10-17T16:30,2026-10-17T18:30,2026-10-19T00:30,2026-10-19T12:30,1128.1,2556.48,standard,accepted,0.092
LD04905,L369,L363,"Columbus, OH","Houston, TX",dry_van,retail,33426,False,2026-10-17T16:30,2026-10-17T18:30,2026-10-19T02:30,2026-10-19T10:30,1169.2,2561.71,standard,accepted,0.077
LD00308,L118,L306,"Houston, TX","Dallas, TX",dry_van,auto parts,19330,False,2026-10-17T16:45,2026-10-17T18:45,2026-10-18T00:45,2026-10-18T08:45,315.3,920.43,standard,tendered,0.012
LD02266,L398,L246,"Jacksonville, FL","Columbus, OH",reefer,dairy,34614,False,2026-10-17T16:45,2026-10-18T00:45,2026-10-18T20:45,2026-10-19T00:45,816.9,2201.44,high,tendered,0.105
LD02488,L175,L477,"Dallas, TX","Miami, FL",dry_van,auto parts,27900,False,2026-10-17T16:45,2026-10-17T20:45,2026-10-19T14:45,2026-10-19T22:45,1318.0,3445.69,standard,accepted,0.016
LD03431,L123,L140,"Los Angeles, CA","Kansas City, MO",dry_van,retail,42070,False,2026-10-17T16:45,2026-10-17T18:45,2026-10-19T20:45,2026-10-20T04:45,1645.3,3927.2,standard,accepted,0.116
LD03885,L445,L309,"Los Angeles, CA","Phoenix, AZ",dry_van,retail,30484,False,2026-10-17T16:45,2026-10-17T18:45,2026-10-18T01:45,2026-10-19T01:45,418.0,1228.76,standard,tendered,0.01
LD04018,L122,L446,"Chicago, IL","Charlotte, NC",reefer,meat,31611,False,2026-10-17T16:45,2026-10-17T22:45,2026-10-18T17:45,2026-10-19T05:45,709.9,2131.35,standard,tentative,0.066
LD04320,L122,L174,"Chicago, IL","Indianapolis, IN",dry_van,consumer goods,23194,False,2026-10-17T16:45,2026-10-17T18:45,2026-10-17T22:45,2026-10-18T02:45,216.3,715.88,standard,accepted,0.043
LD04608,L250,L304,"Chicago, IL","New Orleans, LA",dry_van,electronics,38027,False,2026-10-17T16:45,2026-10-18T00:45,2026-10-18T22:45,2026-10-19T22:45,995.3,2416.49,standard,tendered,0.115
LD04697,L172,L497,"New Orleans, LA","Memphis, TN",flatbed,pipe,26237,False,2026-10-17T16:45,2026-10-18T00:45,2026-10-18T02:45,2026-10-18T08:45,401.9,1455.53,critical,tendered,0.033
LD01613,L369,L485,"Columbus, OH","Nashville, TN",dry_van,retail,41259,False,2026-10-17T17:00,2026-10-17T21:00,2026-10-18T03:00,2026-10-18T07:00,376.0,1165.74,standard,tendered,0.005
LD01631,L445,L134,"Los Angeles, CA","Denver, CO",dry_van,consumer goods,27742,False,2026-10-17T17:00,2026-10-17T23:00,2026-10-18T23:00,2026-10-19T07:00,998.8,2539.32,standard,accepted,0.026
LD03131,L454,L183,"Houston, TX","Louisville, KY",reefer,dairy,28241,False,2026-10-17T17:00,2026-10-17T23:00,2026-10-18T23:00,2026-10-19T03:00,994.3,3072.53,high,tendered,0.058
LD04031,L116,L308,"Charlotte, NC","Chicago, IL",dry_van,retail,24867,False,2026-10-17T17:00,2026-10-17T19:00,2026-10-18T18:00,2026-10-19T02:00,665.3,1942.56,standard,tendered,0.034
LD00106,L100,L048,"Charlotte, NC","Newark, NJ",reefer,pharmaceuticals,41224,False,2026-10-17T17:15,2026-10-17T23:15,2026-10-18T17:15,2026-10-19T05:15,673.6,2271.62,standard,accepted,0.027
LD00421,L067,L115,"Houston, TX","Miami, FL",reefer,meat,18827,False,2026-10-17T17:15,2026-10-17T19:15,2026-10-19T04:15,2026-10-19T16:15,1167.8,3486.24,high,tendered,0.037
LD00479,L116,L320,"Charlotte, NC","Atlanta, GA",dry_van,auto parts,27816,False,2026-10-17T17:15,2026-10-17T19:15,2026-10-18T01:15,2026-10-18T07:15,278.1,1004.41,standard,tendered,0.033
LD02693,L321,L373,"Miami, FL","Atlanta, GA",dry_van,retail,38346,False,2026-10-17T17:15,2026-10-17T19:15,2026-10-18T18:15,2026-10-19T02:15,709.9,2046.45,standard,accepted,0.139
LD03217,L262,L229,"Minneapolis, MN","Denver, CO",dry_van,consumer goods,28136,False,2026-10-17T17:15,2026-10-17T21:15,2026-10-18T19:15,2026-10-19T19:15,804.6,1931.79,standard,accepted,0.035
LD03783,L116,L232,"Charlotte, NC","San Antonio, TX",dry_van,auto parts,40073,False,2026-10-17T17:15,2026-10-17T19:15,2026-10-19T15:15,2026-10-19T23:15,1291.2,3095.53,standard,accepted,0.113
LD04687,L245,L109,"Nashville, TN","Dallas, TX",dry_van,beverages,38598,False,2026-10-17T17:15,2026-10-18T01:15,2026-10-18T18:15,2026-10-19T02:15,720.0,1781.34,standard,tendered,0.075
LD04809,L183,L322,"Louisville, KY","Kansas City, MO",dry_van,electronics,40525,False,2026-10-17T17:15,2026-10-17T19:15,2026-10-18T06:15,2026-10-18T10:15,587.2,1424.48,critical,tendered,0.1
LD00200,L112,L295,"Columbus, OH","New Orleans, LA",dry_van,retail,31213,False,2026-10-17T17:30,2026-10-17T21:30,2026-10-18T23:30,2026-10-19T03:30,933.0,2103.52,high,tendered,0.137
LD00897,L372,L257,"Dallas, TX","Columbus, OH",dry_van,auto parts,30810,False,2026-10-17T17:30,2026-10-17T23:30,2026-10-19T01:30,2026-10-19T13:30,1065.7,2323.34,standard,tendered,0.023
LD00980,L496,L486,"Jacksonville, FL","Louisville, KY",dry_van,paper products,38264,False,2026-10-17T17:30,2026-10-17T23:30,2026-10-18T17:30,2026-10-18T21:30,674.0,1918.22,standard,tendered,0.092
LD00002,L491,L144,"Minneapolis, MN","San Antonio, TX",dry_van,consumer goods,42179,False,2026-10-17T17:45,2026-10-17T19:45,2026-10-19T15:45,2026-10-19T19:45,1384.9,3587.89,high,accepted,0.037
LD00276,L358,L229,"Newark, NJ","Denver, CO",dry_van,beverages,39042,False,2026-10-17T17:45,2026-10-17T19:45,2026-10-20T13:45,2026-10-21T01:45,1921.2,4786.2,standard,accepted,0.033
LD00838,L245,L213,"Nashville, TN","Jacksonville, FL",dry_van,consumer goods,27067,False,2026-10-17T17:45,2026-10-17T23:45,2026-10-18T16:45,2026-10-18T20:45,626.7,1744.05,high,accepted,0.0
LD01014,L101,L056,"Birmingham, AL","Minneapolis, MN",dry_van,electronics,14031,False,2026-10-17T17:45,2026-10-17T21:45,2026-10-19T00:45,2026-10-19T08:45,1018.0,2540.63,standard,tendered,0.052
LD01177,L388,L431,"Louisville, KY","Laredo, TX",dry_van,beverages,37059,False,2026-10-17T17:45,2026-10-18T01:45,2026-10-19T14:45,2026-10-19T22:45,1310.1,3178.31,standard,accepted,0.033
LD01304,L259,L380,"Minneapolis, MN","Birmingham, AL",flatbed,steel,32529,False,2026-10-17T17:45,2026-10-17T19:45,2026-10-19T00:45,2026-10-19T08:45,1045.0,3084.33,standard,accepted,0.133
LD03560,L085,L388,"Minneapolis, MN","Louisville, KY",reefer,dairy,34937,False,2026-10-17T17:45,2026-10-17T19:45,2026-10-18T19:45,2026-10-19T19:45,739.3,2084.65,standard,tendered,0.101
LD00679,L281,L471,"Dallas, TX","Charlotte, NC",dry_van,electronics,28540,False,2026-10-17T18:00,2026-10-18T02:00,2026-10-19T02:00,2026-10-19T14:00,1122.9,2437.03,standard,tentative,0.093
LD03158,L208,L220,"Oklahoma City, OK","Chicago, IL",dry_van,electronics,10445,False,2026-10-17T18:00,2026-10-18T00:00,2026-10-18T21:00,2026-10-19T05:00,841.3,2121.34,standard,tendered,0.002
LD01437,L405,L412,"St. Louis, MO","Memphis, TN",dry_van,auto parts,32332,True,2026-10-17T18:15,2026-10-18T00:15,2026-10-18T01:15,2026-10-19T01:15,268.7,938.48,standard,accepted,0.05
LD01741,L073,L163,"Laredo, TX","San Antonio, TX",flatbed,steel,16671,False,2026-10-17T18:15,2026-10-18T02:15,2026-10-18T02:15,2026-10-19T02:15,211.0,827.26,standard,tendered,0.015
LD01909,L100,L486,"Charlotte, NC","Louisville, KY",reefer,meat,24105,False,2026-10-17T18:15,2026-10-17T20:15,2026-10-18T03:15,2026-10-18T11:15,387.8,1300.36,standard,tendered,0.069
LD02094,L245,L261,"Nashville, TN","Chicago, IL",dry_van,retail,36701,False,2026-10-17T18:15,2026-10-17T20:15,2026-10-18T04:15,2026-10-18T12:15,454.2,1312.98,standard,accepted,0.121
LD03244,L093,L192,"Houston, TX","Chicago, IL",dry_van,consumer goods,30054,False,2026-10-17T18:15,2026-10-17T20:15,2026-10-19T05:15,2026-10-19T13:15,1190.2,2817.24,standard,tendered,0.008
LD03337,L049,L295,"Memphis, TN","New Orleans, LA",dry_van,auto parts,39329,False,2026-10-17T18:15,2026-10-18T02:15,2026-10-18T04:15,2026-10-19T04:15,411.6,1228.43,standard,tendered,0.016
LD04222,L138,L174,"Little Rock, AR","Indianapolis, IN",dry_van,consumer goods,32099,False,2026-10-17T18:15,2026-10-18T02:15,2026-10-18T06:15,2026-10-18T18:15,573.5,1507.89,high,tendered,0.001
LD04287,L116,L266,"Charlotte, NC","Columbus, OH",reefer,dairy,23494,False,2026-10-17T18:15,2026-10-18T02:15,2026-10-18T04:15,2026-10-18T10:15,395.0,1236.95,standard,tendered,0.011
LD00933,L093,L403,"Houston, TX","Atlanta, GA",reefer,meat,36914,False,2026-10-17T18:30,2026-10-17T20:30,2026-10-18T23:30,2026-10-19T07:30,860.9,2406.69,high,accepted,0.097
LD02025,L361,L426,"Little Rock, AR","St. Louis, MO",dry_van,electronics,12817,False,2026-10-17T18:30,2026-10-17T20:30,2026-10-18T03:30,2026-10-18T11:30,366.6,1171.47,standard,tendered,0.093
LD02202,L358,L427,"Newark, NJ","Atlanta, GA",dry_van,electronics,19568,False,2026-10-17T18:30,2026-10-17T20:30,2026-10-18T23:30,2026-10-19T05:30,888.4,2024.14,standard,tendered,0.013
LD02340,L281,L319,"Dallas, TX","Chicago, IL",dry_van,paper products,35140,False,2026-10-17T18:30,2026-10-17T20:30,2026-10-18T23:30,2026-10-19T03:30,975.0,2679.95,standard,accepted,0.031
LD02694,L289,L151,"Harrisburg, PA","Minneapolis, MN",dry_van,beverages,30379,False,2026-10-17T18:30,2026-10-17T20:30,2026-10-19T04:30,2026-10-20T04:30,1090.9,2464.17,standard,tendered,0.104
LD03298,L097,L459,"Denver, CO","Houston, TX",flatbed,machinery,22735,False,2026-10-17T18:30,2026-10-17T20:30,2026-10-19T03:30,2026-10-19T11:30,1069.0,3231.43,standard,tendered,0.038
LD03581,L297,L125,"Jacksonville, FL","Dallas, TX",dry_van,electronics,30873,False,2026-10-17T18:30,2026-10-17T20:30,2026-10-19T02:30,2026-10-19T14:30,1092.0,2574.31,standard,accepted,0.012
LD03597,L358,L370,"Newark, NJ","Orlando, FL",dry_van,auto parts,28926,False,2026-10-17T18:30,2026-10-17T20:30,2026-10-19T03:30,2026-10-19T07:30,1128.4,2764.48,standard,accepted,0.006
LD00948,L342,L056,"Chicago, IL","Minneapolis, MN",reefer,produce,24628,False,2026-10-17T18:45,2026-10-17T20:45,2026-10-18T03:45,2026-10-18T11:45,428.6,1541.94,standard,accepted,0.009
LD01612,L352,L299,"Chicago, IL","Kansas City, MO",dry_van,retail,42413,False,2026-10-17T18:45,2026-10-17T20:45,2026-10-18T06:45,2026-10-18T12:45,495.3,1465.58,standard,accepted,0.02
LD02130,L175,L484,"Dallas, TX","Indianapolis, IN",flatbed,machinery,19500,False,2026-10-17T18:45,2026-10-18T00:45,2026-10-18T23:45,2026-10-19T05:45,918.9,2748.01,standard,tendered,0.015
LD03705,L321,L404,"Miami, FL","Kansas City, MO",flatbed,machinery,37039,False,2026-10-17T18:45,2026-10-18T00:45,2026-10-19T19:45,2026-10-20T19:45,1490.9,4902.41,standard,tentative,0.01
LD03995,L454,L180,"Houston, TX","New Orleans, LA",dry_van,beverages,22881,False,2026-10-17T18:45,2026-10-18T00:45,2026-10-18T03:45,2026-10-18T07:45,391.4,1164.62,standard,tendered,0.013
LD04332,L119,L269,"New Orleans, LA","Harrisburg, PA",dry_van,retail,29735,False,2026-10-17T18:45,2026-10-17T20:45,2026-10-19T16:45,2026-10-20T16:45,1253.5,3194.58,standard,accepted,0.056
LD01484,L302,L445,"Phoenix, AZ","Los Angeles, CA",reefer,frozen food,27198,False,2026-10-17T19:00,2026-10-18T01:00,2026-10-18T05:00,2026-10-18T09:00,418.6,1711.22,standard,accepted,0.006
LD02896,L372,L349,"Dallas, TX","Charlotte, NC",flatbed,building materials,39175,False,2026-10-17T19:00,2026-10-18T01:00,2026-10-19T03:00,2026-10-19T11:00,1096.2,3040.59,standard,tendered,0.063
LD04179,L453,L145,"Houston, TX","Newark, NJ",dry_van,consumer goods,33969,True,2026-10-17T19:00,2026-10-17T21:00,2026-10-19T23:00,2026-10-20T07:00,1695.8,3657.28,standard,tendered,0.132
LD00783,L344,L273,"Laredo, TX","Newark, NJ",reefer,meat,41414,False,2026-10-17T19:15,2026-10-17T23:15,2026-10-20T17:15,2026-10-20T23:15,2033.1,5122.99,standard,tendered,0.038
LD01814,L352,L099,"Chicago, IL","Dallas, TX",dry_van,electronics,26495,False,2026-10-17T19:15,2026-10-17T23:15,2026-10-19T01:15,2026-10-19T09:15,938.0,2241.76,standard,tendered,0.102
LD03383,L411,L160,"Austin, TX","San Antonio, TX",dry_van,beverages,39513,False,2026-10-17T19:15,2026-10-18T03:15,2026-10-17T23:15,2026-10-18T07:15,101.4,462.68,standard,accepted,0.049
LD03959,L062,L468,"Laredo, TX","Newark, NJ",flatbed,machinery,41459,False,2026-10-17T19:15,2026-10-18T03:15,2026-10-20T18:15,2026-10-21T06:15,2045.0,4869.0,standard,accepted,0.006
LD01239,L054,L151,"Austin, TX","Minneapolis, MN",flatbed,pipe,18636,False,2026-10-17T19:30,2026-10-17T21:30,2026-10-19T15:30,2026-10-20T03:30,1261.0,3323.99,high,accepted,0.223
LD01355,L227,L089,"Charlotte, NC","New Orleans, LA",dry_van,beverages,41541,False,2026-10-17T19:30,2026-10-17T21:30,2026-10-18T22:30,2026-10-19T06:30,771.9,1789.8,standard,accepted,0.045
LD02408,L450,L383,"Indianapolis, IN","Charlotte, NC",dry_van,beverages,21212,False,2026-10-17T19:30,2026-10-18T01:30,2026-10-18T07:30,2026-10-19T07:30,523.9,1437.14,standard,accepted,0.073
LD04827,L280,L440,"Kansas City, MO","Memphis, TN",flatbed,steel,16881,False,2026-10-17T19:30,2026-10-18T03:30,2026-10-18T07:30,2026-10-18T13:30,444.9,1350.69,standard,tendered,0.057
LD02313,L453,L156,"Houston, TX","Charlotte, NC",dry_van,electronics,26283,False,2026-10-17T19:45,2026-10-17T21:45,2026-10-19T02:45,2026-10-19T06:45,1091.4,2570.27,standard,tendered,0.029
LD01191,L352,L145,"Chicago, IL","Newark, NJ",dry_van,consumer goods,35828,False,2026-10-17T20:00,2026-10-17T22:00,2026-10-19T01:00,2026-10-19T07:00,872.0,2406.55,standard,tendered,0.046
LD02145,L452,L041,"Chicago, IL","Dallas, TX",dry_van,paper products,31674,False,2026-10-17T20:00,2026-10-17T22:00,2026-10-19T02:00,2026-10-19T14:00,1023.3,2437.3,critical,tendered,0.023
LD04723,L372,L354,"Dallas, TX","San Antonio, TX",dry_van,retail,33788,False,2026-10-17T20:00,2026-10-17T22:00,2026-10-18T04:00,2026-10-18T10:00,324.9,1120.53,high,tendered,0.144
LD01140,L134,L485,"Denver, CO","Nashville, TN",reefer,frozen food,34591,False,2026-10-17T20:15,2026-10-18T04:15,2026-10-19T18:15,2026-10-19T22:15,1251.6,3649.95,standard,tendered,0.024
LD04599,L062,L479,"Laredo, TX","San Antonio, TX",reefer,dairy,16757,False,2026-10-17T20:15,2026-10-18T02:15,2026-10-18T02:15,2026-10-18T06:15,165.0,685.15,standard,accepted,0.054
LD00587,L170,L420,"San Antonio, TX","Indianapolis, IN",dry_van,electronics,25587,False,2026-10-17T20:30,2026-10-17T22:30,2026-10-19T07:30,2026-10-19T15:30,1207.1,3047.89,high,accepted,0.028
LD00628,L483,L384,"St. Louis, MO","Minneapolis, MN",dry_van,consumer goods,21642,False,2026-10-17T20:30,2026-10-18T04:30,2026-10-18T07:30,2026-10-18T11:30,523.9,1510.84,standard,tendered,0.005
LD01864,L375,L468,"Columbus, OH","Newark, NJ",dry_van,beverages,21638,False,2026-10-17T20:30,2026-10-18T00:30,2026-10-18T08:30,2026-10-18T14:30,578.0,1537.4,standard,accepted,0.069
LD03199,L485,L183,"Nashville, TN","Louisville, KY",flatbed,pipe,31614,False,2026-10-17T20:30,2026-10-17T22:30,2026-10-18T03:30,2026-10-18T07:30,212.3,777.95,standard,tendered,0.047
LD01284,L377,L361,"Phoenix, AZ","Little Rock, AR",flatbed,lumber,44096,False,2026-10-17T20:45,2026-10-18T04:45,2026-10-19T21:45,2026-10-20T01:45,1359.6,3803.78,standard,accepted,0.071
